fecha,capa1,capa2,capa3,iep_total,pesos_version,capa1_adj,capa2_adj,capa3_adj,iep_ajustado
1998-12-11,,,,,incompleta-v4,,,,
1998-12-14,,,,,incompleta-v4,,,,
1998-12-15,,,,,incompleta-v4,,,,
1998-12-16,,,,,incompleta-v4,,,,
1998-12-17,,,,,incompleta-v4,,,,
1998-12-18,,,,,incompleta-v4,,,,
1998-12-21,,,,,incompleta-v4,,,,
1998-12-22,,,,,incompleta-v4,,,,
1998-12-23,,,,,incompleta-v4,,,,
1998-12-24,,,,,incompleta-v4,,,,
1998-12-25,,,,,incompleta-v4,,,,
1998-12-28,,,,,incompleta-v4,,,,
1998-12-29,,,,,incompleta-v4,,,,
1998-12-30,,,,,incompleta-v4,,,,
1998-12-31,,,,,incompleta-v4,,,,
1999-01-01,,,,,incompleta-v4,,,,
1999-01-04,,,,,incompleta-v4,,,,
1999-01-05,,,,,incompleta-v4,,,,
1999-01-06,,,,,incompleta-v4,,,,
1999-01-07,,,,,incompleta-v4,,,,
1999-01-08,,,,,incompleta-v4,,,,
1999-01-11,,,,,incompleta-v4,,,,
1999-01-12,,,,,incompleta-v4,,,,
1999-01-13,,,,,incompleta-v4,,,,
1999-01-14,,,,,incompleta-v4,,,,
1999-01-15,,,,,incompleta-v4,,,,
1999-01-18,,,,,incompleta-v4,,,,
1999-01-19,,,,,incompleta-v4,,,,
1999-01-20,,,,,incompleta-v4,,,,
1999-01-21,,,,,incompleta-v4,,,,
1999-01-22,,,,,incompleta-v4,,,,
1999-02-01,,,,,incompleta-v4,,,,
1999-02-02,,,,,incompleta-v4,,,,
1999-02-03,,,,,incompleta-v4,,,,
1999-02-04,,,,,incompleta-v4,,,,
1999-02-05,,,,,incompleta-v4,,,,
1999-02-08,,,,,incompleta-v4,,,,
1999-02-09,,,,,incompleta-v4,,,,
1999-02-10,,,,,incompleta-v4,,,,
1999-02-11,,,,,incompleta-v4,,,,
1999-02-12,,,,,incompleta-v4,,,,
1999-02-15,,,,,incompleta-v4,,,,
1999-02-16,,,,,incompleta-v4,,,,
1999-02-17,,,,,incompleta-v4,,,,
1999-02-18,,,,,incompleta-v4,,,,
1999-02-19,,,,,incompleta-v4,,,,
1999-02-22,,,,,incompleta-v4,,,,
1999-02-23,,,,,incompleta-v4,,,,
1999-02-24,,,,,incompleta-v4,,,,
1999-02-25,,,,,incompleta-v4,,,,
1999-02-26,,,,,incompleta-v4,,,,
1999-03-01,,,,,incompleta-v4,,,,
1999-03-02,,,,,incompleta-v4,,,,
1999-03-03,,,,,incompleta-v4,,,,
1999-03-04,,,,,incompleta-v4,,,,
1999-03-05,,,,,incompleta-v4,,,,
1999-03-08,,,,,incompleta-v4,,,,
1999-03-09,,,,,incompleta-v4,,,,
1999-03-10,,,,,incompleta-v4,,,,
1999-03-11,,,,,incompleta-v4,,,,
1999-03-12,,,,,incompleta-v4,,,,
1999-03-15,,,,,incompleta-v4,,,,
1999-03-16,,,,,incompleta-v4,,,,
1999-03-17,,,,,incompleta-v4,,,,
1999-03-18,,,,,incompleta-v4,,,,
1999-03-19,,,,,incompleta-v4,,,,
1999-03-22,,,,,incompleta-v4,,,,
1999-03-23,,,,,incompleta-v4,,,,
1999-03-24,,,,,incompleta-v4,,,,
1999-03-25,,,,,incompleta-v4,,,,
1999-03-26,,,,,incompleta-v4,,,,
1999-03-29,,,,,incompleta-v4,,,,
1999-03-30,,,,,incompleta-v4,,,,
1999-03-31,,,,,incompleta-v4,,,,
1999-04-01,,,,,incompleta-v4,,,,
1999-04-02,,,,,incompleta-v4,,,,
1999-04-05,,,,,incompleta-v4,,,,
1999-04-06,,,,,incompleta-v4,,,,
1999-04-07,,,,,incompleta-v4,,,,
1999-04-08,,,,,incompleta-v4,,,,
1999-04-09,,,,,incompleta-v4,,,,
1999-04-12,,,,,incompleta-v4,,,,
1999-04-13,,,,,incompleta-v4,,,,
1999-04-14,,,,,incompleta-v4,,,,
1999-04-15,,,,,incompleta-v4,,,,
1999-04-16,,,,,incompleta-v4,,,,
1999-04-19,,,,,incompleta-v4,,,,
1999-04-20,,,,,incompleta-v4,,,,
1999-04-21,,,,,incompleta-v4,,,,
1999-04-22,,,,,incompleta-v4,,,,
1999-04-23,,,,,incompleta-v4,,,,
1999-04-26,,,,,incompleta-v4,,,,
1999-04-27,,,,,incompleta-v4,,,,
1999-04-28,,,,,incompleta-v4,,,,
1999-04-29,,,,,incompleta-v4,,,,
1999-04-30,,,,,incompleta-v4,,,,
1999-05-03,,,,,incompleta-v4,,,,
1999-05-04,,,,,incompleta-v4,,,,
1999-05-05,,,,,incompleta-v4,,,,
1999-05-06,,,,,incompleta-v4,,,,
1999-05-07,,,,,incompleta-v4,,,,
1999-05-10,,,,,incompleta-v4,,,,
1999-05-11,,,,,incompleta-v4,,,,
1999-05-12,,,,,incompleta-v4,,,,
1999-05-13,,,,,incompleta-v4,,,,
1999-05-14,,,,,incompleta-v4,,,,
1999-05-17,,,,,incompleta-v4,,,,
1999-05-18,,,,,incompleta-v4,,,,
1999-05-19,,,,,incompleta-v4,,,,
1999-05-20,,,,,incompleta-v4,,,,
1999-05-21,,,,,incompleta-v4,,,,
1999-05-24,,,,,incompleta-v4,,,,
1999-05-25,,,,,incompleta-v4,,,,
1999-05-26,,,,,incompleta-v4,,,,
1999-05-27,,,,,incompleta-v4,,,,
1999-05-28,,,,,incompleta-v4,,,,
1999-06-01,,,,,incompleta-v4,,,,
1999-06-02,,,,,incompleta-v4,,,,
1999-06-03,,,,,incompleta-v4,,,,
1999-06-04,,,,,incompleta-v4,,,,
1999-06-07,,,,,incompleta-v4,,,,
1999-06-08,,,,,incompleta-v4,,,,
1999-06-09,,,,,incompleta-v4,,,,
1999-06-10,,,,,incompleta-v4,,,,
1999-06-11,,,,,incompleta-v4,,,,
1999-06-14,,,,,incompleta-v4,,,,
1999-06-15,,,,,incompleta-v4,,,,
1999-06-16,,,,,incompleta-v4,,,,
1999-06-17,,,,,incompleta-v4,,,,
1999-06-18,,,,,incompleta-v4,,,,
1999-06-21,,,,,incompleta-v4,,,,
1999-06-22,,,,,incompleta-v4,,,,
1999-06-23,,,,,incompleta-v4,,,,
1999-06-24,,,,,incompleta-v4,,,,
1999-06-25,,,,,incompleta-v4,,,,
1999-06-28,,,,,incompleta-v4,,,,
1999-06-29,,,,,incompleta-v4,,,,
1999-06-30,,,,,incompleta-v4,,,,
1999-07-01,,,,,incompleta-v4,,,,
1999-07-02,,,,,incompleta-v4,,,,
1999-07-05,,,,,incompleta-v4,,,,
1999-07-06,,,,,incompleta-v4,,,,
1999-07-07,,,,,incompleta-v4,,,,
1999-07-08,,,,,incompleta-v4,,,,
1999-07-09,,,,,incompleta-v4,,,,
1999-07-12,,,,,incompleta-v4,,,,
1999-07-13,,,,,incompleta-v4,,,,
1999-07-14,,,,,incompleta-v4,,,,
1999-07-15,,,,,incompleta-v4,,,,
1999-07-16,,,,,incompleta-v4,,,,
1999-07-19,,,,,incompleta-v4,,,,
1999-07-20,,,,,incompleta-v4,,,,
1999-07-21,,,,,incompleta-v4,,,,
1999-07-22,,,,,incompleta-v4,,,,
1999-07-23,,,,,incompleta-v4,,,,
1999-07-26,,,,,incompleta-v4,,,,
1999-07-27,,,,,incompleta-v4,,,,
1999-07-28,,,,,incompleta-v4,,,,
1999-07-29,,,,,incompleta-v4,,,,
1999-07-30,,,,,incompleta-v4,,,,
1999-08-02,,,,,incompleta-v4,,,,
1999-08-03,,,,,incompleta-v4,,,,
1999-08-04,,,,,incompleta-v4,,,,
1999-08-05,,,,,incompleta-v4,,,,
1999-08-06,,,,,incompleta-v4,,,,
1999-08-09,,,,,incompleta-v4,,,,
1999-08-10,,,,,incompleta-v4,,,,
1999-08-11,,,,,incompleta-v4,,,,
1999-08-12,,,,,incompleta-v4,,,,
1999-08-13,,,,,incompleta-v4,,,,
1999-08-16,,,,,incompleta-v4,,,,
1999-08-17,,,,,incompleta-v4,,,,
1999-08-18,,,,,incompleta-v4,,,,
1999-08-19,,,,,incompleta-v4,,,,
1999-08-20,,,,,incompleta-v4,,,,
1999-08-23,,,,,incompleta-v4,,,,
1999-08-24,,,,,incompleta-v4,,,,
1999-08-25,,,,,incompleta-v4,,,,
1999-08-26,,,,,incompleta-v4,,,,
1999-08-27,,,,,incompleta-v4,,,,
1999-08-30,,,,,incompleta-v4,,,,
1999-08-31,,,,,incompleta-v4,,,,
1999-09-01,,,,,incompleta-v4,,,,
1999-09-02,,,,,incompleta-v4,,,,
1999-09-03,,,,,incompleta-v4,,,,
1999-09-06,,,,,incompleta-v4,,,,
1999-09-07,,,,,incompleta-v4,,,,
1999-09-08,,,,,incompleta-v4,,,,
1999-09-09,,,,,incompleta-v4,,,,
1999-09-10,,,,,incompleta-v4,,,,
1999-09-13,,,,,incompleta-v4,,,,
1999-09-14,,,,,incompleta-v4,,,,
1999-09-15,,,,,incompleta-v4,,,,
1999-09-16,,,,,incompleta-v4,,,,
1999-09-17,,,,,incompleta-v4,,,,
1999-09-20,,,,,incompleta-v4,,,,
1999-09-21,,,,,incompleta-v4,,,,
1999-09-22,,,,,incompleta-v4,,,,
1999-09-23,,,,,incompleta-v4,,,,
1999-09-24,,,,,incompleta-v4,,,,
1999-09-27,,,,,incompleta-v4,,,,
1999-09-28,,,,,incompleta-v4,,,,
1999-09-29,,,,,incompleta-v4,,,,
1999-09-30,,,,,incompleta-v4,,,,
1999-10-01,,,,,incompleta-v4,,,,
1999-10-04,,,,,incompleta-v4,,,,
1999-10-05,,,,,incompleta-v4,,,,
1999-10-06,,,,,incompleta-v4,,,,
1999-10-07,,,,,incompleta-v4,,,,
1999-10-08,,,,,incompleta-v4,,,,
1999-10-11,,,,,incompleta-v4,,,,
1999-10-12,,,,,incompleta-v4,,,,
1999-10-13,,,,,incompleta-v4,,,,
1999-10-14,,,,,incompleta-v4,,,,
1999-10-15,,,,,incompleta-v4,,,,
1999-10-18,,,,,incompleta-v4,,,,
1999-10-19,,,,,incompleta-v4,,,,
1999-10-20,,,,,incompleta-v4,,,,
1999-10-21,,,,,incompleta-v4,,,,
1999-10-22,,,,,incompleta-v4,,,,
1999-10-25,,,,,incompleta-v4,,,,
1999-10-26,,,,,incompleta-v4,,,,
1999-10-27,,,,,incompleta-v4,,,,
1999-10-28,,,,,incompleta-v4,,,,
1999-10-29,,,,,incompleta-v4,,,,
1999-11-01,,,,,incompleta-v4,,,,
1999-11-02,,,,,incompleta-v4,,,,
1999-11-03,,,,,incompleta-v4,,,,
1999-11-04,,,,,incompleta-v4,,,,
1999-11-05,,,,,incompleta-v4,,,,
1999-11-08,,,,,incompleta-v4,,,,
1999-11-09,,,,,incompleta-v4,,,,
1999-11-10,,,,,incompleta-v4,,,,
1999-11-11,,,,,incompleta-v4,,,,
1999-11-12,,,,,incompleta-v4,,,,
1999-11-15,,,,,incompleta-v4,,,,
1999-11-16,,,,,incompleta-v4,,,,
1999-11-17,,,,,incompleta-v4,,,,
1999-11-18,,,,,incompleta-v4,,,,
1999-11-19,,,,,incompleta-v4,,,,
1999-11-22,,,,,incompleta-v4,,,,
1999-11-23,,,,,incompleta-v4,,,,
1999-11-24,,,,,incompleta-v4,,,,
1999-11-25,,,,,incompleta-v4,,,,
1999-11-26,,,,,incompleta-v4,,,,
1999-11-29,,,,,incompleta-v4,,,,
1999-11-30,,,,,incompleta-v4,,,,
1999-12-01,,,,,incompleta-v4,,,,
1999-12-02,,,,,incompleta-v4,,,,
1999-12-03,,,,,incompleta-v4,,,,
1999-12-06,,,,,incompleta-v4,,,,
1999-12-07,,,,,incompleta-v4,,,,
1999-12-08,,,,,incompleta-v4,,,,
1999-12-09,,,,,incompleta-v4,,,,
1999-12-10,,,,,incompleta-v4,,,,
1999-12-13,,,,,incompleta-v4,,,,
1999-12-14,,,,,incompleta-v4,,,,
1999-12-15,,,,,incompleta-v4,,,,
1999-12-16,,,,,incompleta-v4,,,,
1999-12-17,,,,,incompleta-v4,,,,
1999-12-20,,,,,incompleta-v4,,,,
1999-12-21,,,,,incompleta-v4,,,,
1999-12-22,,,,,incompleta-v4,,,,
1999-12-23,,,,,incompleta-v4,,,,
1999-12-24,,,,,incompleta-v4,,,,
1999-12-27,,,,,incompleta-v4,,,,
1999-12-28,,,,,incompleta-v4,,,,
1999-12-29,,,,,incompleta-v4,,,,
1999-12-30,,,,,incompleta-v4,,,,
1999-12-31,,,,,incompleta-v4,,,,
2000-01-03,,,,,incompleta-v4,,,,
2000-01-04,,,,,incompleta-v4,,,,
2000-01-05,,,,,incompleta-v4,,,,
2000-01-06,,,,,incompleta-v4,,,,
2000-01-07,,,,,incompleta-v4,,,,
2000-01-10,,,,,incompleta-v4,,,,
2000-01-11,,,,,incompleta-v4,,,,
2000-01-12,,,,,incompleta-v4,,,,
2000-01-13,,,,,incompleta-v4,,,,
2000-01-14,,,,,incompleta-v4,,,,
2000-01-18,,,,,incompleta-v4,,,,
2000-01-19,,,,,incompleta-v4,,,,
2000-01-20,,,,,incompleta-v4,,,,
2000-01-21,,,,,incompleta-v4,,,,
2000-01-24,,,,,incompleta-v4,,,,
2000-01-25,,,,,incompleta-v4,,,,
2000-01-26,,,,,incompleta-v4,,,,
2000-01-27,,,,,incompleta-v4,,,,
2000-01-28,,,,,incompleta-v4,,,,
2000-01-31,,,,,incompleta-v4,,,,
2000-02-01,,,,,incompleta-v4,,,,
2000-02-02,,,,,incompleta-v4,,,,
2000-02-03,,,,,incompleta-v4,,,,
2000-02-04,,,,,incompleta-v4,,,,
2000-02-07,,,,,incompleta-v4,,,,
2000-02-08,,,,,incompleta-v4,,,,
2000-02-09,,,,,incompleta-v4,,,,
2000-02-10,,,,,incompleta-v4,,,,
2000-02-11,,,,,incompleta-v4,,,,
2000-02-14,,,,,incompleta-v4,,,,
2000-02-15,,,,,incompleta-v4,,,,
2000-02-16,,,,,incompleta-v4,,,,
2000-02-17,,,,,incompleta-v4,,,,
2000-02-18,,,,,incompleta-v4,,,,
2000-02-22,,,,,incompleta-v4,,,,
2000-02-23,,,,,incompleta-v4,,,,
2000-02-24,,,,,incompleta-v4,,,,
2000-02-25,,,,,incompleta-v4,,,,
2000-02-28,,,,,incompleta-v4,,,,
2000-02-29,,,,,incompleta-v4,,,,
2000-03-01,,,,,incompleta-v4,,,,
2000-03-02,,,,,incompleta-v4,,,,
2000-03-03,,,,,incompleta-v4,,,,
2000-03-06,,,,,incompleta-v4,,,,
2000-03-07,,,,,incompleta-v4,,,,
2000-03-08,,,,,incompleta-v4,,,,
2000-03-09,,,,,incompleta-v4,,,,
2000-03-10,,,,,incompleta-v4,,,,
2000-03-13,,,,,incompleta-v4,,,,
2000-03-14,,,,,incompleta-v4,,,,
2000-03-15,,,,,incompleta-v4,,,,
2000-03-16,,,,,incompleta-v4,,,,
2000-03-17,,,,,incompleta-v4,,,,
2000-03-20,,,,,incompleta-v4,,,,
2000-03-21,,,,,incompleta-v4,,,,
2000-03-22,,,,,incompleta-v4,,,,
2000-03-23,,,,,incompleta-v4,,,,
2000-03-24,,,,,incompleta-v4,,,,
2000-03-27,,,,,incompleta-v4,,,,
2000-03-28,,,,,incompleta-v4,,,,
2000-03-29,,,,,incompleta-v4,,,,
2000-03-30,,,,,incompleta-v4,,,,
2000-03-31,,,,,incompleta-v4,,,,
2000-04-03,,,,,incompleta-v4,,,,
2000-04-04,,,,,incompleta-v4,,,,
2000-04-05,,,,,incompleta-v4,,,,
2000-04-06,,,,,incompleta-v4,,,,
2000-04-07,,,,,incompleta-v4,,,,
2000-04-10,,,,,incompleta-v4,,,,
2000-04-11,,,,,incompleta-v4,,,,
2000-04-12,,,,,incompleta-v4,,,,
2000-04-13,,,,,incompleta-v4,,,,
2000-04-14,,,,,incompleta-v4,,,,
2000-04-17,,,,,incompleta-v4,,,,
2000-04-18,,,,,incompleta-v4,,,,
2000-04-19,,,,,incompleta-v4,,,,
2000-04-20,,,,,incompleta-v4,,,,
2000-04-21,,,,,incompleta-v4,,,,
2000-04-25,,,,,incompleta-v4,,,,
2000-04-26,,,,,incompleta-v4,,,,
2000-04-27,,,,,incompleta-v4,,,,
2000-04-28,,,,,incompleta-v4,,,,
2000-05-01,,,,,incompleta-v4,,,,
2000-05-02,,,,,incompleta-v4,,,,
2000-05-03,,,,,incompleta-v4,,,,
2000-05-04,,,,,incompleta-v4,,,,
2000-05-05,,,,,incompleta-v4,,,,
2000-05-08,,,,,incompleta-v4,,,,
2000-05-09,,,,,incompleta-v4,,,,
2000-05-10,,,,,incompleta-v4,,,,
2000-05-11,,,,,incompleta-v4,,,,
2000-05-12,,,,,incompleta-v4,,,,
2000-05-15,,,,,incompleta-v4,,,,
2000-05-16,,,,,incompleta-v4,,,,
2000-05-17,,,,,incompleta-v4,,,,
2000-05-18,,,,,incompleta-v4,,,,
2000-05-19,,,,,incompleta-v4,,,,
2000-05-22,,,,,incompleta-v4,,,,
2000-05-23,,,,,incompleta-v4,,,,
2000-05-24,,,,,incompleta-v4,,,,
2000-05-25,,,,,incompleta-v4,,,,
2000-05-26,,,,,incompleta-v4,,,,
2000-05-29,,,,,incompleta-v4,,,,
2000-05-30,,,,,incompleta-v4,,,,
2000-05-31,,,,,incompleta-v4,,,,
2000-06-01,,,,,incompleta-v4,,,,
2000-06-02,,,,,incompleta-v4,,,,
2000-06-05,,,,,incompleta-v4,,,,
2000-06-06,,,,,incompleta-v4,,,,
2000-06-07,,,,,incompleta-v4,,,,
2000-06-08,,,,,incompleta-v4,,,,
2000-06-09,,,,,incompleta-v4,,,,
2000-06-12,,,,,incompleta-v4,,,,
2000-06-13,,,,,incompleta-v4,,,,
2000-06-14,,,,,incompleta-v4,,,,
2000-06-15,,,,,incompleta-v4,,,,
2000-06-16,,,,,incompleta-v4,,,,
2000-06-19,,,,,incompleta-v4,,,,
2000-06-20,,,,,incompleta-v4,,,,
2000-06-21,,,,,incompleta-v4,,,,
2000-06-22,,,,,incompleta-v4,,,,
2000-06-23,,,,,incompleta-v4,,,,
2000-06-26,,,,,incompleta-v4,,,,
2000-06-27,,,,,incompleta-v4,,,,
2000-06-28,,,,,incompleta-v4,,,,
2000-06-29,,,,,incompleta-v4,,,,
2000-06-30,,,,,incompleta-v4,,,,
2000-07-03,,,,,incompleta-v4,,,,
2000-07-04,,,,,incompleta-v4,,,,
2000-07-05,,,,,incompleta-v4,,,,
2000-07-06,,,,,incompleta-v4,,,,
2000-07-07,,,,,incompleta-v4,,,,
2000-07-10,,,,,incompleta-v4,,,,
2000-07-11,,,,,incompleta-v4,,,,
2000-07-12,,,,,incompleta-v4,,,,
2000-07-13,,,,,incompleta-v4,,,,
2000-07-14,,,,,incompleta-v4,,,,
2000-07-17,,,,,incompleta-v4,,,,
2000-07-18,,,,,incompleta-v4,,,,
2000-07-19,,,,,incompleta-v4,,,,
2000-07-20,,,,,incompleta-v4,,,,
2000-07-21,,,,,incompleta-v4,,,,
2000-07-24,,,,,incompleta-v4,,,,
2000-07-25,,,,,incompleta-v4,,,,
2000-07-26,,,,,incompleta-v4,,,,
2000-07-27,,,,,incompleta-v4,,,,
2000-07-28,,,,,incompleta-v4,,,,
2000-07-31,,,,,incompleta-v4,,,,
2000-08-01,,,,,incompleta-v4,,,,
2000-08-02,,,,,incompleta-v4,,,,
2000-08-03,,,,,incompleta-v4,,,,
2000-08-04,,,,,incompleta-v4,,,,
2000-08-07,,,,,incompleta-v4,,,,
2000-08-08,,,,,incompleta-v4,,,,
2000-08-09,,,,,incompleta-v4,,,,
2000-08-10,,,,,incompleta-v4,,,,
2000-08-11,,,,,incompleta-v4,,,,
2000-08-14,,,,,incompleta-v4,,,,
2000-08-15,,,,,incompleta-v4,,,,
2000-08-16,,,,,incompleta-v4,,,,
2000-08-17,,,,,incompleta-v4,,,,
2000-08-18,,,,,incompleta-v4,,,,
2000-08-21,,,,,incompleta-v4,,,,
2000-08-22,,,,,incompleta-v4,,,,
2000-08-23,,,,,incompleta-v4,,,,
2000-08-24,,,,,incompleta-v4,,,,
2000-08-25,,,,,incompleta-v4,,,,
2000-08-28,,,,,incompleta-v4,,,,
2000-08-29,,,,,incompleta-v4,,,,
2000-08-30,,,,,incompleta-v4,,,,
2000-08-31,,,,,incompleta-v4,,,,
2000-09-01,,,,,incompleta-v4,,,,
2000-09-05,,,,,incompleta-v4,,,,
2000-09-06,,,,,incompleta-v4,,,,
2000-09-07,,,,,incompleta-v4,,,,
2000-09-08,,,,,incompleta-v4,,,,
2000-09-11,,,,,incompleta-v4,,,,
2000-09-12,,,,,incompleta-v4,,,,
2000-09-13,,,,,incompleta-v4,,,,
2000-09-14,,,,,incompleta-v4,,,,
2000-09-15,,,,,incompleta-v4,,,,
2000-09-18,,,,,incompleta-v4,,,,
2000-09-19,,,,,incompleta-v4,,,,
2000-09-20,,,,,incompleta-v4,,,,
2000-09-21,,,,,incompleta-v4,,,,
2000-09-22,,,,,incompleta-v4,,,,
2000-09-25,,,,,incompleta-v4,,,,
2000-09-26,,,,,incompleta-v4,,,,
2000-09-27,,,,,incompleta-v4,,,,
2000-09-28,,,,,incompleta-v4,,,,
2000-09-29,,,,,incompleta-v4,,,,
2000-10-02,,,,,incompleta-v4,,,,
2000-10-03,,,,,incompleta-v4,,,,
2000-10-04,,,,,incompleta-v4,,,,
2000-10-05,,,,,incompleta-v4,,,,
2000-10-06,,,,,incompleta-v4,,,,
2000-10-09,,,,,incompleta-v4,,,,
2000-10-10,,,,,incompleta-v4,,,,
2000-10-11,,,,,incompleta-v4,,,,
2000-10-12,,,,,incompleta-v4,,,,
2000-10-13,,,,,incompleta-v4,,,,
2000-10-16,,,,,incompleta-v4,,,,
2000-10-17,,,,,incompleta-v4,,,,
2000-10-18,,,,,incompleta-v4,,,,
2000-10-19,,,,,incompleta-v4,,,,
2000-10-20,,,,,incompleta-v4,,,,
2000-10-23,,,,,incompleta-v4,,,,
2000-10-24,,,,,incompleta-v4,,,,
2000-10-25,,,,,incompleta-v4,,,,
2000-10-26,,,,,incompleta-v4,,,,
2000-10-27,,,,,incompleta-v4,,,,
2000-10-30,,,,,incompleta-v4,,,,
2000-10-31,,,,,incompleta-v4,,,,
2000-11-01,,,,,incompleta-v4,,,,
2000-11-02,,,,,incompleta-v4,,,,
2000-11-03,,,,,incompleta-v4,,,,
2000-11-06,,,,,incompleta-v4,,,,
2000-11-07,,,,,incompleta-v4,,,,
2000-11-08,,,,,incompleta-v4,,,,
2000-11-09,,,,,incompleta-v4,,,,
2000-11-10,,,,,incompleta-v4,,,,
2000-11-13,,,,,incompleta-v4,,,,
2000-11-14,,,,,incompleta-v4,,,,
2000-11-15,,,,,incompleta-v4,,,,
2000-11-16,,,,,incompleta-v4,,,,
2000-11-17,,,,,incompleta-v4,,,,
2000-11-20,,,,,incompleta-v4,,,,
2000-11-21,,,,,incompleta-v4,,,,
2000-11-22,,,,,incompleta-v4,,,,
2000-11-23,,,,,incompleta-v4,,,,
2000-11-24,,,,,incompleta-v4,,,,
2000-11-27,,,,,incompleta-v4,,,,
2000-11-28,,,,,incompleta-v4,,,,
2000-11-29,,,,,incompleta-v4,,,,
2000-11-30,,,,,incompleta-v4,,,,
2000-12-01,,,,,incompleta-v4,,,,
2000-12-04,,,,,incompleta-v4,,,,
2000-12-05,,,,,incompleta-v4,,,,
2000-12-06,,,,,incompleta-v4,,,,
2000-12-07,,,,,incompleta-v4,,,,
2000-12-08,,,,,incompleta-v4,,,,
2000-12-11,,,,,incompleta-v4,,,,
2000-12-12,,,,,incompleta-v4,,,,
2000-12-13,,,,,incompleta-v4,,,,
2000-12-14,,,,,incompleta-v4,,,,
2000-12-15,,,,,incompleta-v4,,,,
2000-12-18,,,,,incompleta-v4,,,,
2000-12-19,,,,,incompleta-v4,,,,
2000-12-20,,,,,incompleta-v4,,,,
2000-12-21,,,,,incompleta-v4,,,,
2000-12-22,,,,,incompleta-v4,,,,
2000-12-26,,,,,incompleta-v4,,,,
2000-12-27,,,,,incompleta-v4,,,,
2000-12-28,,,,,incompleta-v4,,,,
2000-12-29,,,,,incompleta-v4,,,,
2001-01-02,,,,,incompleta-v4,,,,
2001-01-03,,,,,incompleta-v4,,,,
2001-01-04,,,,,incompleta-v4,,,,
2001-01-05,,,,,incompleta-v4,,,,
2001-01-08,,,,,incompleta-v4,,,,
2001-01-09,,,,,incompleta-v4,,,,
2001-01-10,,,,,incompleta-v4,,,,
2001-01-11,,,,,incompleta-v4,,,,
2001-01-12,,,,,incompleta-v4,,,,
2001-01-15,,,,,incompleta-v4,,,,
2001-01-16,,,,,incompleta-v4,,,,
2001-01-17,,,,,incompleta-v4,,,,
2001-01-18,,,,,incompleta-v4,,,,
2001-01-19,,,,,incompleta-v4,,,,
2001-01-22,,,,,incompleta-v4,,,,
2001-01-23,,,,,incompleta-v4,,,,
2001-01-24,,,,,incompleta-v4,,,,
2001-01-25,,,,,incompleta-v4,,,,
2001-01-26,,,,,incompleta-v4,,,,
2001-01-29,,,,,incompleta-v4,,,,
2001-01-30,,,,,incompleta-v4,,,,
2001-01-31,,,,,incompleta-v4,,,,
2001-02-01,,,,,incompleta-v4,,,,
2001-02-02,,,,,incompleta-v4,,,,
2001-02-05,,,,,incompleta-v4,,,,
2001-02-06,,,,,incompleta-v4,,,,
2001-02-07,,,,,incompleta-v4,,,,
2001-02-08,,,,,incompleta-v4,,,,
2001-02-09,,,,,incompleta-v4,,,,
2001-02-12,,,,,incompleta-v4,,,,
2001-02-13,,,,,incompleta-v4,,,,
2001-02-14,,,,,incompleta-v4,,,,
2001-02-15,,,,,incompleta-v4,,,,
2001-02-16,,,,,incompleta-v4,,,,
2001-02-19,,,,,incompleta-v4,,,,
2001-02-20,,,,,incompleta-v4,,,,
2001-02-21,,,,,incompleta-v4,,,,
2001-02-22,,,,,incompleta-v4,,,,
2001-02-23,,,,,incompleta-v4,,,,
2001-02-26,,,,,incompleta-v4,,,,
2001-02-27,,,,,incompleta-v4,,,,
2001-02-28,,,,,incompleta-v4,,,,
2001-03-01,,,,,incompleta-v4,,,,
2001-03-02,,,,,incompleta-v4,,,,
2001-03-05,,,,,incompleta-v4,,,,
2001-03-06,,,,,incompleta-v4,,,,
2001-03-07,,,,,incompleta-v4,,,,
2001-03-08,,,,,incompleta-v4,,,,
2001-03-09,,,,,incompleta-v4,,,,
2001-03-12,,,,,incompleta-v4,,,,
2001-03-13,,,,,incompleta-v4,,,,
2001-03-14,,,,,incompleta-v4,,,,
2001-03-15,,,,,incompleta-v4,,,,
2001-03-16,,,,,incompleta-v4,,,,
2001-03-19,,,,,incompleta-v4,,,,
2001-03-20,,,,,incompleta-v4,,,,
2001-03-21,,,,,incompleta-v4,,,,
2001-03-22,,,,,incompleta-v4,,,,
2001-03-23,,,,,incompleta-v4,,,,
2001-03-26,,,,,incompleta-v4,,,,
2001-03-27,,,,,incompleta-v4,,,,
2001-03-28,,,,,incompleta-v4,,,,
2001-03-29,,,,,incompleta-v4,,,,
2001-03-30,,,,,incompleta-v4,,,,
2001-04-02,,,,,incompleta-v4,,,,
2001-04-03,,,,,incompleta-v4,,,,
2001-04-04,,,,,incompleta-v4,,,,
2001-04-05,,,,,incompleta-v4,,,,
2001-04-06,,,,,incompleta-v4,,,,
2001-04-09,,,,,incompleta-v4,,,,
2001-04-10,,,,,incompleta-v4,,,,
2001-04-11,,,,,incompleta-v4,,,,
2001-04-12,,,,,incompleta-v4,,,,
2001-04-16,,,,,incompleta-v4,,,,
2001-04-17,,,,,incompleta-v4,,,,
2001-04-18,,,,,incompleta-v4,,,,
2001-04-19,,,,,incompleta-v4,,,,
2001-04-20,,,,,incompleta-v4,,,,
2001-04-23,,,,,incompleta-v4,,,,
2001-04-24,,,,,incompleta-v4,,,,
2001-04-25,,,,,incompleta-v4,,,,
2001-04-26,,,,,incompleta-v4,,,,
2001-04-27,,,,,incompleta-v4,,,,
2001-04-30,,,,,incompleta-v4,,,,
2001-05-01,,,,,incompleta-v4,,,,
2001-05-02,,,,,incompleta-v4,,,,
2001-05-03,,,,,incompleta-v4,,,,
2001-05-04,,,,,incompleta-v4,,,,
2001-05-07,,,,,incompleta-v4,,,,
2001-05-08,,,,,incompleta-v4,,,,
2001-05-09,,,,,incompleta-v4,,,,
2001-05-10,,,,,incompleta-v4,,,,
2001-05-11,,,,,incompleta-v4,,,,
2001-05-14,,,,,incompleta-v4,,,,
2001-05-15,,,,,incompleta-v4,,,,
2001-05-16,,,,,incompleta-v4,,,,
2001-05-17,,,,,incompleta-v4,,,,
2001-05-18,,,,,incompleta-v4,,,,
2001-05-21,,,,,incompleta-v4,,,,
2001-05-22,,,,,incompleta-v4,,,,
2001-05-23,,,,,incompleta-v4,,,,
2001-05-24,,,,,incompleta-v4,,,,
2001-05-25,,,,,incompleta-v4,,,,
2001-05-28,,,,,incompleta-v4,,,,
2001-05-29,,,,,incompleta-v4,,,,
2001-05-30,,,,,incompleta-v4,,,,
2001-05-31,,,,,incompleta-v4,,,,
2001-06-01,,,,,incompleta-v4,,,,
2001-06-04,,,,,incompleta-v4,,,,
2001-06-05,,,,,incompleta-v4,,,,
2001-06-06,,,,,incompleta-v4,,,,
2001-06-07,,,,,incompleta-v4,,,,
2001-06-08,,,,,incompleta-v4,,,,
2001-06-11,,,,,incompleta-v4,,,,
2001-06-12,,,,,incompleta-v4,,,,
2001-06-13,,,,,incompleta-v4,,,,
2001-06-14,,,,,incompleta-v4,,,,
2001-06-15,,,,,incompleta-v4,,,,
2001-06-18,,,,,incompleta-v4,,,,
2001-06-19,,,,,incompleta-v4,,,,
2001-06-20,,,,,incompleta-v4,,,,
2001-06-21,,,,,incompleta-v4,,,,
2001-06-22,,,,,incompleta-v4,,,,
2001-06-25,,,,,incompleta-v4,,,,
2001-06-26,,,,,incompleta-v4,,,,
2001-06-27,,,,,incompleta-v4,,,,
2001-06-28,,,,,incompleta-v4,,,,
2001-06-29,,,,,incompleta-v4,,,,
2001-07-02,,,,,incompleta-v4,,,,
2001-07-03,,,,,incompleta-v4,,,,
2001-07-04,,,,,incompleta-v4,,,,
2001-07-05,,,,,incompleta-v4,,,,
2001-07-06,,,,,incompleta-v4,,,,
2001-07-09,,,,,incompleta-v4,,,,
2001-07-10,,,,,incompleta-v4,,,,
2001-07-11,,,,,incompleta-v4,,,,
2001-07-12,,,,,incompleta-v4,,,,
2001-07-13,,,,,incompleta-v4,,,,
2001-07-16,,,,,incompleta-v4,,,,
2001-07-17,,,,,incompleta-v4,,,,
2001-07-18,,,,,incompleta-v4,,,,
2001-07-19,,,,,incompleta-v4,,,,
2001-07-20,,,,,incompleta-v4,,,,
2001-07-23,,,,,incompleta-v4,,,,
2001-07-24,,,,,incompleta-v4,,,,
2001-07-25,,,,,incompleta-v4,,,,
2001-07-26,,,,,incompleta-v4,,,,
2001-07-27,,,,,incompleta-v4,,,,
2001-07-30,,,,,incompleta-v4,,,,
2001-07-31,,,,,incompleta-v4,,,,
2001-08-01,,,,,incompleta-v4,,,,
2001-08-02,,,,,incompleta-v4,,,,
2001-08-03,,,,,incompleta-v4,,,,
2001-08-06,,,,,incompleta-v4,,,,
2001-08-07,,,,,incompleta-v4,,,,
2001-08-08,,,,,incompleta-v4,,,,
2001-08-09,,,,,incompleta-v4,,,,
2001-08-10,,,,,incompleta-v4,,,,
2001-08-13,,,,,incompleta-v4,,,,
2001-08-14,,,,,incompleta-v4,,,,
2001-08-15,,,,,incompleta-v4,,,,
2001-08-16,,,,,incompleta-v4,,,,
2001-08-17,,,,,incompleta-v4,,,,
2001-08-20,,,,,incompleta-v4,,,,
2001-08-21,,,,,incompleta-v4,,,,
2001-08-22,,,,,incompleta-v4,,,,
2001-08-23,,,,,incompleta-v4,,,,
2001-08-24,,,,,incompleta-v4,,,,
2001-08-27,,,,,incompleta-v4,,,,
2001-08-28,,,,,incompleta-v4,,,,
2001-08-29,,,,,incompleta-v4,,,,
2001-08-30,,,,,incompleta-v4,,,,
2001-08-31,,,,,incompleta-v4,,,,
2001-09-03,,,,,incompleta-v4,,,,
2001-09-04,,,,,incompleta-v4,,,,
2001-09-05,,,,,incompleta-v4,,,,
2001-09-06,,,,,incompleta-v4,,,,
2001-09-07,,,,,incompleta-v4,,,,
2001-09-10,,,,,incompleta-v4,,,,
2001-09-11,,,,,incompleta-v4,,,,
2001-09-12,,,,,incompleta-v4,,,,
2001-09-13,,,,,incompleta-v4,,,,
2001-09-14,,,,,incompleta-v4,,,,
2001-09-17,,,,,incompleta-v4,,,,
2001-09-18,,,,,incompleta-v4,,,,
2001-09-19,,,,,incompleta-v4,,,,
2001-09-20,,,,,incompleta-v4,,,,
2001-09-21,,,,,incompleta-v4,,,,
2001-09-24,,,,,incompleta-v4,,,,
2001-09-25,,,,,incompleta-v4,,,,
2001-09-26,,,,,incompleta-v4,,,,
2001-09-27,,,,,incompleta-v4,,,,
2001-09-28,,,,,incompleta-v4,,,,
2001-10-01,,,,,incompleta-v4,,,,
2001-10-02,,,,,incompleta-v4,,,,
2001-10-03,,,,,incompleta-v4,,,,
2001-10-04,,,,,incompleta-v4,,,,
2001-10-05,,,,,incompleta-v4,,,,
2001-10-08,,,,,incompleta-v4,,,,
2001-10-09,,,,,incompleta-v4,,,,
2001-10-10,,,,,incompleta-v4,,,,
2001-10-11,,,,,incompleta-v4,,,,
2001-10-12,,,,,incompleta-v4,,,,
2001-10-15,,,,,incompleta-v4,,,,
2001-10-16,,,,,incompleta-v4,,,,
2001-10-17,,,,,incompleta-v4,,,,
2001-10-18,,,,,incompleta-v4,,,,
2001-10-19,,,,,incompleta-v4,,,,
2001-10-22,,,,,incompleta-v4,,,,
2001-10-23,,,,,incompleta-v4,,,,
2001-10-24,,,,,incompleta-v4,,,,
2001-10-25,,,,,incompleta-v4,,,,
2001-10-26,,,,,incompleta-v4,,,,
2001-10-29,,,,,incompleta-v4,,,,
2001-10-30,,,,,incompleta-v4,,,,
2001-10-31,,,,,incompleta-v4,,,,
2001-11-01,,,,,incompleta-v4,,,,
2001-11-02,,,,,incompleta-v4,,,,
2001-11-05,,,,,incompleta-v4,,,,
2001-11-06,,,,,incompleta-v4,,,,
2001-11-07,,,,,incompleta-v4,,,,
2001-11-08,,,,,incompleta-v4,,,,
2001-11-09,,,,,incompleta-v4,,,,
2001-11-12,,,,,incompleta-v4,,,,
2001-11-13,,,,,incompleta-v4,,,,
2001-11-14,,,,,incompleta-v4,,,,
2001-11-15,,,,,incompleta-v4,,,,
2001-11-16,,,,,incompleta-v4,,,,
2001-11-19,,,,,incompleta-v4,,,,
2001-11-20,,,,,incompleta-v4,,,,
2001-11-21,,,,,incompleta-v4,,,,
2001-11-22,,,,,incompleta-v4,,,,
2001-11-23,,,,,incompleta-v4,,,,
2001-11-26,,,,,incompleta-v4,,,,
2001-11-27,,,,,incompleta-v4,,,,
2001-11-28,,,,,incompleta-v4,,,,
2001-11-29,,,,,incompleta-v4,,,,
2001-11-30,,,,,incompleta-v4,,,,
2001-12-03,,,,,incompleta-v4,,,,
2001-12-04,,,,,incompleta-v4,,,,
2001-12-05,,,,,incompleta-v4,,,,
2001-12-06,,,,,incompleta-v4,,,,
2001-12-07,,,,,incompleta-v4,,,,
2001-12-10,,,,,incompleta-v4,,,,
2001-12-11,,,,,incompleta-v4,,,,
2001-12-12,,,,,incompleta-v4,,,,
2001-12-13,,,,,incompleta-v4,,,,
2001-12-14,,,,,incompleta-v4,,,,
2001-12-17,,,,,incompleta-v4,,,,
2001-12-18,,,,,incompleta-v4,,,,
2001-12-19,,,,,incompleta-v4,,,,
2001-12-20,,,,,incompleta-v4,,,,
2001-12-21,,,,,incompleta-v4,,,,
2001-12-24,,,,,incompleta-v4,,,,
2001-12-25,,,,,incompleta-v4,,,,
2001-12-26,,,,,incompleta-v4,,,,
2001-12-27,,,,,incompleta-v4,,,,
2001-12-28,,,,,incompleta-v4,,,,
2001-12-31,,,,,incompleta-v4,,,,
2002-01-02,,,,,incompleta-v4,,,,
2002-01-03,,,,,incompleta-v4,,,,
2002-01-04,,,,,incompleta-v4,,,,
2002-01-07,,,,,incompleta-v4,,,,
2002-01-08,,,,,incompleta-v4,,,,
2002-01-09,,,,,incompleta-v4,,,,
2002-01-10,,,,,incompleta-v4,,,,
2002-01-11,,,,,incompleta-v4,,,,
2002-01-14,,,,,incompleta-v4,,,,
2002-01-15,,,,,incompleta-v4,,,,
2002-01-16,,,,,incompleta-v4,,,,
2002-01-17,,,,,incompleta-v4,,,,
2002-01-18,,,,,incompleta-v4,,,,
2002-01-21,,,,,incompleta-v4,,,,
2002-01-22,,,,,incompleta-v4,,,,
2002-01-23,,,,,incompleta-v4,,,,
2002-01-24,,,,,incompleta-v4,,,,
2002-01-25,,,,,incompleta-v4,,,,
2002-01-28,,,,,incompleta-v4,,,,
2002-01-29,,,,,incompleta-v4,,,,
2002-01-30,,,,,incompleta-v4,,,,
2002-01-31,,,,,incompleta-v4,,,,
2002-02-01,,,,,incompleta-v4,,,,
2002-02-04,,,,,incompleta-v4,,,,
2002-02-05,,,,,incompleta-v4,,,,
2002-02-06,,,,,incompleta-v4,,,,
2002-02-07,,,,,incompleta-v4,,,,
2002-02-08,,,,,incompleta-v4,,,,
2002-02-11,,,,,incompleta-v4,,,,
2002-02-12,,,,,incompleta-v4,,,,
2002-02-13,,,,,incompleta-v4,,,,
2002-02-14,,,,,incompleta-v4,,,,
2002-02-15,,,,,incompleta-v4,,,,
2002-02-18,,,,,incompleta-v4,,,,
2002-02-19,,,,,incompleta-v4,,,,
2002-02-20,,,,,incompleta-v4,,,,
2002-02-21,,,,,incompleta-v4,,,,
2002-02-22,,,,,incompleta-v4,,,,
2002-02-25,,,,,incompleta-v4,,,,
2002-02-26,,,,,incompleta-v4,,,,
2002-02-27,,,,,incompleta-v4,,,,
2002-02-28,,,,,incompleta-v4,,,,
2002-03-01,,,,,incompleta-v4,,,,
2002-03-04,,,,,incompleta-v4,,,,
2002-03-05,,,,,incompleta-v4,,,,
2002-03-06,,,,,incompleta-v4,,,,
2002-03-07,,,,,incompleta-v4,,,,
2002-03-08,,,,,incompleta-v4,,,,
2002-03-11,,,,,incompleta-v4,,,,
2002-03-12,,,,,incompleta-v4,,,,
2002-03-13,,,,,incompleta-v4,,,,
2002-03-14,,,,,incompleta-v4,,,,
2002-03-15,,,,,incompleta-v4,,,,
2002-03-18,,,,,incompleta-v4,,,,
2002-03-19,,,,,incompleta-v4,,,,
2002-03-20,,,,,incompleta-v4,,,,
2002-03-21,,,,,incompleta-v4,,,,
2002-03-22,,,,,incompleta-v4,,,,
2002-03-25,,,,,incompleta-v4,,,,
2002-03-26,,,,,incompleta-v4,,,,
2002-03-27,,,,,incompleta-v4,,,,
2002-03-28,,,,,incompleta-v4,,,,
2002-03-29,,,,,incompleta-v4,,,,
2002-04-01,,,,,incompleta-v4,,,,
2002-04-02,,,,,incompleta-v4,,,,
2002-04-03,,,,,incompleta-v4,,,,
2002-04-04,,,,,incompleta-v4,,,,
2002-04-05,,,,,incompleta-v4,,,,
2002-04-08,,,,,incompleta-v4,,,,
2002-04-09,,,,,incompleta-v4,,,,
2002-04-10,,,,,incompleta-v4,,,,
2002-04-11,,,,,incompleta-v4,,,,
2002-04-12,,,,,incompleta-v4,,,,
2002-04-15,,,,,incompleta-v4,,,,
2002-04-16,,,,,incompleta-v4,,,,
2002-04-17,,,,,incompleta-v4,,,,
2002-04-18,,,,,incompleta-v4,,,,
2002-04-19,,,,,incompleta-v4,,,,
2002-04-22,,,,,incompleta-v4,,,,
2002-04-23,,,,,incompleta-v4,,,,
2002-04-24,,,,,incompleta-v4,,,,
2002-04-25,,,,,incompleta-v4,,,,
2002-04-26,,,,,incompleta-v4,,,,
2002-04-29,,,,,incompleta-v4,,,,
2002-04-30,,,,,incompleta-v4,,,,
2002-05-01,,,,,incompleta-v4,,,,
2002-05-02,,,,,incompleta-v4,,,,
2002-05-03,,,,,incompleta-v4,,,,
2002-05-06,,,,,incompleta-v4,,,,
2002-05-07,,,,,incompleta-v4,,,,
2002-05-08,,,,,incompleta-v4,,,,
2002-05-09,,,,,incompleta-v4,,,,
2002-05-10,,,,,incompleta-v4,,,,
2002-05-13,,,,,incompleta-v4,,,,
2002-05-14,,,,,incompleta-v4,,,,
2002-05-15,,,,,incompleta-v4,,,,
2002-05-16,,,,,incompleta-v4,,,,
2002-05-17,,,,,incompleta-v4,,,,
2002-05-20,,,,,incompleta-v4,,,,
2002-05-21,,,,,incompleta-v4,,,,
2002-05-22,,,,,incompleta-v4,,,,
2002-05-23,,,,,incompleta-v4,,,,
2002-05-24,,,,,incompleta-v4,,,,
2002-05-27,,,,,incompleta-v4,,,,
2002-05-28,,,,,incompleta-v4,,,,
2002-05-29,,,,,incompleta-v4,,,,
2002-05-30,,,,,incompleta-v4,,,,
2002-05-31,,,,,incompleta-v4,,,,
2002-06-03,,,,,incompleta-v4,,,,
2002-06-04,,,,,incompleta-v4,,,,
2002-06-05,,,,,incompleta-v4,,,,
2002-06-06,,,,,incompleta-v4,,,,
2002-06-07,,,,,incompleta-v4,,,,
2002-06-10,,,,,incompleta-v4,,,,
2002-06-11,,,,,incompleta-v4,,,,
2002-06-12,,,,,incompleta-v4,,,,
2002-06-13,,,,,incompleta-v4,,,,
2002-06-14,,,,,incompleta-v4,,,,
2002-06-17,,,,,incompleta-v4,,,,
2002-06-18,,,,,incompleta-v4,,,,
2002-06-19,,,,,incompleta-v4,,,,
2002-06-20,,,,,incompleta-v4,,,,
2002-06-21,,,,,incompleta-v4,,,,
2002-06-24,,,,,incompleta-v4,,,,
2002-06-25,,,,,incompleta-v4,,,,
2002-06-26,,,,,incompleta-v4,,,,
2002-06-27,,,,,incompleta-v4,,,,
2002-06-28,,,,,incompleta-v4,,,,
2002-07-01,,,,,incompleta-v4,,,,
2002-07-02,,,,,incompleta-v4,,,,
2002-07-03,,,,,incompleta-v4,,,,
2002-07-04,,,,,incompleta-v4,,,,
2002-07-05,,,,,incompleta-v4,,,,
2002-07-08,,,,,incompleta-v4,,,,
2002-07-09,,,,,incompleta-v4,,,,
2002-07-10,,,,,incompleta-v4,,,,
2002-07-11,,,,,incompleta-v4,,,,
2002-07-12,,,,,incompleta-v4,,,,
2002-07-15,,,,,incompleta-v4,,,,
2002-07-16,,,,,incompleta-v4,,,,
2002-07-17,,,,,incompleta-v4,,,,
2002-07-18,,,,,incompleta-v4,,,,
2002-07-19,,,,,incompleta-v4,,,,
2002-07-22,,,,,incompleta-v4,,,,
2002-07-23,,,,,incompleta-v4,,,,
2002-07-24,,,,,incompleta-v4,,,,
2002-07-25,,,,,incompleta-v4,,,,
2002-07-26,,,,,incompleta-v4,,,,
2002-07-29,,,,,incompleta-v4,,,,
2002-07-30,,,,,incompleta-v4,,,,
2002-07-31,,,,,incompleta-v4,,,,
2002-08-01,,,,,incompleta-v4,,,,
2002-08-02,,,,,incompleta-v4,,,,
2002-08-05,,,,,incompleta-v4,,,,
2002-08-06,,,,,incompleta-v4,,,,
2002-08-07,,,,,incompleta-v4,,,,
2002-08-08,,,,,incompleta-v4,,,,
2002-08-09,,,,,incompleta-v4,,,,
2002-08-12,,,,,incompleta-v4,,,,
2002-08-13,,,,,incompleta-v4,,,,
2002-08-14,,,,,incompleta-v4,,,,
2002-08-15,,,,,incompleta-v4,,,,
2002-08-16,,,,,incompleta-v4,,,,
2002-08-19,,,,,incompleta-v4,,,,
2002-08-20,,,,,incompleta-v4,,,,
2002-08-21,,,,,incompleta-v4,,,,
2002-08-22,,,,,incompleta-v4,,,,
2002-08-23,,,,,incompleta-v4,,,,
2002-08-26,,,,,incompleta-v4,,,,
2002-08-27,,,,,incompleta-v4,,,,
2002-08-28,,,,,incompleta-v4,,,,
2002-08-29,,,,,incompleta-v4,,,,
2002-08-30,,,,,incompleta-v4,,,,
2002-09-02,,,,,incompleta-v4,,,,
2002-09-03,,,,,incompleta-v4,,,,
2002-09-04,,,,,incompleta-v4,,,,
2002-09-05,,,,,incompleta-v4,,,,
2002-09-06,,,,,incompleta-v4,,,,
2002-09-09,,,,,incompleta-v4,,,,
2002-09-10,,,,,incompleta-v4,,,,
2002-09-11,,,,,incompleta-v4,,,,
2002-09-12,,,,,incompleta-v4,,,,
2002-09-13,,,,,incompleta-v4,,,,
2002-09-16,,,,,incompleta-v4,,,,
2002-09-17,,,,,incompleta-v4,,,,
2002-09-18,,,,,incompleta-v4,,,,
2002-09-19,,,,,incompleta-v4,,,,
2002-09-20,,,,,incompleta-v4,,,,
2002-09-23,,,,,incompleta-v4,,,,
2002-09-24,,,,,incompleta-v4,,,,
2002-09-25,,,,,incompleta-v4,,,,
2002-09-26,,,,,incompleta-v4,,,,
2002-09-27,,,,,incompleta-v4,,,,
2002-09-30,,,,,incompleta-v4,,,,
2002-10-01,,,,,incompleta-v4,,,,
2002-10-02,,,,,incompleta-v4,,,,
2002-10-03,,,,,incompleta-v4,,,,
2002-10-04,,,,,incompleta-v4,,,,
2002-10-07,,,,,incompleta-v4,,,,
2002-10-08,,,,,incompleta-v4,,,,
2002-10-09,,,,,incompleta-v4,,,,
2002-10-10,,,,,incompleta-v4,,,,
2002-10-11,,,,,incompleta-v4,,,,
2002-10-14,,,,,incompleta-v4,,,,
2002-10-15,,,,,incompleta-v4,,,,
2002-10-16,,,,,incompleta-v4,,,,
2002-10-17,,,,,incompleta-v4,,,,
2002-10-18,,,,,incompleta-v4,,,,
2002-10-21,,,,,incompleta-v4,,,,
2002-10-22,,,,,incompleta-v4,,,,
2002-10-23,,,,,incompleta-v4,,,,
2002-10-24,,,,,incompleta-v4,,,,
2002-10-25,,,,,incompleta-v4,,,,
2002-10-28,,,,,incompleta-v4,,,,
2002-10-29,,,,,incompleta-v4,,,,
2002-10-30,,,,,incompleta-v4,,,,
2002-10-31,,,,,incompleta-v4,,,,
2002-11-01,,,,,incompleta-v4,,,,
2002-11-04,,,,,incompleta-v4,,,,
2002-11-05,,,,,incompleta-v4,,,,
2002-11-06,,,,,incompleta-v4,,,,
2002-11-07,,,,,incompleta-v4,,,,
2002-11-08,,,,,incompleta-v4,,,,
2002-11-11,,,,,incompleta-v4,,,,
2002-11-12,,,,,incompleta-v4,,,,
2002-11-13,,,,,incompleta-v4,,,,
2002-11-14,,,,,incompleta-v4,,,,
2002-11-15,,,,,incompleta-v4,,,,
2002-11-18,,,,,incompleta-v4,,,,
2002-11-19,,,,,incompleta-v4,,,,
2002-11-20,,,,,incompleta-v4,,,,
2002-11-21,,,,,incompleta-v4,,,,
2002-11-22,,,,,incompleta-v4,,,,
2002-11-25,,,,,incompleta-v4,,,,
2002-11-26,,,,,incompleta-v4,,,,
2002-11-27,,,,,incompleta-v4,,,,
2002-11-28,,,,,incompleta-v4,,,,
2002-11-29,,,,,incompleta-v4,,,,
2002-12-02,,,,,incompleta-v4,,,,
2002-12-03,,,,,incompleta-v4,,,,
2002-12-04,,,,,incompleta-v4,,,,
2002-12-05,,,,,incompleta-v4,,,,
2002-12-06,,,,,incompleta-v4,,,,
2002-12-09,,,,,incompleta-v4,,,,
2002-12-10,,,,,incompleta-v4,,,,
2002-12-11,,,,,incompleta-v4,,,,
2002-12-12,,,,,incompleta-v4,,,,
2002-12-13,,,,,incompleta-v4,,,,
2002-12-16,,,,,incompleta-v4,,,,
2002-12-17,,,,,incompleta-v4,,,,
2002-12-18,,,,,incompleta-v4,,,,
2002-12-19,,,,,incompleta-v4,,,,
2002-12-20,,,,,incompleta-v4,,,,
2002-12-23,,,,,incompleta-v4,,,,
2002-12-24,,,,,incompleta-v4,,,,
2002-12-26,,,,,incompleta-v4,,,,
2002-12-27,,,,,incompleta-v4,,,,
2002-12-30,,,,,incompleta-v4,,,,
2002-12-31,,,,,incompleta-v4,,,,
2003-01-02,,,,,incompleta-v4,,,,
2003-01-03,,,,,incompleta-v4,,,,
2003-01-06,,,,,incompleta-v4,,,,
2003-01-07,,,,,incompleta-v4,,,,
2003-01-08,,,,,incompleta-v4,,,,
2003-01-09,,,,,incompleta-v4,,,,
2003-01-10,,,,,incompleta-v4,,,,
2003-01-13,,,,,incompleta-v4,,,,
2003-01-14,,,,,incompleta-v4,,,,
2003-01-16,,,,,incompleta-v4,,,,
2003-01-17,,,,,incompleta-v4,,,,
2003-01-20,,,,,incompleta-v4,,,,
2003-01-21,,,,,incompleta-v4,,,,
2003-01-22,,,,,incompleta-v4,,,,
2003-01-23,,,,,incompleta-v4,,,,
2003-01-24,,,,,incompleta-v4,,,,
2003-01-27,,,,,incompleta-v4,,,,
2003-01-28,,,,,incompleta-v4,,,,
2003-01-29,,,,,incompleta-v4,,,,
2003-01-30,,,,,incompleta-v4,,,,
2003-01-31,,,,,incompleta-v4,,,,
2003-02-03,,,,,incompleta-v4,,,,
2003-02-04,,,,,incompleta-v4,,,,
2003-02-05,,,,,incompleta-v4,,,,
2003-02-06,,,,,incompleta-v4,,,,
2003-02-07,,,,,incompleta-v4,,,,
2003-02-10,,,,,incompleta-v4,,,,
2003-02-11,,,,,incompleta-v4,,,,
2003-02-12,,,,,incompleta-v4,,,,
2003-02-13,,,,,incompleta-v4,,,,
2003-02-14,,,,,incompleta-v4,,,,
2003-02-17,,,,,incompleta-v4,,,,
2003-02-18,,,,,incompleta-v4,,,,
2003-02-19,,,,,incompleta-v4,,,,
2003-02-20,,,,,incompleta-v4,,,,
2003-02-21,,,,,incompleta-v4,,,,
2003-02-24,,,,,incompleta-v4,,,,
2003-02-25,,,,,incompleta-v4,,,,
2003-02-26,,,,,incompleta-v4,,,,
2003-02-27,,,,,incompleta-v4,,,,
2003-02-28,,,,,incompleta-v4,,,,
2003-03-03,,,,,incompleta-v4,,,,
2003-03-04,,,,,incompleta-v4,,,,
2003-03-05,,,,,incompleta-v4,,,,
2003-03-06,,,,,incompleta-v4,,,,
2003-03-07,,,,,incompleta-v4,,,,
2003-03-10,,,,,incompleta-v4,,,,
2003-03-11,,,,,incompleta-v4,,,,
2003-03-12,,,,,incompleta-v4,,,,
2003-03-13,,,,,incompleta-v4,,,,
2003-03-14,,,,,incompleta-v4,,,,
2003-03-17,,,,,incompleta-v4,,,,
2003-03-18,,,,,incompleta-v4,,,,
2003-03-19,,,,,incompleta-v4,,,,
2003-03-20,,,,,incompleta-v4,,,,
2003-03-21,,,,,incompleta-v4,,,,
2003-03-24,,,,,incompleta-v4,,,,
2003-03-25,,,,,incompleta-v4,,,,
2003-03-26,,,,,incompleta-v4,,,,
2003-03-27,,,,,incompleta-v4,,,,
2003-03-28,,,,,incompleta-v4,,,,
2003-03-31,,,,,incompleta-v4,,,,
2003-04-01,,,,,incompleta-v4,,,,
2003-04-02,,,,,incompleta-v4,,,,
2003-04-03,,,,,incompleta-v4,,,,
2003-04-04,,,,,incompleta-v4,,,,
2003-04-07,,,,,incompleta-v4,,,,
2003-04-08,,,,,incompleta-v4,,,,
2003-04-09,,,,,incompleta-v4,,,,
2003-04-10,,,,,incompleta-v4,,,,
2003-04-11,,,,,incompleta-v4,,,,
2003-04-14,,,,,incompleta-v4,,,,
2003-04-15,,,,,incompleta-v4,,,,
2003-04-16,,,,,incompleta-v4,,,,
2003-04-17,,,,,incompleta-v4,,,,
2003-04-21,,,,,incompleta-v4,,,,
2003-04-22,,,,,incompleta-v4,,,,
2003-04-23,,,,,incompleta-v4,,,,
2003-04-24,,,,,incompleta-v4,,,,
2003-04-25,,,,,incompleta-v4,,,,
2003-04-28,,,,,incompleta-v4,,,,
2003-04-29,,,,,incompleta-v4,,,,
2003-04-30,,,,,incompleta-v4,,,,
2003-05-01,,,,,incompleta-v4,,,,
2003-05-02,,,,,incompleta-v4,,,,
2003-05-05,,,,,incompleta-v4,,,,
2003-05-06,,,,,incompleta-v4,,,,
2003-05-07,,,,,incompleta-v4,,,,
2003-05-08,,,,,incompleta-v4,,,,
2003-05-09,,,,,incompleta-v4,,,,
2003-05-12,,,,,incompleta-v4,,,,
2003-05-13,,,,,incompleta-v4,,,,
2003-05-14,,,,,incompleta-v4,,,,
2003-05-15,,,,,incompleta-v4,,,,
2003-05-16,,,,,incompleta-v4,,,,
2003-05-19,,,,,incompleta-v4,,,,
2003-05-20,,,,,incompleta-v4,,,,
2003-05-21,,,,,incompleta-v4,,,,
2003-05-22,,,,,incompleta-v4,,,,
2003-05-23,,,,,incompleta-v4,,,,
2003-05-26,,,,,incompleta-v4,,,,
2003-05-27,,,,,incompleta-v4,,,,
2003-05-28,,,,,incompleta-v4,,,,
2003-05-29,,,,,incompleta-v4,,,,
2003-05-30,,,,,incompleta-v4,,,,
2003-06-02,,,,,incompleta-v4,,,,
2003-06-03,,,,,incompleta-v4,,,,
2003-06-04,,,,,incompleta-v4,,,,
2003-06-05,,,,,incompleta-v4,,,,
2003-06-06,,,,,incompleta-v4,,,,
2003-06-09,,,,,incompleta-v4,,,,
2003-06-10,,,,,incompleta-v4,,,,
2003-06-11,,,,,incompleta-v4,,,,
2003-06-12,,,,,incompleta-v4,,,,
2003-06-13,,,,,incompleta-v4,,,,
2003-06-16,,,,,incompleta-v4,,,,
2003-06-17,,,,,incompleta-v4,,,,
2003-06-18,,,,,incompleta-v4,,,,
2003-06-19,,,,,incompleta-v4,,,,
2003-06-20,,,,,incompleta-v4,,,,
2003-06-23,,,,,incompleta-v4,,,,
2003-06-24,,,,,incompleta-v4,,,,
2003-06-25,,,,,incompleta-v4,,,,
2003-06-26,,,,,incompleta-v4,,,,
2003-06-27,,,,,incompleta-v4,,,,
2003-06-30,,,,,incompleta-v4,,,,
2003-07-01,,,,,incompleta-v4,,,,
2003-07-02,,,,,incompleta-v4,,,,
2003-07-03,,,,,incompleta-v4,,,,
2003-07-04,,,,,incompleta-v4,,,,
2003-07-07,,,,,incompleta-v4,,,,
2003-07-08,,,,,incompleta-v4,,,,
2003-07-09,,,,,incompleta-v4,,,,
2003-07-10,,,,,incompleta-v4,,,,
2003-07-11,,,,,incompleta-v4,,,,
2003-07-14,,,,,incompleta-v4,,,,
2003-07-15,,,,,incompleta-v4,,,,
2003-07-16,,,,,incompleta-v4,,,,
2003-07-17,,,,,incompleta-v4,,,,
2003-07-18,,,,,incompleta-v4,,,,
2003-07-21,,,,,incompleta-v4,,,,
2003-07-22,,,,,incompleta-v4,,,,
2003-07-23,,,,,incompleta-v4,,,,
2003-07-24,,,,,incompleta-v4,,,,
2003-07-25,,,,,incompleta-v4,,,,
2003-07-28,,,,,incompleta-v4,,,,
2003-07-29,,,,,incompleta-v4,,,,
2003-07-30,,,,,incompleta-v4,,,,
2003-07-31,,,,,incompleta-v4,,,,
2003-08-01,,,,,incompleta-v4,,,,
2003-08-04,,,,,incompleta-v4,,,,
2003-08-05,,,,,incompleta-v4,,,,
2003-08-06,,,,,incompleta-v4,,,,
2003-08-07,,,,,incompleta-v4,,,,
2003-08-08,,,,,incompleta-v4,,,,
2003-08-11,,,,,incompleta-v4,,,,
2003-08-12,,,,,incompleta-v4,,,,
2003-08-13,,,,,incompleta-v4,,,,
2003-08-14,,,,,incompleta-v4,,,,
2003-08-15,,,,,incompleta-v4,,,,
2003-08-18,,,,,incompleta-v4,,,,
2003-08-19,,,,,incompleta-v4,,,,
2003-08-20,,,,,incompleta-v4,,,,
2003-08-21,,,,,incompleta-v4,,,,
2003-08-22,,,,,incompleta-v4,,,,
2003-08-25,,,,,incompleta-v4,,,,
2003-08-26,,,,,incompleta-v4,,,,
2003-08-27,,,,,incompleta-v4,,,,
2003-08-28,,,,,incompleta-v4,,,,
2003-08-29,,,,,incompleta-v4,,,,
2003-09-01,,,,,incompleta-v4,,,,
2003-09-02,,,,,incompleta-v4,,,,
2003-09-03,,,,,incompleta-v4,,,,
2003-09-04,,,,,incompleta-v4,,,,
2003-09-05,,,,,incompleta-v4,,,,
2003-09-08,,,,,incompleta-v4,,,,
2003-09-09,,,,,incompleta-v4,,,,
2003-09-10,,,,,incompleta-v4,,,,
2003-09-11,,,,,incompleta-v4,,,,
2003-09-12,,,,,incompleta-v4,,,,
2003-09-15,,,,,incompleta-v4,,,,
2003-09-16,,,,,incompleta-v4,,,,
2003-09-17,,,,,incompleta-v4,,,,
2003-09-18,,,,,incompleta-v4,,,,
2003-09-19,,,,,incompleta-v4,,,,
2003-09-22,,,,,incompleta-v4,,,,
2003-09-23,,,,,incompleta-v4,,,,
2003-09-24,,,,,incompleta-v4,,,,
2003-09-25,,,,,incompleta-v4,,,,
2003-09-26,,,,,incompleta-v4,,,,
2003-09-29,,,,,incompleta-v4,,,,
2003-09-30,,,,,incompleta-v4,,,,
2003-10-01,,,,,incompleta-v4,,,,
2003-10-02,,,,,incompleta-v4,,,,
2003-10-03,,,,,incompleta-v4,,,,
2003-10-06,,,,,incompleta-v4,,,,
2003-10-07,,,,,incompleta-v4,,,,
2003-10-08,,,,,incompleta-v4,,,,
2003-10-09,,,,,incompleta-v4,,,,
2003-10-10,,,,,incompleta-v4,,,,
2003-10-13,,,,,incompleta-v4,,,,
2003-10-14,,,,,incompleta-v4,,,,
2003-10-15,,,,,incompleta-v4,,,,
2003-10-16,,,,,incompleta-v4,,,,
2003-10-17,,,,,incompleta-v4,,,,
2003-10-20,,,,,incompleta-v4,,,,
2003-10-21,,,,,incompleta-v4,,,,
2003-10-22,,,,,incompleta-v4,,,,
2003-10-23,,,,,incompleta-v4,,,,
2003-10-24,,,,,incompleta-v4,,,,
2003-10-27,,,,,incompleta-v4,,,,
2003-10-28,,,,,incompleta-v4,,,,
2003-10-29,,,,,incompleta-v4,,,,
2003-10-30,,,,,incompleta-v4,,,,
2003-10-31,,,,,incompleta-v4,,,,
2003-11-03,,,,,incompleta-v4,,,,
2003-11-04,,,,,incompleta-v4,,,,
2003-11-05,,,,,incompleta-v4,,,,
2003-11-06,,,,,incompleta-v4,,,,
2003-11-07,,,,,incompleta-v4,,,,
2003-11-10,,,,,incompleta-v4,,,,
2003-11-11,,,,,incompleta-v4,,,,
2003-11-12,,,,,incompleta-v4,,,,
2003-11-13,,,,,incompleta-v4,,,,
2003-11-14,,,,,incompleta-v4,,,,
2003-11-17,,,,,incompleta-v4,,,,
2003-11-18,,,,,incompleta-v4,,,,
2003-11-19,,,,,incompleta-v4,,,,
2003-11-20,,,,,incompleta-v4,,,,
2003-11-21,,,,,incompleta-v4,,,,
2003-11-24,,,,,incompleta-v4,,,,
2003-11-25,,,,,incompleta-v4,,,,
2003-11-26,,,,,incompleta-v4,,,,
2003-11-27,,,,,incompleta-v4,,,,
2003-11-28,,,,,incompleta-v4,,,,
2003-12-01,,,,,incompleta-v4,,,,
2003-12-02,,,,,incompleta-v4,,,,
2003-12-03,,,,,incompleta-v4,,,,
2003-12-04,,,,,incompleta-v4,,,,
2003-12-05,,,,,incompleta-v4,,,,
2003-12-08,,,,,incompleta-v4,,,,
2003-12-09,,,,,incompleta-v4,,,,
2003-12-10,,,,,incompleta-v4,,,,
2003-12-11,,,,,incompleta-v4,,,,
2003-12-12,,,,,incompleta-v4,,,,
2003-12-15,,,,,incompleta-v4,,,,
2003-12-16,,,,,incompleta-v4,,,,
2003-12-17,,,,,incompleta-v4,,,,
2003-12-18,,,,,incompleta-v4,,,,
2003-12-19,,,,,incompleta-v4,,,,
2003-12-22,,,,,incompleta-v4,,,,
2003-12-23,,,,,incompleta-v4,,,,
2003-12-24,,,,,incompleta-v4,,,,
2003-12-26,,,,,incompleta-v4,,,,
2003-12-29,,,,,incompleta-v4,,,,
2003-12-30,,,,,incompleta-v4,,,,
2003-12-31,,,,,incompleta-v4,,,,
2004-01-02,,,,,incompleta-v4,,,,
2004-01-05,,,,,incompleta-v4,,,,
2004-01-06,,,,,incompleta-v4,,,,
2004-01-07,,,,,incompleta-v4,,,,
2004-01-08,,,,,incompleta-v4,,,,
2004-01-09,,,,,incompleta-v4,,,,
2004-01-12,,,,,incompleta-v4,,,,
2004-01-13,,,,,incompleta-v4,,,,
2004-01-14,,,,,incompleta-v4,,,,
2004-01-15,,,,,incompleta-v4,,,,
2004-01-16,,,,,incompleta-v4,,,,
2004-01-19,,,,,incompleta-v4,,,,
2004-01-20,,,,,incompleta-v4,,,,
2004-01-21,,,,,incompleta-v4,,,,
2004-01-22,,,,,incompleta-v4,,,,
2004-01-23,,,,,incompleta-v4,,,,
2004-01-26,,,,,incompleta-v4,,,,
2004-01-27,,,,,incompleta-v4,,,,
2004-01-28,,,,,incompleta-v4,,,,
2004-01-29,,,,,incompleta-v4,,,,
2004-01-30,,,,,incompleta-v4,,,,
2004-02-02,,,,,incompleta-v4,,,,
2004-02-03,,,,,incompleta-v4,,,,
2004-02-04,,,,,incompleta-v4,,,,
2004-02-05,,,,,incompleta-v4,,,,
2004-02-06,,,,,incompleta-v4,,,,
2004-02-09,,,,,incompleta-v4,,,,
2004-02-10,,,,,incompleta-v4,,,,
2004-02-11,,,,,incompleta-v4,,,,
2004-02-12,,,,,incompleta-v4,,,,
2004-02-13,,,,,incompleta-v4,,,,
2004-02-16,,,,,incompleta-v4,,,,
2004-02-17,,,,,incompleta-v4,,,,
2004-02-18,,,,,incompleta-v4,,,,
2004-02-19,,,,,incompleta-v4,,,,
2004-02-20,,,,,incompleta-v4,,,,
2004-02-23,,,,,incompleta-v4,,,,
2004-02-24,,,,,incompleta-v4,,,,
2004-02-25,,,,,incompleta-v4,,,,
2004-02-26,,,,,incompleta-v4,,,,
2004-02-27,,,,,incompleta-v4,,,,
2004-03-01,,,,,incompleta-v4,,,,
2004-03-02,,,,,incompleta-v4,,,,
2004-03-03,,,,,incompleta-v4,,,,
2004-03-04,,,,,incompleta-v4,,,,
2004-03-05,,,,,incompleta-v4,,,,
2004-03-08,,,,,incompleta-v4,,,,
2004-03-09,,,,,incompleta-v4,,,,
2004-03-10,,,,,incompleta-v4,,,,
2004-03-11,,,,,incompleta-v4,,,,
2004-03-12,,,,,incompleta-v4,,,,
2004-03-15,,,,,incompleta-v4,,,,
2004-03-16,,,,,incompleta-v4,,,,
2004-03-17,,,,,incompleta-v4,,,,
2004-03-18,,,,,incompleta-v4,,,,
2004-03-19,,,,,incompleta-v4,,,,
2004-03-22,,,,,incompleta-v4,,,,
2004-03-23,,,,,incompleta-v4,,,,
2004-03-24,,,,,incompleta-v4,,,,
2004-03-25,,,,,incompleta-v4,,,,
2004-03-26,,,,,incompleta-v4,,,,
2004-03-29,,,,,incompleta-v4,,,,
2004-03-30,,,,,incompleta-v4,,,,
2004-03-31,,,,,incompleta-v4,,,,
2004-04-01,,,,,incompleta-v4,,,,
2004-04-02,,,,,incompleta-v4,,,,
2004-04-05,,,,,incompleta-v4,,,,
2004-04-06,,,,,incompleta-v4,,,,
2004-04-07,,,,,incompleta-v4,,,,
2004-04-08,,,,,incompleta-v4,,,,
2004-04-12,,,,,incompleta-v4,,,,
2004-04-13,,,,,incompleta-v4,,,,
2004-04-14,,,,,incompleta-v4,,,,
2004-04-15,,,,,incompleta-v4,,,,
2004-04-16,,,,,incompleta-v4,,,,
2004-04-19,,,,,incompleta-v4,,,,
2004-04-20,,,,,incompleta-v4,,,,
2004-04-21,,,,,incompleta-v4,,,,
2004-04-22,,,,,incompleta-v4,,,,
2004-04-23,,,,,incompleta-v4,,,,
2004-04-26,,,,,incompleta-v4,,,,
2004-04-27,,,,,incompleta-v4,,,,
2004-04-28,,,,,incompleta-v4,,,,
2004-04-29,,,,,incompleta-v4,,,,
2004-04-30,,,,,incompleta-v4,,,,
2004-05-03,,,,,incompleta-v4,,,,
2004-05-04,,,,,incompleta-v4,,,,
2004-05-05,,,,,incompleta-v4,,,,
2004-05-06,,,,,incompleta-v4,,,,
2004-05-07,,,,,incompleta-v4,,,,
2004-05-10,,,,,incompleta-v4,,,,
2004-05-11,,,,,incompleta-v4,,,,
2004-05-12,,,,,incompleta-v4,,,,
2004-05-13,,,,,incompleta-v4,,,,
2004-05-14,,,,,incompleta-v4,,,,
2004-05-17,,,,,incompleta-v4,,,,
2004-05-18,,,,,incompleta-v4,,,,
2004-05-19,,,,,incompleta-v4,,,,
2004-05-20,,,,,incompleta-v4,,,,
2004-05-21,,,,,incompleta-v4,,,,
2004-05-24,,,,,incompleta-v4,,,,
2004-05-25,,,,,incompleta-v4,,,,
2004-05-26,,,,,incompleta-v4,,,,
2004-05-27,,,,,incompleta-v4,,,,
2004-05-28,,,,,incompleta-v4,,,,
2004-05-31,,,,,incompleta-v4,,,,
2004-06-01,,,,,incompleta-v4,,,,
2004-06-02,,,,,incompleta-v4,,,,
2004-06-03,,,,,incompleta-v4,,,,
2004-06-04,,,,,incompleta-v4,,,,
2004-06-07,,,,,incompleta-v4,,,,
2004-06-08,,,,,incompleta-v4,,,,
2004-06-09,,,,,incompleta-v4,,,,
2004-06-10,,,,,incompleta-v4,,,,
2004-06-11,,,,,incompleta-v4,,,,
2004-06-14,,,,,incompleta-v4,,,,
2004-06-15,,,,,incompleta-v4,,,,
2004-06-16,,,,,incompleta-v4,,,,
2004-06-17,,,,,incompleta-v4,,,,
2004-06-18,,,,,incompleta-v4,,,,
2004-06-21,,,,,incompleta-v4,,,,
2004-06-22,,,,,incompleta-v4,,,,
2004-06-23,,,,,incompleta-v4,,,,
2004-06-24,,,,,incompleta-v4,,,,
2004-06-25,,,,,incompleta-v4,,,,
2004-06-28,,,,,incompleta-v4,,,,
2004-06-29,,,,,incompleta-v4,,,,
2004-06-30,,,,,incompleta-v4,,,,
2004-07-01,,,,,incompleta-v4,,,,
2004-07-02,,,,,incompleta-v4,,,,
2004-07-05,,,,,incompleta-v4,,,,
2004-07-06,,,,,incompleta-v4,,,,
2004-07-07,,,,,incompleta-v4,,,,
2004-07-08,,,,,incompleta-v4,,,,
2004-07-09,,,,,incompleta-v4,,,,
2004-07-12,,,,,incompleta-v4,,,,
2004-07-13,,,,,incompleta-v4,,,,
2004-07-14,,,,,incompleta-v4,,,,
2004-07-15,,,,,incompleta-v4,,,,
2004-07-16,,,,,incompleta-v4,,,,
2004-07-19,,,,,incompleta-v4,,,,
2004-07-20,,,,,incompleta-v4,,,,
2004-07-21,,,,,incompleta-v4,,,,
2004-07-22,,,,,incompleta-v4,,,,
2004-07-23,,,,,incompleta-v4,,,,
2004-07-26,,,,,incompleta-v4,,,,
2004-07-27,,,,,incompleta-v4,,,,
2004-07-28,,,,,incompleta-v4,,,,
2004-07-29,,,,,incompleta-v4,,,,
2004-07-30,,,,,incompleta-v4,,,,
2004-08-02,,,,,incompleta-v4,,,,
2004-08-03,,,,,incompleta-v4,,,,
2004-08-04,,,,,incompleta-v4,,,,
2004-08-05,,,,,incompleta-v4,,,,
2004-08-06,,,,,incompleta-v4,,,,
2004-08-09,,,,,incompleta-v4,,,,
2004-08-10,,,,,incompleta-v4,,,,
2004-08-11,,,,,incompleta-v4,,,,
2004-08-12,,,,,incompleta-v4,,,,
2004-08-13,,,,,incompleta-v4,,,,
2004-08-16,,,,,incompleta-v4,,,,
2004-08-17,,,,,incompleta-v4,,,,
2004-08-18,,,,,incompleta-v4,,,,
2004-08-19,,,,,incompleta-v4,,,,
2004-08-20,,,,,incompleta-v4,,,,
2004-08-23,,,,,incompleta-v4,,,,
2004-08-24,,,,,incompleta-v4,,,,
2004-08-25,,,,,incompleta-v4,,,,
2004-08-26,,,,,incompleta-v4,,,,
2004-08-27,,,,,incompleta-v4,,,,
2004-08-30,,,,,incompleta-v4,,,,
2004-08-31,,,,,incompleta-v4,,,,
2004-09-01,,,,,incompleta-v4,,,,
2004-09-02,,,,,incompleta-v4,,,,
2004-09-03,,,,,incompleta-v4,,,,
2004-09-06,,,,,incompleta-v4,,,,
2004-09-07,,,,,incompleta-v4,,,,
2004-09-08,,,,,incompleta-v4,,,,
2004-09-09,,,,,incompleta-v4,,,,
2004-09-10,,,,,incompleta-v4,,,,
2004-09-13,,,,,incompleta-v4,,,,
2004-09-14,,,,,incompleta-v4,,,,
2004-09-15,,,,,incompleta-v4,,,,
2004-09-16,,,,,incompleta-v4,,,,
2004-09-17,,,,,incompleta-v4,,,,
2004-09-20,,,,,incompleta-v4,,,,
2004-09-21,,,,,incompleta-v4,,,,
2004-09-22,,,,,incompleta-v4,,,,
2004-09-23,,,,,incompleta-v4,,,,
2004-09-24,,,,,incompleta-v4,,,,
2004-09-27,,,,,incompleta-v4,,,,
2004-09-28,,,,,incompleta-v4,,,,
2004-09-29,,,,,incompleta-v4,,,,
2004-09-30,,,,,incompleta-v4,,,,
2004-10-01,,,,,incompleta-v4,,,,
2004-10-04,,,,,incompleta-v4,,,,
2004-10-05,,,,,incompleta-v4,,,,
2004-10-06,,,,,incompleta-v4,,,,
2004-10-07,,,,,incompleta-v4,,,,
2004-10-08,,,,,incompleta-v4,,,,
2004-10-11,,,,,incompleta-v4,,,,
2004-10-12,,,,,incompleta-v4,,,,
2004-10-13,,,,,incompleta-v4,,,,
2004-10-14,,,,,incompleta-v4,,,,
2004-10-15,,,,,incompleta-v4,,,,
2004-10-18,,,,,incompleta-v4,,,,
2004-10-19,,,,,incompleta-v4,,,,
2004-10-20,,,,,incompleta-v4,,,,
2004-10-21,,,,,incompleta-v4,,,,
2004-10-22,,,,,incompleta-v4,,,,
2004-10-25,,,,,incompleta-v4,,,,
2004-10-26,,,,,incompleta-v4,,,,
2004-10-27,,,,,incompleta-v4,,,,
2004-10-28,,,,,incompleta-v4,,,,
2004-10-29,,,,,incompleta-v4,,,,
2004-11-01,,,,,incompleta-v4,,,,
2004-11-02,,,,,incompleta-v4,,,,
2004-11-03,,,,,incompleta-v4,,,,
2004-11-04,,,,,incompleta-v4,,,,
2004-11-05,,,,,incompleta-v4,,,,
2004-11-08,,,,,incompleta-v4,,,,
2004-11-09,,,,,incompleta-v4,,,,
2004-11-10,,,,,incompleta-v4,,,,
2004-11-11,,,,,incompleta-v4,,,,
2004-11-12,,,,,incompleta-v4,,,,
2004-11-15,,,,,incompleta-v4,,,,
2004-11-16,,,,,incompleta-v4,,,,
2004-11-17,,,,,incompleta-v4,,,,
2004-11-18,,,,,incompleta-v4,,,,
2004-11-19,,,,,incompleta-v4,,,,
2004-11-22,,,,,incompleta-v4,,,,
2004-11-23,,,,,incompleta-v4,,,,
2004-11-24,,,,,incompleta-v4,,,,
2004-11-25,,,,,incompleta-v4,,,,
2004-11-26,,,,,incompleta-v4,,,,
2004-11-29,,,,,incompleta-v4,,,,
2004-11-30,,,,,incompleta-v4,,,,
2004-12-01,,,,,incompleta-v4,,,,
2004-12-02,,,,,incompleta-v4,,,,
2004-12-03,,,,,incompleta-v4,,,,
2004-12-06,,,,,incompleta-v4,,,,
2004-12-07,,,,,incompleta-v4,,,,
2004-12-08,,,,,incompleta-v4,,,,
2004-12-09,,,,,incompleta-v4,,,,
2004-12-10,,,,,incompleta-v4,,,,
2004-12-13,,,,,incompleta-v4,,,,
2004-12-14,,,,,incompleta-v4,,,,
2004-12-15,,,,,incompleta-v4,,,,
2004-12-16,,,,,incompleta-v4,,,,
2004-12-17,,,,,incompleta-v4,,,,
2004-12-20,,,,,incompleta-v4,,,,
2004-12-21,,,,,incompleta-v4,,,,
2004-12-22,,,,,incompleta-v4,,,,
2004-12-23,,,,,incompleta-v4,,,,
2004-12-24,,,,,incompleta-v4,,,,
2004-12-27,,,,,incompleta-v4,,,,
2004-12-28,,,,,incompleta-v4,,,,
2004-12-29,,,,,incompleta-v4,,,,
2004-12-30,,,,,incompleta-v4,,,,
2004-12-31,,,,,incompleta-v4,,,,
2005-01-03,,,,,incompleta-v4,,,,
2005-01-04,,,,,incompleta-v4,,,,
2005-01-05,,,,,incompleta-v4,,,,
2005-01-06,,,,,incompleta-v4,,,,
2005-01-07,,,,,incompleta-v4,,,,
2005-01-10,,,,,incompleta-v4,,,,
2005-01-11,,,,,incompleta-v4,,,,
2005-01-12,,,,,incompleta-v4,,,,
2005-01-13,,,,,incompleta-v4,,,,
2005-01-14,,,,,incompleta-v4,,,,
2005-01-17,,,,,incompleta-v4,,,,
2005-01-18,,,,,incompleta-v4,,,,
2005-01-19,,,,,incompleta-v4,,,,
2005-01-20,,,,,incompleta-v4,,,,
2005-01-21,,,,,incompleta-v4,,,,
2005-01-24,,,,,incompleta-v4,,,,
2005-01-25,,,,,incompleta-v4,,,,
2005-01-26,,,,,incompleta-v4,,,,
2005-01-27,,,,,incompleta-v4,,,,
2005-01-28,,,,,incompleta-v4,,,,
2005-01-31,,,,,incompleta-v4,,,,
2005-02-01,,,,,incompleta-v4,,,,
2005-02-02,,,,,incompleta-v4,,,,
2005-02-03,,,,,incompleta-v4,,,,
2005-02-04,,,,,incompleta-v4,,,,
2005-02-07,,,,,incompleta-v4,,,,
2005-02-08,,,,,incompleta-v4,,,,
2005-02-09,,,,,incompleta-v4,,,,
2005-02-10,,,,,incompleta-v4,,,,
2005-02-11,,,,,incompleta-v4,,,,
2005-02-14,,,,,incompleta-v4,,,,
2005-02-15,,,,,incompleta-v4,,,,
2005-02-16,,,,,incompleta-v4,,,,
2005-02-17,,,,,incompleta-v4,,,,
2005-02-18,,,,,incompleta-v4,,,,
2005-02-21,,,,,incompleta-v4,,,,
2005-02-22,,,,,incompleta-v4,,,,
2005-02-23,,,,,incompleta-v4,,,,
2005-02-24,,,,,incompleta-v4,,,,
2005-02-25,,,,,incompleta-v4,,,,
2005-02-28,,,,,incompleta-v4,,,,
2005-03-01,,,,,incompleta-v4,,,,
2005-03-02,,,,,incompleta-v4,,,,
2005-03-03,,,,,incompleta-v4,,,,
2005-03-04,,,,,incompleta-v4,,,,
2005-03-07,,,,,incompleta-v4,,,,
2005-03-08,,,,,incompleta-v4,,,,
2005-03-09,,,,,incompleta-v4,,,,
2005-03-10,,,,,incompleta-v4,,,,
2005-03-11,,,,,incompleta-v4,,,,
2005-03-14,,,,,incompleta-v4,,,,
2005-03-15,,,,,incompleta-v4,,,,
2005-03-16,,,,,incompleta-v4,,,,
2005-03-17,,,,,incompleta-v4,,,,
2005-03-18,,,,,incompleta-v4,,,,
2005-03-21,,,,,incompleta-v4,,,,
2005-03-22,,,,,incompleta-v4,,,,
2005-03-23,,,,,incompleta-v4,,,,
2005-03-24,,,,,incompleta-v4,,,,
2005-03-28,,,,,incompleta-v4,,,,
2005-03-29,,,,,incompleta-v4,,,,
2005-03-30,,,,,incompleta-v4,,,,
2005-03-31,,,,,incompleta-v4,,,,
2005-04-01,,,,,incompleta-v4,,,,
2005-04-04,,,,,incompleta-v4,,,,
2005-04-05,,,,,incompleta-v4,,,,
2005-04-06,,,,,incompleta-v4,,,,
2005-04-07,,,,,incompleta-v4,,,,
2005-04-08,,,,,incompleta-v4,,,,
2005-04-11,,,,,incompleta-v4,,,,
2005-04-12,,,,,incompleta-v4,,,,
2005-04-13,,,,,incompleta-v4,,,,
2005-04-14,,,,,incompleta-v4,,,,
2005-04-15,,,,,incompleta-v4,,,,
2005-04-18,,,,,incompleta-v4,,,,
2005-04-19,,,,,incompleta-v4,,,,
2005-04-20,,,,,incompleta-v4,,,,
2005-04-21,,,,,incompleta-v4,,,,
2005-04-22,,,,,incompleta-v4,,,,
2005-04-25,,,,,incompleta-v4,,,,
2005-04-26,,,,,incompleta-v4,,,,
2005-04-27,,,,,incompleta-v4,,,,
2005-04-28,,,,,incompleta-v4,,,,
2005-04-29,,,,,incompleta-v4,,,,
2005-05-02,,,,,incompleta-v4,,,,
2005-05-03,,,,,incompleta-v4,,,,
2005-05-04,,,,,incompleta-v4,,,,
2005-05-05,,,,,incompleta-v4,,,,
2005-05-06,,,,,incompleta-v4,,,,
2005-05-09,,,,,incompleta-v4,,,,
2005-05-10,,,,,incompleta-v4,,,,
2005-05-11,,,,,incompleta-v4,,,,
2005-05-12,,,,,incompleta-v4,,,,
2005-05-13,,,,,incompleta-v4,,,,
2005-05-16,,,,,incompleta-v4,,,,
2005-05-17,,,,,incompleta-v4,,,,
2005-05-18,,,,,incompleta-v4,,,,
2005-05-19,,,,,incompleta-v4,,,,
2005-05-20,,,,,incompleta-v4,,,,
2005-05-23,,,,,incompleta-v4,,,,
2005-05-24,,,,,incompleta-v4,,,,
2005-05-25,,,,,incompleta-v4,,,,
2005-05-26,,,,,incompleta-v4,,,,
2005-05-27,,,,,incompleta-v4,,,,
2005-05-30,,,,,incompleta-v4,,,,
2005-05-31,,,,,incompleta-v4,,,,
2005-06-01,,,,,incompleta-v4,,,,
2005-06-02,,,,,incompleta-v4,,,,
2005-06-03,,,,,incompleta-v4,,,,
2005-06-06,,,,,incompleta-v4,,,,
2005-06-07,,,,,incompleta-v4,,,,
2005-06-08,,,,,incompleta-v4,,,,
2005-06-09,,,,,incompleta-v4,,,,
2005-06-10,,,,,incompleta-v4,,,,
2005-06-13,,,,,incompleta-v4,,,,
2005-06-14,,,,,incompleta-v4,,,,
2005-06-15,,,,,incompleta-v4,,,,
2005-06-16,,,,,incompleta-v4,,,,
2005-06-17,,,,,incompleta-v4,,,,
2005-06-20,,,,,incompleta-v4,,,,
2005-06-21,,,,,incompleta-v4,,,,
2005-06-22,,,,,incompleta-v4,,,,
2005-06-23,,,,,incompleta-v4,,,,
2005-06-24,,,,,incompleta-v4,,,,
2005-06-27,,,,,incompleta-v4,,,,
2005-06-28,,,,,incompleta-v4,,,,
2005-06-29,,,,,incompleta-v4,,,,
2005-06-30,,,,,incompleta-v4,,,,
2005-07-01,,,,,incompleta-v4,,,,
2005-07-04,,,,,incompleta-v4,,,,
2005-07-05,,,,,incompleta-v4,,,,
2005-07-06,,,,,incompleta-v4,,,,
2005-07-07,,,,,incompleta-v4,,,,
2005-07-08,,,,,incompleta-v4,,,,
2005-07-11,,,,,incompleta-v4,,,,
2005-07-12,,,,,incompleta-v4,,,,
2005-07-13,,,,,incompleta-v4,,,,
2005-07-14,,,,,incompleta-v4,,,,
2005-07-15,,,,,incompleta-v4,,,,
2005-07-18,,,,,incompleta-v4,,,,
2005-07-19,,,,,incompleta-v4,,,,
2005-07-20,,,,,incompleta-v4,,,,
2005-07-21,,,,,incompleta-v4,,,,
2005-07-22,,,,,incompleta-v4,,,,
2005-07-25,,,,,incompleta-v4,,,,
2005-07-26,,,,,incompleta-v4,,,,
2005-07-27,,,,,incompleta-v4,,,,
2005-07-28,,,,,incompleta-v4,,,,
2005-07-29,,,,,incompleta-v4,,,,
2005-08-01,,,,,incompleta-v4,,,,
2005-08-02,,,,,incompleta-v4,,,,
2005-08-03,,,,,incompleta-v4,,,,
2005-08-04,,,,,incompleta-v4,,,,
2005-08-05,,,,,incompleta-v4,,,,
2005-08-08,,,,,incompleta-v4,,,,
2005-08-09,,,,,incompleta-v4,,,,
2005-08-10,,,,,incompleta-v4,,,,
2005-08-11,,,,,incompleta-v4,,,,
2005-08-12,,,,,incompleta-v4,,,,
2005-08-15,,,,,incompleta-v4,,,,
2005-08-16,,,,,incompleta-v4,,,,
2005-08-17,,,,,incompleta-v4,,,,
2005-08-18,,,,,incompleta-v4,,,,
2005-08-19,,,,,incompleta-v4,,,,
2005-08-22,,,,,incompleta-v4,,,,
2005-08-23,,,,,incompleta-v4,,,,
2005-08-24,,,,,incompleta-v4,,,,
2005-08-25,,,,,incompleta-v4,,,,
2005-08-26,,,,,incompleta-v4,,,,
2005-08-29,,,,,incompleta-v4,,,,
2005-08-30,,,,,incompleta-v4,,,,
2005-08-31,,,,,incompleta-v4,,,,
2005-09-01,,,,,incompleta-v4,,,,
2005-09-02,,,,,incompleta-v4,,,,
2005-09-05,,,,,incompleta-v4,,,,
2005-09-06,,,,,incompleta-v4,,,,
2005-09-07,,,,,incompleta-v4,,,,
2005-09-08,,,,,incompleta-v4,,,,
2005-09-09,,,,,incompleta-v4,,,,
2005-09-12,,,,,incompleta-v4,,,,
2005-09-13,,,,,incompleta-v4,,,,
2005-09-14,,,,,incompleta-v4,,,,
2005-09-15,,,,,incompleta-v4,,,,
2005-09-16,,,,,incompleta-v4,,,,
2005-09-19,,,,,incompleta-v4,,,,
2005-09-20,,,,,incompleta-v4,,,,
2005-09-21,,,,,incompleta-v4,,,,
2005-09-22,,,,,incompleta-v4,,,,
2005-09-23,,,,,incompleta-v4,,,,
2005-09-26,,,,,incompleta-v4,,,,
2005-09-27,,,,,incompleta-v4,,,,
2005-09-28,,,,,incompleta-v4,,,,
2005-09-29,,,,,incompleta-v4,,,,
2005-09-30,,,,,incompleta-v4,,,,
2005-10-03,,,,,incompleta-v4,,,,
2005-10-04,,,,,incompleta-v4,,,,
2005-10-05,,,,,incompleta-v4,,,,
2005-10-06,,,,,incompleta-v4,,,,
2005-10-07,,,,,incompleta-v4,,,,
2005-10-10,,,,,incompleta-v4,,,,
2005-10-11,,,,,incompleta-v4,,,,
2005-10-12,,,,,incompleta-v4,,,,
2005-10-13,,,,,incompleta-v4,,,,
2005-10-14,,,,,incompleta-v4,,,,
2005-10-17,,,,,incompleta-v4,,,,
2005-10-18,,,,,incompleta-v4,,,,
2005-10-19,,,,,incompleta-v4,,,,
2005-10-20,,,,,incompleta-v4,,,,
2005-10-21,,,,,incompleta-v4,,,,
2005-10-24,,,,,incompleta-v4,,,,
2005-10-25,,,,,incompleta-v4,,,,
2005-10-26,,,,,incompleta-v4,,,,
2005-10-27,,,,,incompleta-v4,,,,
2005-10-28,,,,,incompleta-v4,,,,
2005-10-31,,,,,incompleta-v4,,,,
2005-11-01,,,,,incompleta-v4,,,,
2005-11-02,,,,,incompleta-v4,,,,
2005-11-03,,,,,incompleta-v4,,,,
2005-11-04,,,,,incompleta-v4,,,,
2005-11-07,,,,,incompleta-v4,,,,
2005-11-08,,,,,incompleta-v4,,,,
2005-11-09,,,,,incompleta-v4,,,,
2005-11-10,,,,,incompleta-v4,,,,
2005-11-11,,,,,incompleta-v4,,,,
2005-11-14,,,,,incompleta-v4,,,,
2005-11-15,,,,,incompleta-v4,,,,
2005-11-16,,,,,incompleta-v4,,,,
2005-11-17,,,,,incompleta-v4,,,,
2005-11-18,,,,,incompleta-v4,,,,
2005-11-21,,,,,incompleta-v4,,,,
2005-11-22,,,,,incompleta-v4,,,,
2005-11-23,,,,,incompleta-v4,,,,
2005-11-24,,,,,incompleta-v4,,,,
2005-11-25,,,,,incompleta-v4,,,,
2005-11-28,,,,,incompleta-v4,,,,
2005-11-29,,,,,incompleta-v4,,,,
2005-11-30,,,,,incompleta-v4,,,,
2005-12-01,,,,,incompleta-v4,,,,
2005-12-02,,,,,incompleta-v4,,,,
2005-12-05,,,,,incompleta-v4,,,,
2005-12-06,,,,,incompleta-v4,,,,
2005-12-07,,,,,incompleta-v4,,,,
2005-12-08,,,,,incompleta-v4,,,,
2005-12-09,,,,,incompleta-v4,,,,
2005-12-12,,,,,incompleta-v4,,,,
2005-12-13,,,,,incompleta-v4,,,,
2005-12-14,,,,,incompleta-v4,,,,
2005-12-15,,,,,incompleta-v4,,,,
2005-12-16,,,,,incompleta-v4,,,,
2005-12-19,,,,,incompleta-v4,,,,
2005-12-20,,,,,incompleta-v4,,,,
2005-12-21,,,,,incompleta-v4,,,,
2005-12-22,,,,,incompleta-v4,,,,
2005-12-23,,,,,incompleta-v4,,,,
2005-12-26,,,,,incompleta-v4,,,,
2005-12-27,,,,,incompleta-v4,,,,
2005-12-28,,,,,incompleta-v4,,,,
2005-12-29,,,,,incompleta-v4,,,,
2005-12-30,,,,,incompleta-v4,,,,
2005-12-31,,,,,incompleta-v4,,,,
2006-01-02,,,,,incompleta-v4,,,,
2006-01-03,,,,,incompleta-v4,,,,
2006-01-04,,,,,incompleta-v4,,,,
2006-01-05,,,,,incompleta-v4,,,,
2006-01-06,,,,,incompleta-v4,,,,
2006-01-09,,,,,incompleta-v4,,,,
2006-01-10,,,,,incompleta-v4,,,,
2006-01-11,,,,,incompleta-v4,,,,
2006-01-12,,,,,incompleta-v4,,,,
2006-01-13,,,,,incompleta-v4,,,,
2006-01-16,,,,,incompleta-v4,,,,
2006-01-17,,,,,incompleta-v4,,,,
2006-01-18,,,,,incompleta-v4,,,,
2006-01-19,,,,,incompleta-v4,,,,
2006-01-20,,,,,incompleta-v4,,,,
2006-01-23,,,,,incompleta-v4,,,,
2006-01-24,,,,,incompleta-v4,,,,
2006-01-25,,,,,incompleta-v4,,,,
2006-01-26,,,,,incompleta-v4,,,,
2006-01-27,,,,,incompleta-v4,,,,
2006-01-30,,,,,incompleta-v4,,,,
2006-01-31,,,,,incompleta-v4,,,,
2006-02-01,,,,,incompleta-v4,,,,
2006-02-02,,,,,incompleta-v4,,,,
2006-02-03,,,,,incompleta-v4,,,,
2006-02-06,,,,,incompleta-v4,,,,
2006-02-07,,,,,incompleta-v4,,,,
2006-02-08,,,,,incompleta-v4,,,,
2006-02-09,,,,,incompleta-v4,,,,
2006-02-10,,,,,incompleta-v4,,,,
2006-02-13,,,,,incompleta-v4,,,,
2006-02-14,,,,,incompleta-v4,,,,
2006-02-15,,,,,incompleta-v4,,,,
2006-02-16,,,,,incompleta-v4,,,,
2006-02-17,,,,,incompleta-v4,,,,
2006-02-20,,,,,incompleta-v4,,,,
2006-02-21,,,,,incompleta-v4,,,,
2006-02-22,,,,,incompleta-v4,,,,
2006-02-23,,,,,incompleta-v4,,,,
2006-02-24,,,,,incompleta-v4,,,,
2006-02-27,,,,,incompleta-v4,,,,
2006-02-28,,,,,incompleta-v4,,,,
2006-03-01,,,,,incompleta-v4,,,,
2006-03-02,,,,,incompleta-v4,,,,
2006-03-03,,,,,incompleta-v4,,,,
2006-03-06,,,,,incompleta-v4,,,,
2006-03-07,,,,,incompleta-v4,,,,
2006-03-08,,,,,incompleta-v4,,,,
2006-03-09,,,,,incompleta-v4,,,,
2006-03-10,,,,,incompleta-v4,,,,
2006-03-13,,,,,incompleta-v4,,,,
2006-03-14,,,,,incompleta-v4,,,,
2006-03-15,,,,,incompleta-v4,,,,
2006-03-16,,,,,incompleta-v4,,,,
2006-03-17,,,,,incompleta-v4,,,,
2006-03-20,,,,,incompleta-v4,,,,
2006-03-21,,,,,incompleta-v4,,,,
2006-03-22,,,,,incompleta-v4,,,,
2006-03-23,,,,,incompleta-v4,,,,
2006-03-24,,,,,incompleta-v4,,,,
2006-03-27,,,,,incompleta-v4,,,,
2006-03-28,,,,,incompleta-v4,,,,
2006-03-29,,,,,incompleta-v4,,,,
2006-03-30,,,,,incompleta-v4,,,,
2006-03-31,,,,,incompleta-v4,,,,
2006-04-03,,,,,incompleta-v4,,,,
2006-04-04,,,,,incompleta-v4,,,,
2006-04-05,,,,,incompleta-v4,,,,
2006-04-06,,,,,incompleta-v4,,,,
2006-04-07,,,,,incompleta-v4,,,,
2006-04-10,,,,,incompleta-v4,,,,
2006-04-11,,,,,incompleta-v4,,,,
2006-04-12,,,,,incompleta-v4,,,,
2006-04-13,,,,,incompleta-v4,,,,
2006-04-17,,,,,incompleta-v4,,,,
2006-04-18,,,,,incompleta-v4,,,,
2006-04-19,,,,,incompleta-v4,,,,
2006-04-20,,,,,incompleta-v4,,,,
2006-04-21,,,,,incompleta-v4,,,,
2006-04-24,,,,,incompleta-v4,,,,
2006-04-25,,,,,incompleta-v4,,,,
2006-04-26,,,,,incompleta-v4,,,,
2006-04-27,,,,,incompleta-v4,,,,
2006-04-28,,,,,incompleta-v4,,,,
2006-05-01,,,,,incompleta-v4,,,,
2006-05-02,,,,,incompleta-v4,,,,
2006-05-03,,,,,incompleta-v4,,,,
2006-05-04,,,,,incompleta-v4,,,,
2006-05-05,,,,,incompleta-v4,,,,
2006-05-08,,,,,incompleta-v4,,,,
2006-05-09,,,,,incompleta-v4,,,,
2006-05-10,,,,,incompleta-v4,,,,
2006-05-11,,,,,incompleta-v4,,,,
2006-05-12,,,,,incompleta-v4,,,,
2006-05-15,,,,,incompleta-v4,,,,
2006-05-16,,,,,incompleta-v4,,,,
2006-05-17,,,,,incompleta-v4,,,,
2006-05-18,,,,,incompleta-v4,,,,
2006-05-19,,,,,incompleta-v4,,,,
2006-05-22,,,,,incompleta-v4,,,,
2006-05-23,,,,,incompleta-v4,,,,
2006-05-24,,,,,incompleta-v4,,,,
2006-05-25,,,,,incompleta-v4,,,,
2006-05-26,,,,,incompleta-v4,,,,
2006-05-29,,,,,incompleta-v4,,,,
2006-05-30,,,,,incompleta-v4,,,,
2006-05-31,,,,,incompleta-v4,,,,
2006-06-01,,,,,incompleta-v4,,,,
2006-06-02,,,,,incompleta-v4,,,,
2006-06-05,,,,,incompleta-v4,,,,
2006-06-06,,,,,incompleta-v4,,,,
2006-06-07,,,,,incompleta-v4,,,,
2006-06-08,,,,,incompleta-v4,,,,
2006-06-09,,,,,incompleta-v4,,,,
2006-06-12,,,,,incompleta-v4,,,,
2006-06-13,,,,,incompleta-v4,,,,
2006-06-14,,,,,incompleta-v4,,,,
2006-06-15,,,,,incompleta-v4,,,,
2006-06-16,,,,,incompleta-v4,,,,
2006-06-19,,,,,incompleta-v4,,,,
2006-06-20,,,,,incompleta-v4,,,,
2006-06-21,,,,,incompleta-v4,,,,
2006-06-22,,,,,incompleta-v4,,,,
2006-06-23,,,,,incompleta-v4,,,,
2006-06-26,,,,,incompleta-v4,,,,
2006-06-27,,,,,incompleta-v4,,,,
2006-06-28,,,,,incompleta-v4,,,,
2006-06-29,,,,,incompleta-v4,,,,
2006-06-30,,,,,incompleta-v4,,,,
2006-07-03,,,,,incompleta-v4,,,,
2006-07-04,,,,,incompleta-v4,,,,
2006-07-05,,,,,incompleta-v4,,,,
2006-07-06,,,,,incompleta-v4,,,,
2006-07-07,,,,,incompleta-v4,,,,
2006-07-10,,,,,incompleta-v4,,,,
2006-07-11,,,,,incompleta-v4,,,,
2006-07-12,,,,,incompleta-v4,,,,
2006-07-13,,,,,incompleta-v4,,,,
2006-07-14,,,,,incompleta-v4,,,,
2006-07-17,,,,,incompleta-v4,,,,
2006-07-18,,,,,incompleta-v4,,,,
2006-07-19,,,,,incompleta-v4,,,,
2006-07-20,,,,,incompleta-v4,,,,
2006-07-21,,,,,incompleta-v4,,,,
2006-07-24,,,,,incompleta-v4,,,,
2006-07-25,,,,,incompleta-v4,,,,
2006-07-26,,,,,incompleta-v4,,,,
2006-07-27,,,,,incompleta-v4,,,,
2006-07-28,,,,,incompleta-v4,,,,
2006-07-31,,,,,incompleta-v4,,,,
2006-08-01,,,,,incompleta-v4,,,,
2006-08-02,,,,,incompleta-v4,,,,
2006-08-03,,,,,incompleta-v4,,,,
2006-08-04,,,,,incompleta-v4,,,,
2006-08-07,,,,,incompleta-v4,,,,
2006-08-08,,,,,incompleta-v4,,,,
2006-08-09,,,,,incompleta-v4,,,,
2006-08-10,,,,,incompleta-v4,,,,
2006-08-11,,,,,incompleta-v4,,,,
2006-08-14,,,,,incompleta-v4,,,,
2006-08-15,,,,,incompleta-v4,,,,
2006-08-16,,,,,incompleta-v4,,,,
2006-08-17,,,,,incompleta-v4,,,,
2006-08-18,,,,,incompleta-v4,,,,
2006-08-21,,,,,incompleta-v4,,,,
2006-08-22,,,,,incompleta-v4,,,,
2006-08-23,,,,,incompleta-v4,,,,
2006-08-24,,,,,incompleta-v4,,,,
2006-08-25,,,,,incompleta-v4,,,,
2006-08-28,,,,,incompleta-v4,,,,
2006-08-29,,,,,incompleta-v4,,,,
2006-08-30,,,,,incompleta-v4,,,,
2006-08-31,,,,,incompleta-v4,,,,
2006-09-01,,,,,incompleta-v4,,,,
2006-09-04,,,,,incompleta-v4,,,,
2006-09-05,,,,,incompleta-v4,,,,
2006-09-06,,,,,incompleta-v4,,,,
2006-09-07,,,,,incompleta-v4,,,,
2006-09-08,,,,,incompleta-v4,,,,
2006-09-11,,,,,incompleta-v4,,,,
2006-09-12,,,,,incompleta-v4,,,,
2006-09-13,,,,,incompleta-v4,,,,
2006-09-14,,,,,incompleta-v4,,,,
2006-09-15,,,,,incompleta-v4,,,,
2006-09-18,,,,,incompleta-v4,,,,
2006-09-19,,,,,incompleta-v4,,,,
2006-09-20,,,,,incompleta-v4,,,,
2006-09-21,,,,,incompleta-v4,,,,
2006-09-22,,,,,incompleta-v4,,,,
2006-09-25,,,,,incompleta-v4,,,,
2006-09-26,,,,,incompleta-v4,,,,
2006-09-27,,,,,incompleta-v4,,,,
2006-09-28,,,,,incompleta-v4,,,,
2006-09-29,,,,,incompleta-v4,,,,
2006-10-02,,,,,incompleta-v4,,,,
2006-10-03,,,,,incompleta-v4,,,,
2006-10-04,,,,,incompleta-v4,,,,
2006-10-05,,,,,incompleta-v4,,,,
2006-10-06,,,,,incompleta-v4,,,,
2006-10-09,,,,,incompleta-v4,,,,
2006-10-10,,,,,incompleta-v4,,,,
2006-10-11,,,,,incompleta-v4,,,,
2006-10-12,,,,,incompleta-v4,,,,
2006-10-13,,,,,incompleta-v4,,,,
2006-10-16,,,,,incompleta-v4,,,,
2006-10-17,,,,,incompleta-v4,,,,
2006-10-18,,,,,incompleta-v4,,,,
2006-10-19,,,,,incompleta-v4,,,,
2006-10-20,,,,,incompleta-v4,,,,
2006-10-23,,,,,incompleta-v4,,,,
2006-10-24,,,,,incompleta-v4,,,,
2006-10-25,,,,,incompleta-v4,,,,
2006-10-26,,,,,incompleta-v4,,,,
2006-10-27,,,,,incompleta-v4,,,,
2006-10-30,,,,,incompleta-v4,,,,
2006-10-31,,,,,incompleta-v4,,,,
2006-11-01,,,,,incompleta-v4,,,,
2006-11-02,,,,,incompleta-v4,,,,
2006-11-03,,,,,incompleta-v4,,,,
2006-11-06,,,,,incompleta-v4,,,,
2006-11-07,,,,,incompleta-v4,,,,
2006-11-08,,,,,incompleta-v4,,,,
2006-11-09,,,,,incompleta-v4,,,,
2006-11-10,,,,,incompleta-v4,,,,
2006-11-13,,,,,incompleta-v4,,,,
2006-11-14,,,,,incompleta-v4,,,,
2006-11-15,,,,,incompleta-v4,,,,
2006-11-16,,,,,incompleta-v4,,,,
2006-11-17,,,,,incompleta-v4,,,,
2006-11-19,,,,,incompleta-v4,,,,
2006-11-20,,,,,incompleta-v4,,,,
2006-11-21,,,,,incompleta-v4,,,,
2006-11-22,,,,,incompleta-v4,,,,
2006-11-23,,,,,incompleta-v4,,,,
2006-11-24,,,,,incompleta-v4,,,,
2006-11-27,,,,,incompleta-v4,,,,
2006-11-28,,,,,incompleta-v4,,,,
2006-11-29,,,,,incompleta-v4,,,,
2006-11-30,,,,,incompleta-v4,,,,
2006-12-01,,,,,incompleta-v4,,,,
2006-12-04,,,,,incompleta-v4,,,,
2006-12-05,,,,,incompleta-v4,,,,
2006-12-06,,,,,incompleta-v4,,,,
2006-12-07,,,,,incompleta-v4,,,,
2006-12-08,,,,,incompleta-v4,,,,
2006-12-11,,,,,incompleta-v4,,,,
2006-12-12,,,,,incompleta-v4,,,,
2006-12-13,,,,,incompleta-v4,,,,
2006-12-14,,,,,incompleta-v4,,,,
2006-12-15,,,,,incompleta-v4,,,,
2006-12-18,,,,,incompleta-v4,,,,
2006-12-19,,,,,incompleta-v4,,,,
2006-12-20,,,,,incompleta-v4,,,,
2006-12-21,,,,,incompleta-v4,,,,
2006-12-22,,,,,incompleta-v4,,,,
2006-12-26,,,,,incompleta-v4,,,,
2006-12-27,,,,,incompleta-v4,,,,
2006-12-28,,,,,incompleta-v4,,,,
2006-12-29,,,,,incompleta-v4,,,,
2007-01-02,,,,,incompleta-v4,,,,
2007-01-03,,,,,incompleta-v4,,,,
2007-01-04,,,,,incompleta-v4,,,,
2007-01-05,,,,,incompleta-v4,,,,
2007-01-08,,,,,incompleta-v4,,,,
2007-01-09,,,,,incompleta-v4,,,,
2007-01-10,,,,,incompleta-v4,,,,
2007-01-11,,,,,incompleta-v4,,,,
2007-01-12,,,,,incompleta-v4,,,,
2007-01-15,,,,,incompleta-v4,,,,
2007-01-16,,,,,incompleta-v4,,,,
2007-01-17,,,,,incompleta-v4,,,,
2007-01-18,,,,,incompleta-v4,,,,
2007-01-19,,,,,incompleta-v4,,,,
2007-01-22,,,,,incompleta-v4,,,,
2007-01-23,,,,,incompleta-v4,,,,
2007-01-24,,,,,incompleta-v4,,,,
2007-01-25,,,,,incompleta-v4,,,,
2007-01-26,,,,,incompleta-v4,,,,
2007-01-29,,,,,incompleta-v4,,,,
2007-01-30,,,,,incompleta-v4,,,,
2007-01-31,,,,,incompleta-v4,,,,
2007-02-01,,,,,incompleta-v4,,,,
2007-02-02,,,,,incompleta-v4,,,,
2007-02-05,,,,,incompleta-v4,,,,
2007-02-06,,,,,incompleta-v4,,,,
2007-02-07,,,,,incompleta-v4,,,,
2007-02-08,,,,,incompleta-v4,,,,
2007-02-09,,,,,incompleta-v4,,,,
2007-02-12,,,,,incompleta-v4,,,,
2007-02-13,,,,,incompleta-v4,,,,
2007-02-14,,,,,incompleta-v4,,,,
2007-02-15,,,,,incompleta-v4,,,,
2007-02-16,,,,,incompleta-v4,,,,
2007-02-19,,,,,incompleta-v4,,,,
2007-02-20,,,,,incompleta-v4,,,,
2007-02-21,,,,,incompleta-v4,,,,
2007-02-22,,,,,incompleta-v4,,,,
2007-02-23,,,,,incompleta-v4,,,,
2007-02-26,,,,,incompleta-v4,,,,
2007-02-27,,,,,incompleta-v4,,,,
2007-02-28,,,,,incompleta-v4,,,,
2007-03-01,,,,,incompleta-v4,,,,
2007-03-02,,,,,incompleta-v4,,,,
2007-03-05,,,,,incompleta-v4,,,,
2007-03-06,,,,,incompleta-v4,,,,
2007-03-07,,,,,incompleta-v4,,,,
2007-03-08,,,,,incompleta-v4,,,,
2007-03-09,,,,,incompleta-v4,,,,
2007-03-12,,,,,incompleta-v4,,,,
2007-03-13,,,,,incompleta-v4,,,,
2007-03-14,,,,,incompleta-v4,,,,
2007-03-15,,,,,incompleta-v4,,,,
2007-03-16,,,,,incompleta-v4,,,,
2007-03-19,,,,,incompleta-v4,,,,
2007-03-20,,,,,incompleta-v4,,,,
2007-03-21,,,,,incompleta-v4,,,,
2007-03-22,,,,,incompleta-v4,,,,
2007-03-23,,,,,incompleta-v4,,,,
2007-03-26,,,,,incompleta-v4,,,,
2007-03-27,,,,,incompleta-v4,,,,
2007-03-28,,,,,incompleta-v4,,,,
2007-03-29,,,,,incompleta-v4,,,,
2007-03-30,,,,,incompleta-v4,,,,
2007-04-02,,,,,incompleta-v4,,,,
2007-04-03,,,,,incompleta-v4,,,,
2007-04-04,,,,,incompleta-v4,,,,
2007-04-05,,,,,incompleta-v4,,,,
2007-04-09,,,,,incompleta-v4,,,,
2007-04-10,,,,,incompleta-v4,,,,
2007-04-11,,,,,incompleta-v4,,,,
2007-04-12,,,,,incompleta-v4,,,,
2007-04-13,,,,,incompleta-v4,,,,
2007-04-16,,,,,incompleta-v4,,,,
2007-04-17,,,,,incompleta-v4,,,,
2007-04-18,,,,,incompleta-v4,,,,
2007-04-19,,,,,incompleta-v4,,,,
2007-04-20,,,,,incompleta-v4,,,,
2007-04-23,,,,,incompleta-v4,,,,
2007-04-24,,,,,incompleta-v4,,,,
2007-04-25,,,,,incompleta-v4,,,,
2007-04-26,,,,,incompleta-v4,,,,
2007-04-27,,,,,incompleta-v4,,,,
2007-04-30,,,,,incompleta-v4,,,,
2007-05-01,,,,,incompleta-v4,,,,
2007-05-02,,,,,incompleta-v4,,,,
2007-05-03,,,,,incompleta-v4,,,,
2007-05-04,,,,,incompleta-v4,,,,
2007-05-07,,,,,incompleta-v4,,,,
2007-05-08,,,,,incompleta-v4,,,,
2007-05-09,,,,,incompleta-v4,,,,
2007-05-10,,,,,incompleta-v4,,,,
2007-05-11,,,,,incompleta-v4,,,,
2007-05-14,,,,,incompleta-v4,,,,
2007-05-15,,,,,incompleta-v4,,,,
2007-05-16,,,,,incompleta-v4,,,,
2007-05-17,,,,,incompleta-v4,,,,
2007-05-18,,,,,incompleta-v4,,,,
2007-05-21,,,,,incompleta-v4,,,,
2007-05-22,,,,,incompleta-v4,,,,
2007-05-23,,,,,incompleta-v4,,,,
2007-05-24,,,,,incompleta-v4,,,,
2007-05-25,,,,,incompleta-v4,,,,
2007-05-28,,,,,incompleta-v4,,,,
2007-05-29,,,,,incompleta-v4,,,,
2007-05-30,,,,,incompleta-v4,,,,
2007-05-31,,,,,incompleta-v4,,,,
2007-06-01,,,,,incompleta-v4,,,,
2007-06-04,,,,,incompleta-v4,,,,
2007-06-05,,,,,incompleta-v4,,,,
2007-06-06,,,,,incompleta-v4,,,,
2007-06-07,,,,,incompleta-v4,,,,
2007-06-08,,,,,incompleta-v4,,,,
2007-06-11,,,,,incompleta-v4,,,,
2007-06-12,,,,,incompleta-v4,,,,
2007-06-13,,,,,incompleta-v4,,,,
2007-06-14,,,,,incompleta-v4,,,,
2007-06-15,,,,,incompleta-v4,,,,
2007-06-18,,,,,incompleta-v4,,,,
2007-06-19,,,,,incompleta-v4,,,,
2007-06-20,,,,,incompleta-v4,,,,
2007-06-21,,,,,incompleta-v4,,,,
2007-06-22,,,,,incompleta-v4,,,,
2007-06-25,,,,,incompleta-v4,,,,
2007-06-26,,,,,incompleta-v4,,,,
2007-06-27,,,,,incompleta-v4,,,,
2007-06-28,,,,,incompleta-v4,,,,
2007-06-29,,,,,incompleta-v4,,,,
2007-07-02,,,,,incompleta-v4,,,,
2007-07-03,,,,,incompleta-v4,,,,
2007-07-04,,,,,incompleta-v4,,,,
2007-07-05,,,,,incompleta-v4,,,,
2007-07-06,,,,,incompleta-v4,,,,
2007-07-09,,,,,incompleta-v4,,,,
2007-07-10,,,,,incompleta-v4,,,,
2007-07-11,,,,,incompleta-v4,,,,
2007-07-12,,,,,incompleta-v4,,,,
2007-07-13,,,,,incompleta-v4,,,,
2007-07-16,,,,,incompleta-v4,,,,
2007-07-17,,,,,incompleta-v4,,,,
2007-07-18,,,,,incompleta-v4,,,,
2007-07-19,,,,,incompleta-v4,,,,
2007-07-20,,,,,incompleta-v4,,,,
2007-07-23,,,,,incompleta-v4,,,,
2007-07-24,,,,,incompleta-v4,,,,
2007-07-25,,,,,incompleta-v4,,,,
2007-07-26,,,,,incompleta-v4,,,,
2007-07-27,,,,,incompleta-v4,,,,
2007-07-30,,,,,incompleta-v4,,,,
2007-07-31,,,,,incompleta-v4,,,,
2007-08-01,,,,,incompleta-v4,,,,
2007-08-02,,,,,incompleta-v4,,,,
2007-08-03,,,,,incompleta-v4,,,,
2007-08-06,,,,,incompleta-v4,,,,
2007-08-07,,,,,incompleta-v4,,,,
2007-08-08,,,,,incompleta-v4,,,,
2007-08-09,,,,,incompleta-v4,,,,
2007-08-10,,,,,incompleta-v4,,,,
2007-08-13,,,,,incompleta-v4,,,,
2007-08-14,,,,,incompleta-v4,,,,
2007-08-15,,,,,incompleta-v4,,,,
2007-08-16,,,,,incompleta-v4,,,,
2007-08-17,,,,,incompleta-v4,,,,
2007-08-20,,,,,incompleta-v4,,,,
2007-08-21,,,,,incompleta-v4,,,,
2007-08-22,,,,,incompleta-v4,,,,
2007-08-23,,,,,incompleta-v4,,,,
2007-08-24,,,,,incompleta-v4,,,,
2007-08-27,,,,,incompleta-v4,,,,
2007-08-28,,,,,incompleta-v4,,,,
2007-08-29,,,,,incompleta-v4,,,,
2007-08-30,,,,,incompleta-v4,,,,
2007-08-31,,,,,incompleta-v4,,,,
2007-09-03,,,,,incompleta-v4,,,,
2007-09-04,,,,,incompleta-v4,,,,
2007-09-05,,,,,incompleta-v4,,,,
2007-09-06,,,,,incompleta-v4,,,,
2007-09-07,,,,,incompleta-v4,,,,
2007-09-10,,,,,incompleta-v4,,,,
2007-09-11,,,,,incompleta-v4,,,,
2007-09-12,,,,,incompleta-v4,,,,
2007-09-13,,,,,incompleta-v4,,,,
2007-09-14,,,,,incompleta-v4,,,,
2007-09-17,,,,,incompleta-v4,,,,
2007-09-18,,,,,incompleta-v4,,,,
2007-09-19,,,,,incompleta-v4,,,,
2007-09-20,,,,,incompleta-v4,,,,
2007-09-21,,,,,incompleta-v4,,,,
2007-09-24,,,,,incompleta-v4,,,,
2007-09-25,,,,,incompleta-v4,,,,
2007-09-26,,,,,incompleta-v4,,,,
2007-09-27,,,,,incompleta-v4,,,,
2007-09-28,,,,,incompleta-v4,,,,
2007-10-01,,,,,incompleta-v4,,,,
2007-10-02,,,,,incompleta-v4,,,,
2007-10-03,,,,,incompleta-v4,,,,
2007-10-04,,,,,incompleta-v4,,,,
2007-10-05,,,,,incompleta-v4,,,,
2007-10-08,,,,,incompleta-v4,,,,
2007-10-09,,,,,incompleta-v4,,,,
2007-10-10,,,,,incompleta-v4,,,,
2007-10-11,,,,,incompleta-v4,,,,
2007-10-12,,,,,incompleta-v4,,,,
2007-10-15,,,,,incompleta-v4,,,,
2007-10-16,,,,,incompleta-v4,,,,
2007-10-17,,,,,incompleta-v4,,,,
2007-10-18,,,,,incompleta-v4,,,,
2007-10-19,,,,,incompleta-v4,,,,
2007-10-22,,,,,incompleta-v4,,,,
2007-10-23,,,,,incompleta-v4,,,,
2007-10-24,,,,,incompleta-v4,,,,
2007-10-25,,,,,incompleta-v4,,,,
2007-10-26,,,,,incompleta-v4,,,,
2007-10-29,,,,,incompleta-v4,,,,
2007-10-30,,,,,incompleta-v4,,,,
2007-10-31,,,,,incompleta-v4,,,,
2007-11-01,,,,,incompleta-v4,,,,
2007-11-02,,,,,incompleta-v4,,,,
2007-11-05,,,,,incompleta-v4,,,,
2007-11-06,,,,,incompleta-v4,,,,
2007-11-07,,,,,incompleta-v4,,,,
2007-11-08,,,,,incompleta-v4,,,,
2007-11-09,,,,,incompleta-v4,,,,
2007-11-12,,,,,incompleta-v4,,,,
2007-11-13,,,,,incompleta-v4,,,,
2007-11-14,,,,,incompleta-v4,,,,
2007-11-15,,,,,incompleta-v4,,,,
2007-11-16,,,,,incompleta-v4,,,,
2007-11-19,,,,,incompleta-v4,,,,
2007-11-20,,,,,incompleta-v4,,,,
2007-11-21,,,,,incompleta-v4,,,,
2007-11-22,,,,,incompleta-v4,,,,
2007-11-23,,,,,incompleta-v4,,,,
2007-11-26,,,,,incompleta-v4,,,,
2007-11-27,,,,,incompleta-v4,,,,
2007-11-28,,,,,incompleta-v4,,,,
2007-11-29,,,,,incompleta-v4,,,,
2007-11-30,,,,,incompleta-v4,,,,
2007-12-03,,,,,incompleta-v4,,,,
2007-12-04,,,,,incompleta-v4,,,,
2007-12-05,,,,,incompleta-v4,,,,
2007-12-06,,,,,incompleta-v4,,,,
2007-12-07,,,,,incompleta-v4,,,,
2007-12-10,,,,,incompleta-v4,,,,
2007-12-11,,,,,incompleta-v4,,,,
2007-12-12,,,,,incompleta-v4,,,,
2007-12-13,,,,,incompleta-v4,,,,
2007-12-14,,,,,incompleta-v4,,,,
2007-12-17,,,,,incompleta-v4,,,,
2007-12-18,,,,,incompleta-v4,,,,
2007-12-19,,,,,incompleta-v4,,,,
2007-12-20,,,,,incompleta-v4,,,,
2007-12-21,,,,,incompleta-v4,,,,
2007-12-24,,,,,incompleta-v4,,,,
2007-12-26,,,,,incompleta-v4,,,,
2007-12-27,,,,,incompleta-v4,,,,
2007-12-28,,,,,incompleta-v4,,,,
2007-12-31,,,,,incompleta-v4,,,,
2008-01-02,,,,,incompleta-v4,,,,
2008-01-03,,,,,incompleta-v4,,,,
2008-01-04,,,,,incompleta-v4,,,,
2008-01-07,,,,,incompleta-v4,,,,
2008-01-08,,,,,incompleta-v4,,,,
2008-01-09,,,,,incompleta-v4,,,,
2008-01-10,,,,,incompleta-v4,,,,
2008-01-11,,,,,incompleta-v4,,,,
2008-01-14,,,,,incompleta-v4,,,,
2008-01-15,,,,,incompleta-v4,,,,
2008-01-16,,,,,incompleta-v4,,,,
2008-01-17,,,,,incompleta-v4,,,,
2008-01-18,,,,,incompleta-v4,,,,
2008-01-21,,,,,incompleta-v4,,,,
2008-01-22,,,,,incompleta-v4,,,,
2008-01-23,,,,,incompleta-v4,,,,
2008-01-24,,,,,incompleta-v4,,,,
2008-01-25,,,,,incompleta-v4,,,,
2008-01-27,,,,,incompleta-v4,,,,
2008-01-28,,,,,incompleta-v4,,,,
2008-01-29,,,,,incompleta-v4,,,,
2008-01-30,,,,,incompleta-v4,,,,
2008-01-31,,,,,incompleta-v4,,,,
2008-02-01,,,,,incompleta-v4,,,,
2008-02-04,,,,,incompleta-v4,,,,
2008-02-05,,,,,incompleta-v4,,,,
2008-02-06,,,,,incompleta-v4,,,,
2008-02-07,,,,,incompleta-v4,,,,
2008-02-08,,,,,incompleta-v4,,,,
2008-02-11,,,,,incompleta-v4,,,,
2008-02-12,,,,,incompleta-v4,,,,
2008-02-13,,,,,incompleta-v4,,,,
2008-02-14,,,,,incompleta-v4,,,,
2008-02-15,,,,,incompleta-v4,,,,
2008-02-18,,,,,incompleta-v4,,,,
2008-02-19,,,,,incompleta-v4,,,,
2008-02-20,,,,,incompleta-v4,,,,
2008-02-21,,,,,incompleta-v4,,,,
2008-02-22,,,,,incompleta-v4,,,,
2008-02-25,,,,,incompleta-v4,,,,
2008-02-26,,,,,incompleta-v4,,,,
2008-02-27,,,,,incompleta-v4,,,,
2008-02-28,,,,,incompleta-v4,,,,
2008-02-29,,,,,incompleta-v4,,,,
2008-03-03,,,,,incompleta-v4,,,,
2008-03-04,,,,,incompleta-v4,,,,
2008-03-05,,,,,incompleta-v4,,,,
2008-03-06,,,,,incompleta-v4,,,,
2008-03-07,,,,,incompleta-v4,,,,
2008-03-10,,,,,incompleta-v4,,,,
2008-03-11,,,,,incompleta-v4,,,,
2008-03-12,,,,,incompleta-v4,,,,
2008-03-13,,,,,incompleta-v4,,,,
2008-03-14,,,,,incompleta-v4,,,,
2008-03-17,,,,,incompleta-v4,,,,
2008-03-18,,,,,incompleta-v4,,,,
2008-03-19,,,,,incompleta-v4,,,,
2008-03-20,,,,,incompleta-v4,,,,
2008-03-24,,,,,incompleta-v4,,,,
2008-03-25,,,,,incompleta-v4,,,,
2008-03-26,,,,,incompleta-v4,,,,
2008-03-27,,,,,incompleta-v4,,,,
2008-03-28,,,,,incompleta-v4,,,,
2008-03-31,,,,,incompleta-v4,,,,
2008-04-01,,,,,incompleta-v4,,,,
2008-04-02,,,,,incompleta-v4,,,,
2008-04-03,,,,,incompleta-v4,,,,
2008-04-04,,,,,incompleta-v4,,,,
2008-04-07,,,,,incompleta-v4,,,,
2008-04-08,,,,,incompleta-v4,,,,
2008-04-09,,,,,incompleta-v4,,,,
2008-04-10,,,,,incompleta-v4,,,,
2008-04-11,,,,,incompleta-v4,,,,
2008-04-14,,,,,incompleta-v4,,,,
2008-04-15,,,,,incompleta-v4,,,,
2008-04-16,,,,,incompleta-v4,,,,
2008-04-17,,,,,incompleta-v4,,,,
2008-04-18,,,,,incompleta-v4,,,,
2008-04-21,,,,,incompleta-v4,,,,
2008-04-22,,,,,incompleta-v4,,,,
2008-04-23,,,,,incompleta-v4,,,,
2008-04-24,,,,,incompleta-v4,,,,
2008-04-25,,,,,incompleta-v4,,,,
2008-04-28,,,,,incompleta-v4,,,,
2008-04-29,,,,,incompleta-v4,,,,
2008-04-30,,,,,incompleta-v4,,,,
2008-05-01,,,,,incompleta-v4,,,,
2008-05-02,,,,,incompleta-v4,,,,
2008-05-05,,,,,incompleta-v4,,,,
2008-05-06,,,,,incompleta-v4,,,,
2008-05-07,,,,,incompleta-v4,,,,
2008-05-08,,,,,incompleta-v4,,,,
2008-05-09,,,,,incompleta-v4,,,,
2008-05-12,,,,,incompleta-v4,,,,
2008-05-13,,,,,incompleta-v4,,,,
2008-05-14,,,,,incompleta-v4,,,,
2008-05-15,,,,,incompleta-v4,,,,
2008-05-16,,,,,incompleta-v4,,,,
2008-05-19,,,,,incompleta-v4,,,,
2008-05-20,,,,,incompleta-v4,,,,
2008-05-21,,,,,incompleta-v4,,,,
2008-05-22,,,,,incompleta-v4,,,,
2008-05-23,,,,,incompleta-v4,,,,
2008-05-26,,,,,incompleta-v4,,,,
2008-05-27,,,,,incompleta-v4,,,,
2008-05-28,,,,,incompleta-v4,,,,
2008-05-29,,,,,incompleta-v4,,,,
2008-05-30,,,,,incompleta-v4,,,,
2008-06-02,,,,,incompleta-v4,,,,
2008-06-03,,,,,incompleta-v4,,,,
2008-06-04,,,,,incompleta-v4,,,,
2008-06-05,,,,,incompleta-v4,,,,
2008-06-06,,,,,incompleta-v4,,,,
2008-06-09,,,,,incompleta-v4,,,,
2008-06-10,,,,,incompleta-v4,,,,
2008-06-11,,,,,incompleta-v4,,,,
2008-06-12,,,,,incompleta-v4,,,,
2008-06-13,,,,,incompleta-v4,,,,
2008-06-16,,,,,incompleta-v4,,,,
2008-06-17,,,,,incompleta-v4,,,,
2008-06-18,,,,,incompleta-v4,,,,
2008-06-19,,,,,incompleta-v4,,,,
2008-06-20,,,,,incompleta-v4,,,,
2008-06-23,,,,,incompleta-v4,,,,
2008-06-24,,,,,incompleta-v4,,,,
2008-06-25,,,,,incompleta-v4,,,,
2008-06-26,,,,,incompleta-v4,,,,
2008-06-27,,,,,incompleta-v4,,,,
2008-06-30,,,,,incompleta-v4,,,,
2008-07-01,,,,,incompleta-v4,,,,
2008-07-02,,,,,incompleta-v4,,,,
2008-07-03,,,,,incompleta-v4,,,,
2008-07-04,,,,,incompleta-v4,,,,
2008-07-07,,,,,incompleta-v4,,,,
2008-07-08,,,,,incompleta-v4,,,,
2008-07-09,,,,,incompleta-v4,,,,
2008-07-10,,,,,incompleta-v4,,,,
2008-07-11,,,,,incompleta-v4,,,,
2008-07-14,,,,,incompleta-v4,,,,
2008-07-15,,,,,incompleta-v4,,,,
2008-07-16,,,,,incompleta-v4,,,,
2008-07-17,,,,,incompleta-v4,,,,
2008-07-18,,,,,incompleta-v4,,,,
2008-07-21,,,,,incompleta-v4,,,,
2008-07-22,,,,,incompleta-v4,,,,
2008-07-23,,,,,incompleta-v4,,,,
2008-07-24,,,,,incompleta-v4,,,,
2008-07-25,,,,,incompleta-v4,,,,
2008-07-28,,,,,incompleta-v4,,,,
2008-07-29,,,,,incompleta-v4,,,,
2008-07-30,,,,,incompleta-v4,,,,
2008-07-31,,,,,incompleta-v4,,,,
2008-08-01,,,,,incompleta-v4,,,,
2008-08-04,,,,,incompleta-v4,,,,
2008-08-05,,,,,incompleta-v4,,,,
2008-08-06,,,,,incompleta-v4,,,,
2008-08-07,,,,,incompleta-v4,,,,
2008-08-08,,,,,incompleta-v4,,,,
2008-08-11,,,,,incompleta-v4,,,,
2008-08-12,,,,,incompleta-v4,,,,
2008-08-13,,,,,incompleta-v4,,,,
2008-08-14,,,,,incompleta-v4,,,,
2008-08-15,,,,,incompleta-v4,,,,
2008-08-18,,,,,incompleta-v4,,,,
2008-08-19,,,,,incompleta-v4,,,,
2008-08-20,,,,,incompleta-v4,,,,
2008-08-21,,,,,incompleta-v4,,,,
2008-08-22,,,,,incompleta-v4,,,,
2008-08-25,,,,,incompleta-v4,,,,
2008-08-26,,,,,incompleta-v4,,,,
2008-08-27,,,,,incompleta-v4,,,,
2008-08-28,,,,,incompleta-v4,,,,
2008-08-29,,,,,incompleta-v4,,,,
2008-09-01,,,,,incompleta-v4,,,,
2008-09-02,,,,,incompleta-v4,,,,
2008-09-03,,,,,incompleta-v4,,,,
2008-09-04,,,,,incompleta-v4,,,,
2008-09-05,,,,,incompleta-v4,,,,
2008-09-08,,,,,incompleta-v4,,,,
2008-09-09,,,,,incompleta-v4,,,,
2008-09-10,,,,,incompleta-v4,,,,
2008-09-11,,,,,incompleta-v4,,,,
2008-09-12,,,,,incompleta-v4,,,,
2008-09-15,,,,,incompleta-v4,,,,
2008-09-16,,,,,incompleta-v4,,,,
2008-09-17,,,,,incompleta-v4,,,,
2008-09-18,,,,,incompleta-v4,,,,
2008-09-19,,,,,incompleta-v4,,,,
2008-09-22,,,,,incompleta-v4,,,,
2008-09-23,,,,,incompleta-v4,,,,
2008-09-24,,,,,incompleta-v4,,,,
2008-09-25,,,,,incompleta-v4,,,,
2008-09-26,,,,,incompleta-v4,,,,
2008-09-29,,,,,incompleta-v4,,,,
2008-09-30,,,,,incompleta-v4,,,,
2008-10-01,,,,,incompleta-v4,,,,
2008-10-02,,,,,incompleta-v4,,,,
2008-10-03,,,,,incompleta-v4,,,,
2008-10-06,,,,,incompleta-v4,,,,
2008-10-07,,,,,incompleta-v4,,,,
2008-10-08,,,,,incompleta-v4,,,,
2008-10-09,,,,,incompleta-v4,,,,
2008-10-10,,,,,incompleta-v4,,,,
2008-10-14,,,,,incompleta-v4,,,,
2008-10-15,,,,,incompleta-v4,,,,
2008-10-16,,,,,incompleta-v4,,,,
2008-10-17,,,,,incompleta-v4,,,,
2008-10-20,,,,,incompleta-v4,,,,
2008-10-21,,,,,incompleta-v4,,,,
2008-10-22,,,,,incompleta-v4,,,,
2008-10-23,,,,,incompleta-v4,,,,
2008-10-24,,,,,incompleta-v4,,,,
2008-10-27,,,,,incompleta-v4,,,,
2008-10-28,,,,,incompleta-v4,,,,
2008-10-29,,,,,incompleta-v4,,,,
2008-10-30,,,,,incompleta-v4,,,,
2008-10-31,,,,,incompleta-v4,,,,
2008-11-03,,,,,incompleta-v4,,,,
2008-11-04,,,,,incompleta-v4,,,,
2008-11-05,,,,,incompleta-v4,,,,
2008-11-06,,,,,incompleta-v4,,,,
2008-11-07,,,,,incompleta-v4,,,,
2008-11-10,,,,,incompleta-v4,,,,
2008-11-11,,,,,incompleta-v4,,,,
2008-11-12,,,,,incompleta-v4,,,,
2008-11-13,,,,,incompleta-v4,,,,
2008-11-14,,,,,incompleta-v4,,,,
2008-11-17,,,,,incompleta-v4,,,,
2008-11-18,,,,,incompleta-v4,,,,
2008-11-19,,,,,incompleta-v4,,,,
2008-11-20,,,,,incompleta-v4,,,,
2008-11-21,,,,,incompleta-v4,,,,
2008-11-24,,,,,incompleta-v4,,,,
2008-11-25,,,,,incompleta-v4,,,,
2008-11-26,,,,,incompleta-v4,,,,
2008-11-28,,,,,incompleta-v4,,,,
2008-12-01,,,,,incompleta-v4,,,,
2008-12-02,,,,,incompleta-v4,,,,
2008-12-03,,,,,incompleta-v4,,,,
2008-12-04,,,,,incompleta-v4,,,,
2008-12-05,,,,,incompleta-v4,,,,
2008-12-08,,,,,incompleta-v4,,,,
2008-12-09,,,,,incompleta-v4,,,,
2008-12-10,,,,,incompleta-v4,,,,
2008-12-11,,,,,incompleta-v4,,,,
2008-12-12,,,,,incompleta-v4,,,,
2008-12-15,,,,,incompleta-v4,,,,
2008-12-16,,,,,incompleta-v4,,,,
2008-12-17,,,,,incompleta-v4,,,,
2008-12-18,,,,,incompleta-v4,,,,
2008-12-19,,,,,incompleta-v4,,,,
2008-12-22,,,,,incompleta-v4,,,,
2008-12-23,,,,,incompleta-v4,,,,
2008-12-24,,,,,incompleta-v4,,,,
2008-12-26,,,,,incompleta-v4,,,,
2008-12-29,,,,,incompleta-v4,,,,
2008-12-30,,,,,incompleta-v4,,,,
2008-12-31,,,,,incompleta-v4,,,,
2009-01-02,,,,,incompleta-v4,,,,
2009-01-05,,,,,incompleta-v4,,,,
2009-01-06,,,,,incompleta-v4,,,,
2009-01-07,,,,,incompleta-v4,,,,
2009-01-08,,,,,incompleta-v4,,,,
2009-01-09,,,,,incompleta-v4,,,,
2009-01-12,,,,,incompleta-v4,,,,
2009-01-13,,,,,incompleta-v4,,,,
2009-01-14,,,,,incompleta-v4,,,,
2009-01-15,,,,,incompleta-v4,,,,
2009-01-16,,,,,incompleta-v4,,,,
2009-01-19,,,,,incompleta-v4,,,,
2009-01-20,,,,,incompleta-v4,,,,
2009-01-21,,,,,incompleta-v4,,,,
2009-01-22,,,,,incompleta-v4,,,,
2009-01-23,,,,,incompleta-v4,,,,
2009-01-26,,,,,incompleta-v4,,,,
2009-01-27,,,,,incompleta-v4,,,,
2009-01-28,,,,,incompleta-v4,,,,
2009-01-29,,,,,incompleta-v4,,,,
2009-01-30,,,,,incompleta-v4,,,,
2009-02-02,,,,,incompleta-v4,,,,
2009-02-03,,,,,incompleta-v4,,,,
2009-02-04,,,,,incompleta-v4,,,,
2009-02-05,,,,,incompleta-v4,,,,
2009-02-06,,,,,incompleta-v4,,,,
2009-02-09,,,,,incompleta-v4,,,,
2009-02-10,,,,,incompleta-v4,,,,
2009-02-11,,,,,incompleta-v4,,,,
2009-02-12,,,,,incompleta-v4,,,,
2009-02-13,,,,,incompleta-v4,,,,
2009-02-16,,,,,incompleta-v4,,,,
2009-02-17,,,,,incompleta-v4,,,,
2009-02-18,,,,,incompleta-v4,,,,
2009-02-19,,,,,incompleta-v4,,,,
2009-02-20,,,,,incompleta-v4,,,,
2009-02-23,,,,,incompleta-v4,,,,
2009-02-24,,,,,incompleta-v4,,,,
2009-02-25,,,,,incompleta-v4,,,,
2009-02-26,,,,,incompleta-v4,,,,
2009-02-27,,,,,incompleta-v4,,,,
2009-03-02,,,,,incompleta-v4,,,,
2009-03-03,,,,,incompleta-v4,,,,
2009-03-04,,,,,incompleta-v4,,,,
2009-03-05,,,,,incompleta-v4,,,,
2009-03-06,,,,,incompleta-v4,,,,
2009-03-09,,,,,incompleta-v4,,,,
2009-03-10,,,,,incompleta-v4,,,,
2009-03-11,,,,,incompleta-v4,,,,
2009-03-12,,,,,incompleta-v4,,,,
2009-03-13,,,,,incompleta-v4,,,,
2009-03-16,,,,,incompleta-v4,,,,
2009-03-17,,,,,incompleta-v4,,,,
2009-03-18,,,,,incompleta-v4,,,,
2009-03-19,,,,,incompleta-v4,,,,
2009-03-20,,,,,incompleta-v4,,,,
2009-03-23,,,,,incompleta-v4,,,,
2009-03-24,,,,,incompleta-v4,,,,
2009-03-25,,,,,incompleta-v4,,,,
2009-03-26,,,,,incompleta-v4,,,,
2009-03-27,,,,,incompleta-v4,,,,
2009-03-30,,,,,incompleta-v4,,,,
2009-03-31,,,,,incompleta-v4,,,,
2009-04-01,,,,,incompleta-v4,,,,
2009-04-02,,,,,incompleta-v4,,,,
2009-04-03,,,,,incompleta-v4,,,,
2009-04-06,,,,,incompleta-v4,,,,
2009-04-07,,,,,incompleta-v4,,,,
2009-04-08,,,,,incompleta-v4,,,,
2009-04-09,,,,,incompleta-v4,,,,
2009-04-13,,,,,incompleta-v4,,,,
2009-04-14,,,,,incompleta-v4,,,,
2009-04-15,,,,,incompleta-v4,,,,
2009-04-16,,,,,incompleta-v4,,,,
2009-04-17,,,,,incompleta-v4,,,,
2009-04-20,,,,,incompleta-v4,,,,
2009-04-21,,,,,incompleta-v4,,,,
2009-04-22,,,,,incompleta-v4,,,,
2009-04-23,,,,,incompleta-v4,,,,
2009-04-24,,,,,incompleta-v4,,,,
2009-04-27,,,,,incompleta-v4,,,,
2009-04-28,,,,,incompleta-v4,,,,
2009-04-29,,,,,incompleta-v4,,,,
2009-04-30,,,,,incompleta-v4,,,,
2009-05-01,,,,,incompleta-v4,,,,
2009-05-04,,,,,incompleta-v4,,,,
2009-05-05,,,,,incompleta-v4,,,,
2009-05-06,,,,,incompleta-v4,,,,
2009-05-07,,,,,incompleta-v4,,,,
2009-05-08,,,,,incompleta-v4,,,,
2009-05-11,,,,,incompleta-v4,,,,
2009-05-12,,,,,incompleta-v4,,,,
2009-05-13,,,,,incompleta-v4,,,,
2009-05-14,,,,,incompleta-v4,,,,
2009-05-15,,,,,incompleta-v4,,,,
2009-05-18,,,,,incompleta-v4,,,,
2009-05-19,,,,,incompleta-v4,,,,
2009-05-20,,,,,incompleta-v4,,,,
2009-05-21,,,,,incompleta-v4,,,,
2009-05-22,,,,,incompleta-v4,,,,
2009-05-25,,,,,incompleta-v4,,,,
2009-05-26,,,,,incompleta-v4,,,,
2009-05-27,,,,,incompleta-v4,,,,
2009-05-28,,,,,incompleta-v4,,,,
2009-05-29,,,,,incompleta-v4,,,,
2009-06-01,,,,,incompleta-v4,,,,
2009-06-02,,,,,incompleta-v4,,,,
2009-06-03,,,,,incompleta-v4,,,,
2009-06-04,,,,,incompleta-v4,,,,
2009-06-05,,,,,incompleta-v4,,,,
2009-06-08,,,,,incompleta-v4,,,,
2009-06-09,,,,,incompleta-v4,,,,
2009-06-10,,,,,incompleta-v4,,,,
2009-06-11,,,,,incompleta-v4,,,,
2009-06-12,,,,,incompleta-v4,,,,
2009-06-15,,,,,incompleta-v4,,,,
2009-06-16,,,,,incompleta-v4,,,,
2009-06-17,,,,,incompleta-v4,,,,
2009-06-18,,,,,incompleta-v4,,,,
2009-06-19,,,,,incompleta-v4,,,,
2009-06-22,,,,,incompleta-v4,,,,
2009-06-23,,,,,incompleta-v4,,,,
2009-06-24,,,,,incompleta-v4,,,,
2009-06-25,,,,,incompleta-v4,,,,
2009-06-26,,,,,incompleta-v4,,,,
2009-06-29,,,,,incompleta-v4,,,,
2009-06-30,,,,,incompleta-v4,,,,
2009-07-01,,,,,incompleta-v4,,,,
2009-07-02,,,,,incompleta-v4,,,,
2009-07-03,,,,,incompleta-v4,,,,
2009-07-06,,,,,incompleta-v4,,,,
2009-07-07,,,,,incompleta-v4,,,,
2009-07-08,,,,,incompleta-v4,,,,
2009-07-09,,,,,incompleta-v4,,,,
2009-07-10,,,,,incompleta-v4,,,,
2009-07-13,,,,,incompleta-v4,,,,
2009-07-14,,,,,incompleta-v4,,,,
2009-07-15,,,,,incompleta-v4,,,,
2009-07-16,,,,,incompleta-v4,,,,
2009-07-17,,,,,incompleta-v4,,,,
2009-07-20,,,,,incompleta-v4,,,,
2009-07-21,,,,,incompleta-v4,,,,
2009-07-22,,,,,incompleta-v4,,,,
2009-07-23,,,,,incompleta-v4,,,,
2009-07-24,,,,,incompleta-v4,,,,
2009-07-27,,,,,incompleta-v4,,,,
2009-07-28,,,,,incompleta-v4,,,,
2009-07-29,,,,,incompleta-v4,,,,
2009-07-30,,,,,incompleta-v4,,,,
2009-07-31,,,,,incompleta-v4,,,,
2009-08-03,,,,,incompleta-v4,,,,
2009-08-04,,,,,incompleta-v4,,,,
2009-08-05,,,,,incompleta-v4,,,,
2009-08-06,,,,,incompleta-v4,,,,
2009-08-07,,,,,incompleta-v4,,,,
2009-08-10,,,,,incompleta-v4,,,,
2009-08-11,,,,,incompleta-v4,,,,
2009-08-12,,,,,incompleta-v4,,,,
2009-08-13,,,,,incompleta-v4,,,,
2009-08-14,,,,,incompleta-v4,,,,
2009-08-17,,,,,incompleta-v4,,,,
2009-08-18,,,,,incompleta-v4,,,,
2009-08-19,,,,,incompleta-v4,,,,
2009-08-20,,,,,incompleta-v4,,,,
2009-08-21,,,,,incompleta-v4,,,,
2009-08-24,,,,,incompleta-v4,,,,
2009-08-25,,,,,incompleta-v4,,,,
2009-08-26,,,,,incompleta-v4,,,,
2009-08-27,,,,,incompleta-v4,,,,
2009-08-28,,,,,incompleta-v4,,,,
2009-08-31,,,,,incompleta-v4,,,,
2009-09-01,,,,,incompleta-v4,,,,
2009-09-02,,,,,incompleta-v4,,,,
2009-09-03,,,,,incompleta-v4,,,,
2009-09-04,,,,,incompleta-v4,,,,
2009-09-07,,,,,incompleta-v4,,,,
2009-09-08,,,,,incompleta-v4,,,,
2009-09-09,,,,,incompleta-v4,,,,
2009-09-10,,,,,incompleta-v4,,,,
2009-09-11,,,,,incompleta-v4,,,,
2009-09-14,,,,,incompleta-v4,,,,
2009-09-15,,,,,incompleta-v4,,,,
2009-09-16,,,,,incompleta-v4,,,,
2009-09-17,,,,,incompleta-v4,,,,
2009-09-18,,,,,incompleta-v4,,,,
2009-09-21,,,,,incompleta-v4,,,,
2009-09-22,,,,,incompleta-v4,,,,
2009-09-23,,,,,incompleta-v4,,,,
2009-09-24,,,,,incompleta-v4,,,,
2009-09-25,,,,,incompleta-v4,,,,
2009-09-28,,,,,incompleta-v4,,,,
2009-09-29,,,,,incompleta-v4,,,,
2009-09-30,,,,,incompleta-v4,,,,
2009-10-01,,,,,incompleta-v4,,,,
2009-10-02,,,,,incompleta-v4,,,,
2009-10-05,,,,,incompleta-v4,,,,
2009-10-06,,,,,incompleta-v4,,,,
2009-10-07,,,,,incompleta-v4,,,,
2009-10-08,,,,,incompleta-v4,,,,
2009-10-09,,,,,incompleta-v4,,,,
2009-10-12,,,,,incompleta-v4,,,,
2009-10-13,,,,,incompleta-v4,,,,
2009-10-14,,,,,incompleta-v4,,,,
2009-10-15,,,,,incompleta-v4,,,,
2009-10-16,,,,,incompleta-v4,,,,
2009-10-19,,,,,incompleta-v4,,,,
2009-10-20,,,,,incompleta-v4,,,,
2009-10-21,,,,,incompleta-v4,,,,
2009-10-22,,,,,incompleta-v4,,,,
2009-10-23,,,,,incompleta-v4,,,,
2009-10-26,,,,,incompleta-v4,,,,
2009-10-27,,,,,incompleta-v4,,,,
2009-10-28,,,,,incompleta-v4,,,,
2009-10-29,,,,,incompleta-v4,,,,
2009-10-30,,,,,incompleta-v4,,,,
2009-11-02,,,,,incompleta-v4,,,,
2009-11-03,,,,,incompleta-v4,,,,
2009-11-04,,,,,incompleta-v4,,,,
2009-11-05,,,,,incompleta-v4,,,,
2009-11-06,,,,,incompleta-v4,,,,
2009-11-09,,,,,incompleta-v4,,,,
2009-11-10,,,,,incompleta-v4,,,,
2009-11-11,,,,,incompleta-v4,,,,
2009-11-12,,,,,incompleta-v4,,,,
2009-11-13,,,,,incompleta-v4,,,,
2009-11-16,,,,,incompleta-v4,,,,
2009-11-17,,,,,incompleta-v4,,,,
2009-11-18,,,,,incompleta-v4,,,,
2009-11-19,,,,,incompleta-v4,,,,
2009-11-20,,,,,incompleta-v4,,,,
2009-11-23,,,,,incompleta-v4,,,,
2009-11-24,,,,,incompleta-v4,,,,
2009-11-25,,,,,incompleta-v4,,,,
2009-11-26,,,,,incompleta-v4,,,,
2009-11-27,,,,,incompleta-v4,,,,
2009-11-30,,,,,incompleta-v4,,,,
2009-12-01,,,,,incompleta-v4,,,,
2009-12-02,,,,,incompleta-v4,,,,
2009-12-03,,,,,incompleta-v4,,,,
2009-12-04,,,,,incompleta-v4,,,,
2009-12-07,,,,,incompleta-v4,,,,
2009-12-08,,,,,incompleta-v4,,,,
2009-12-09,,,,,incompleta-v4,,,,
2009-12-10,,,,,incompleta-v4,,,,
2009-12-11,,,,,incompleta-v4,,,,
2009-12-14,,,,,incompleta-v4,,,,
2009-12-15,,,,,incompleta-v4,,,,
2009-12-16,,,,,incompleta-v4,,,,
2009-12-17,,,,,incompleta-v4,,,,
2009-12-18,,,,,incompleta-v4,,,,
2009-12-21,,,,,incompleta-v4,,,,
2009-12-22,,,,,incompleta-v4,,,,
2009-12-23,,,,,incompleta-v4,,,,
2009-12-24,,,,,incompleta-v4,,,,
2009-12-28,,,,,incompleta-v4,,,,
2009-12-29,,,,,incompleta-v4,,,,
2009-12-30,,,,,incompleta-v4,,,,
2009-12-31,,,,,incompleta-v4,,,,
2010-01-04,,,,,incompleta-v4,,,,
2010-01-05,,,,,incompleta-v4,,,,
2010-01-06,,,,,incompleta-v4,,,,
2010-01-07,,,,,incompleta-v4,,,,
2010-01-08,,,,,incompleta-v4,,,,
2010-01-11,,,,,incompleta-v4,,,,
2010-01-12,,,,,incompleta-v4,,,,
2010-01-13,,,,,incompleta-v4,,,,
2010-01-14,,,,,incompleta-v4,,,,
2010-01-15,,,,,incompleta-v4,,,,
2010-01-19,,,,,incompleta-v4,,,,
2010-01-20,,,,,incompleta-v4,,,,
2010-01-21,,,,,incompleta-v4,,,,
2010-01-22,,,,,incompleta-v4,,,,
2010-01-25,,,,,incompleta-v4,,,,
2010-01-26,,,,,incompleta-v4,,,,
2010-01-27,,,,,incompleta-v4,,,,
2010-01-28,,,,,incompleta-v4,,,,
2010-01-29,,,,,incompleta-v4,,,,
2010-02-01,,,,,incompleta-v4,,,,
2010-02-02,,,,,incompleta-v4,,,,
2010-02-03,,,,,incompleta-v4,,,,
2010-02-04,,,,,incompleta-v4,,,,
2010-02-05,,,,,incompleta-v4,,,,
2010-02-08,,,,,incompleta-v4,,,,
2010-02-09,,,,,incompleta-v4,,,,
2010-02-10,,,,,incompleta-v4,,,,
2010-02-11,,,,,incompleta-v4,,,,
2010-02-12,,,,,incompleta-v4,,,,
2010-02-15,,,,,incompleta-v4,,,,
2010-02-16,,,,,incompleta-v4,,,,
2010-02-17,,,,,incompleta-v4,,,,
2010-02-18,,,,,incompleta-v4,,,,
2010-02-19,,,,,incompleta-v4,,,,
2010-02-22,,,,,incompleta-v4,,,,
2010-02-23,,,,,incompleta-v4,,,,
2010-02-24,,,,,incompleta-v4,,,,
2010-02-25,,,,,incompleta-v4,,,,
2010-02-26,,,,,incompleta-v4,,,,
2010-03-01,,,,,incompleta-v4,,,,
2010-03-02,,,,,incompleta-v4,,,,
2010-03-03,,,,,incompleta-v4,,,,
2010-03-04,,,,,incompleta-v4,,,,
2010-03-05,,,,,incompleta-v4,,,,
2010-03-08,,,,,incompleta-v4,,,,
2010-03-09,,,,,incompleta-v4,,,,
2010-03-10,,,,,incompleta-v4,,,,
2010-03-11,,,,,incompleta-v4,,,,
2010-03-12,,,,,incompleta-v4,,,,
2010-03-15,,,,,incompleta-v4,,,,
2010-03-16,,,,,incompleta-v4,,,,
2010-03-17,,,,,incompleta-v4,,,,
2010-03-18,,,,,incompleta-v4,,,,
2010-03-19,,,,,incompleta-v4,,,,
2010-03-22,,,,,incompleta-v4,,,,
2010-03-23,,,,,incompleta-v4,,,,
2010-03-24,,,,,incompleta-v4,,,,
2010-03-25,,,,,incompleta-v4,,,,
2010-03-26,,,,,incompleta-v4,,,,
2010-03-29,,,,,incompleta-v4,,,,
2010-03-30,,,,,incompleta-v4,,,,
2010-03-31,,,,,incompleta-v4,,,,
2010-04-01,,,,,incompleta-v4,,,,
2010-04-05,,,,,incompleta-v4,,,,
2010-04-06,,,,,incompleta-v4,,,,
2010-04-07,,,,,incompleta-v4,,,,
2010-04-08,,,,,incompleta-v4,,,,
2010-04-09,,,,,incompleta-v4,,,,
2010-04-12,,,,,incompleta-v4,,,,
2010-04-13,,,,,incompleta-v4,,,,
2010-04-14,,,,,incompleta-v4,,,,
2010-04-15,,,,,incompleta-v4,,,,
2010-04-16,,,,,incompleta-v4,,,,
2010-04-19,,,,,incompleta-v4,,,,
2010-04-20,,,,,incompleta-v4,,,,
2010-04-21,,,,,incompleta-v4,,,,
2010-04-22,,,,,incompleta-v4,,,,
2010-04-23,,,,,incompleta-v4,,,,
2010-04-26,,,,,incompleta-v4,,,,
2010-04-27,,,,,incompleta-v4,,,,
2010-04-28,,,,,incompleta-v4,,,,
2010-04-29,,,,,incompleta-v4,,,,
2010-04-30,,,,,incompleta-v4,,,,
2010-05-03,,,,,incompleta-v4,,,,
2010-05-04,,,,,incompleta-v4,,,,
2010-05-05,,,,,incompleta-v4,,,,
2010-05-06,,,,,incompleta-v4,,,,
2010-05-07,,,,,incompleta-v4,,,,
2010-05-10,,,,,incompleta-v4,,,,
2010-05-11,,,,,incompleta-v4,,,,
2010-05-12,,,,,incompleta-v4,,,,
2010-05-13,,,,,incompleta-v4,,,,
2010-05-14,,,,,incompleta-v4,,,,
2010-05-17,,,,,incompleta-v4,,,,
2010-05-18,,,,,incompleta-v4,,,,
2010-05-19,,,,,incompleta-v4,,,,
2010-05-20,,,,,incompleta-v4,,,,
2010-05-21,,,,,incompleta-v4,,,,
2010-05-24,,,,,incompleta-v4,,,,
2010-05-25,,,,,incompleta-v4,,,,
2010-05-26,,,,,incompleta-v4,,,,
2010-05-27,,,,,incompleta-v4,,,,
2010-05-28,,,,,incompleta-v4,,,,
2010-05-31,,,,,incompleta-v4,,,,
2010-06-01,,,,,incompleta-v4,,,,
2010-06-02,,,,,incompleta-v4,,,,
2010-06-03,,,,,incompleta-v4,,,,
2010-06-04,,,,,incompleta-v4,,,,
2010-06-07,,,,,incompleta-v4,,,,
2010-06-08,,,,,incompleta-v4,,,,
2010-06-09,,,,,incompleta-v4,,,,
2010-06-10,,,,,incompleta-v4,,,,
2010-06-11,,,,,incompleta-v4,,,,
2010-06-14,,,,,incompleta-v4,,,,
2010-06-15,,,,,incompleta-v4,,,,
2010-06-16,,,,,incompleta-v4,,,,
2010-06-17,,,,,incompleta-v4,,,,
2010-06-18,,,,,incompleta-v4,,,,
2010-06-21,,,,,incompleta-v4,,,,
2010-06-22,,,,,incompleta-v4,,,,
2010-06-23,,,,,incompleta-v4,,,,
2010-06-24,,,,,incompleta-v4,,,,
2010-06-25,,,,,incompleta-v4,,,,
2010-06-28,,,,,incompleta-v4,,,,
2010-06-29,,,,,incompleta-v4,,,,
2010-06-30,,,,,incompleta-v4,,,,
2010-07-01,,,,,incompleta-v4,,,,
2010-07-02,,,,,incompleta-v4,,,,
2010-07-05,,,,,incompleta-v4,,,,
2010-07-06,,,,,incompleta-v4,,,,
2010-07-07,,,,,incompleta-v4,,,,
2010-07-08,,,,,incompleta-v4,,,,
2010-07-09,,,,,incompleta-v4,,,,
2010-07-12,,,,,incompleta-v4,,,,
2010-07-13,,,,,incompleta-v4,,,,
2010-07-14,,,,,incompleta-v4,,,,
2010-07-15,,,,,incompleta-v4,,,,
2010-07-16,,,,,incompleta-v4,,,,
2010-07-19,,,,,incompleta-v4,,,,
2010-07-20,,,,,incompleta-v4,,,,
2010-07-21,,,,,incompleta-v4,,,,
2010-07-22,,,,,incompleta-v4,,,,
2010-07-23,,,,,incompleta-v4,,,,
2010-07-26,,,,,incompleta-v4,,,,
2010-07-27,,,,,incompleta-v4,,,,
2010-07-28,,,,,incompleta-v4,,,,
2010-07-29,,,,,incompleta-v4,,,,
2010-07-30,,,,,incompleta-v4,,,,
2010-08-02,,,,,incompleta-v4,,,,
2010-08-03,,,,,incompleta-v4,,,,
2010-08-04,,,,,incompleta-v4,,,,
2010-08-05,,,,,incompleta-v4,,,,
2010-08-06,,,,,incompleta-v4,,,,
2010-08-09,,,,,incompleta-v4,,,,
2010-08-10,,,,,incompleta-v4,,,,
2010-08-11,,,,,incompleta-v4,,,,
2010-08-12,,,,,incompleta-v4,,,,
2010-08-13,,,,,incompleta-v4,,,,
2010-08-16,,,,,incompleta-v4,,,,
2010-08-17,,,,,incompleta-v4,,,,
2010-08-18,,,,,incompleta-v4,,,,
2010-08-19,,,,,incompleta-v4,,,,
2010-08-20,,,,,incompleta-v4,,,,
2010-08-23,,,,,incompleta-v4,,,,
2010-08-24,,,,,incompleta-v4,,,,
2010-08-25,,,,,incompleta-v4,,,,
2010-08-26,,,,,incompleta-v4,,,,
2010-08-27,,,,,incompleta-v4,,,,
2010-08-30,,,,,incompleta-v4,,,,
2010-08-31,,,,,incompleta-v4,,,,
2010-09-01,,,,,incompleta-v4,,,,
2010-09-02,,,,,incompleta-v4,,,,
2010-09-03,,,,,incompleta-v4,,,,
2010-09-06,,,,,incompleta-v4,,,,
2010-09-07,,,,,incompleta-v4,,,,
2010-09-08,,,,,incompleta-v4,,,,
2010-09-09,,,,,incompleta-v4,,,,
2010-09-10,,,,,incompleta-v4,,,,
2010-09-13,,,,,incompleta-v4,,,,
2010-09-14,,,,,incompleta-v4,,,,
2010-09-15,,,,,incompleta-v4,,,,
2010-09-16,,,,,incompleta-v4,,,,
2010-09-17,,,,,incompleta-v4,,,,
2010-09-20,,,,,incompleta-v4,,,,
2010-09-21,,,,,incompleta-v4,,,,
2010-09-22,,,,,incompleta-v4,,,,
2010-09-23,,,,,incompleta-v4,,,,
2010-09-24,,,,,incompleta-v4,,,,
2010-09-27,,,,,incompleta-v4,,,,
2010-09-28,,,,,incompleta-v4,,,,
2010-09-29,,,,,incompleta-v4,,,,
2010-09-30,,,,,incompleta-v4,,,,
2010-10-01,,,,,incompleta-v4,,,,
2010-10-04,,,,,incompleta-v4,,,,
2010-10-05,,,,,incompleta-v4,,,,
2010-10-06,,,,,incompleta-v4,,,,
2010-10-07,,,,,incompleta-v4,,,,
2010-10-08,,,,,incompleta-v4,,,,
2010-10-11,,,,,incompleta-v4,,,,
2010-10-12,,,,,incompleta-v4,,,,
2010-10-13,,,,,incompleta-v4,,,,
2010-10-14,,,,,incompleta-v4,,,,
2010-10-15,,,,,incompleta-v4,,,,
2010-10-18,,,,,incompleta-v4,,,,
2010-10-19,,,,,incompleta-v4,,,,
2010-10-20,,,,,incompleta-v4,,,,
2010-10-21,,,,,incompleta-v4,,,,
2010-10-22,,,,,incompleta-v4,,,,
2010-10-25,,,,,incompleta-v4,,,,
2010-10-26,,,,,incompleta-v4,,,,
2010-10-27,,,,,incompleta-v4,,,,
2010-10-28,,,,,incompleta-v4,,,,
2010-10-29,,,,,incompleta-v4,,,,
2010-11-01,,,,,incompleta-v4,,,,
2010-11-02,,,,,incompleta-v4,,,,
2010-11-03,,,,,incompleta-v4,,,,
2010-11-04,,,,,incompleta-v4,,,,
2010-11-05,,,,,incompleta-v4,,,,
2010-11-08,,,,,incompleta-v4,,,,
2010-11-09,,,,,incompleta-v4,,,,
2010-11-10,,,,,incompleta-v4,,,,
2010-11-11,,,,,incompleta-v4,,,,
2010-11-12,,,,,incompleta-v4,,,,
2010-11-15,,,,,incompleta-v4,,,,
2010-11-16,,,,,incompleta-v4,,,,
2010-11-17,,,,,incompleta-v4,,,,
2010-11-18,,,,,incompleta-v4,,,,
2010-11-19,,,,,incompleta-v4,,,,
2010-11-22,,,,,incompleta-v4,,,,
2010-11-23,,,,,incompleta-v4,,,,
2010-11-24,,,,,incompleta-v4,,,,
2010-11-25,,,,,incompleta-v4,,,,
2010-11-26,,,,,incompleta-v4,,,,
2010-11-29,,,,,incompleta-v4,,,,
2010-11-30,,,,,incompleta-v4,,,,
2010-12-01,,,,,incompleta-v4,,,,
2010-12-02,,,,,incompleta-v4,,,,
2010-12-03,,,,,incompleta-v4,,,,
2010-12-06,,,,,incompleta-v4,,,,
2010-12-07,,,,,incompleta-v4,,,,
2010-12-08,,,,,incompleta-v4,,,,
2010-12-09,,,,,incompleta-v4,,,,
2010-12-10,,,,,incompleta-v4,,,,
2010-12-13,,,,,incompleta-v4,,,,
2010-12-14,,,,,incompleta-v4,,,,
2010-12-15,,,,,incompleta-v4,,,,
2010-12-16,,,,,incompleta-v4,,,,
2010-12-17,,,,,incompleta-v4,,,,
2010-12-20,,,,,incompleta-v4,,,,
2010-12-21,,,,,incompleta-v4,,,,
2010-12-22,,,,,incompleta-v4,,,,
2010-12-23,,,,,incompleta-v4,,,,
2010-12-24,,,,,incompleta-v4,,,,
2010-12-27,,,,,incompleta-v4,,,,
2010-12-28,,,,,incompleta-v4,,,,
2010-12-29,,,,,incompleta-v4,,,,
2010-12-30,,,,,incompleta-v4,,,,
2010-12-31,,,,,incompleta-v4,,,,
2011-01-03,,,,,incompleta-v4,,,,
2011-01-04,,,,,incompleta-v4,,,,
2011-01-05,,,,,incompleta-v4,,,,
2011-01-06,,,,,incompleta-v4,,,,
2011-01-07,,,,,incompleta-v4,,,,
2011-01-10,,,,,incompleta-v4,,,,
2011-01-11,,,,,incompleta-v4,,,,
2011-01-12,,,,,incompleta-v4,,,,
2011-01-13,,,,,incompleta-v4,,,,
2011-01-14,,,,,incompleta-v4,,,,
2011-01-17,,,,,incompleta-v4,,,,
2011-01-18,,,,,incompleta-v4,,,,
2011-01-19,,,,,incompleta-v4,,,,
2011-01-20,,,,,incompleta-v4,,,,
2011-01-21,,,,,incompleta-v4,,,,
2011-01-24,,,,,incompleta-v4,,,,
2011-01-25,,,,,incompleta-v4,,,,
2011-01-26,,,,,incompleta-v4,,,,
2011-01-27,,,,,incompleta-v4,,,,
2011-01-28,,,,,incompleta-v4,,,,
2011-01-31,,,,,incompleta-v4,,,,
2011-02-01,,,,,incompleta-v4,,,,
2011-02-02,,,,,incompleta-v4,,,,
2011-02-03,,,,,incompleta-v4,,,,
2011-02-04,,,,,incompleta-v4,,,,
2011-02-07,,,,,incompleta-v4,,,,
2011-02-08,,,,,incompleta-v4,,,,
2011-02-09,,,,,incompleta-v4,,,,
2011-02-10,,,,,incompleta-v4,,,,
2011-02-11,,,,,incompleta-v4,,,,
2011-02-14,,,,,incompleta-v4,,,,
2011-02-15,,,,,incompleta-v4,,,,
2011-02-16,,,,,incompleta-v4,,,,
2011-02-17,,,,,incompleta-v4,,,,
2011-02-18,,,,,incompleta-v4,,,,
2011-02-21,,,,,incompleta-v4,,,,
2011-02-22,,,,,incompleta-v4,,,,
2011-02-23,,,,,incompleta-v4,,,,
2011-02-24,,,,,incompleta-v4,,,,
2011-02-25,,,,,incompleta-v4,,,,
2011-02-28,,,,,incompleta-v4,,,,
2011-03-01,,,,,incompleta-v4,,,,
2011-03-02,,,,,incompleta-v4,,,,
2011-03-03,,,,,incompleta-v4,,,,
2011-03-04,,,,,incompleta-v4,,,,
2011-03-07,,,,,incompleta-v4,,,,
2011-03-08,,,,,incompleta-v4,,,,
2011-03-09,,,,,incompleta-v4,,,,
2011-03-10,,,,,incompleta-v4,,,,
2011-03-11,,,,,incompleta-v4,,,,
2011-03-14,,,,,incompleta-v4,,,,
2011-03-15,,,,,incompleta-v4,,,,
2011-03-16,,,,,incompleta-v4,,,,
2011-03-17,,,,,incompleta-v4,,,,
2011-03-18,,,,,incompleta-v4,,,,
2011-03-21,,,,,incompleta-v4,,,,
2011-03-22,,,,,incompleta-v4,,,,
2011-03-23,,,,,incompleta-v4,,,,
2011-03-24,,,,,incompleta-v4,,,,
2011-03-25,,,,,incompleta-v4,,,,
2011-03-28,,,,,incompleta-v4,,,,
2011-03-29,,,,,incompleta-v4,,,,
2011-03-30,,,,,incompleta-v4,,,,
2011-03-31,,,,,incompleta-v4,,,,
2011-04-01,,,,,incompleta-v4,,,,
2011-04-04,,,,,incompleta-v4,,,,
2011-04-05,,,,,incompleta-v4,,,,
2011-04-06,,,,,incompleta-v4,,,,
2011-04-07,,,,,incompleta-v4,,,,
2011-04-08,,,,,incompleta-v4,,,,
2011-04-11,,,,,incompleta-v4,,,,
2011-04-12,,,,,incompleta-v4,,,,
2011-04-13,,,,,incompleta-v4,,,,
2011-04-14,,,,,incompleta-v4,,,,
2011-04-15,,,,,incompleta-v4,,,,
2011-04-18,,,,,incompleta-v4,,,,
2011-04-19,,,,,incompleta-v4,,,,
2011-04-20,,,,,incompleta-v4,,,,
2011-04-21,,,,,incompleta-v4,,,,
2011-04-25,,,,,incompleta-v4,,,,
2011-04-26,,,,,incompleta-v4,,,,
2011-04-27,,,,,incompleta-v4,,,,
2011-04-28,,,,,incompleta-v4,,,,
2011-04-29,,,,,incompleta-v4,,,,
2011-05-02,,,,,incompleta-v4,,,,
2011-05-03,,,,,incompleta-v4,,,,
2011-05-04,,,,,incompleta-v4,,,,
2011-05-05,,,,,incompleta-v4,,,,
2011-05-06,,,,,incompleta-v4,,,,
2011-05-09,,,,,incompleta-v4,,,,
2011-05-10,,,,,incompleta-v4,,,,
2011-05-11,,,,,incompleta-v4,,,,
2011-05-12,,,,,incompleta-v4,,,,
2011-05-13,,,,,incompleta-v4,,,,
2011-05-16,,,,,incompleta-v4,,,,
2011-05-17,,,,,incompleta-v4,,,,
2011-05-18,,,,,incompleta-v4,,,,
2011-05-19,,,,,incompleta-v4,,,,
2011-05-20,,,,,incompleta-v4,,,,
2011-05-23,,,,,incompleta-v4,,,,
2011-05-24,,,,,incompleta-v4,,,,
2011-05-25,,,,,incompleta-v4,,,,
2011-05-26,,,,,incompleta-v4,,,,
2011-05-27,,,,,incompleta-v4,,,,
2011-05-30,,,,,incompleta-v4,,,,
2011-05-31,,,,,incompleta-v4,,,,
2011-06-01,,,,,incompleta-v4,,,,
2011-06-02,,,,,incompleta-v4,,,,
2011-06-03,,,,,incompleta-v4,,,,
2011-06-06,,,,,incompleta-v4,,,,
2011-06-07,,,,,incompleta-v4,,,,
2011-06-08,,,,,incompleta-v4,,,,
2011-06-09,,,,,incompleta-v4,,,,
2011-06-10,,,,,incompleta-v4,,,,
2011-06-13,,,,,incompleta-v4,,,,
2011-06-14,,,,,incompleta-v4,,,,
2011-06-15,,,,,incompleta-v4,,,,
2011-06-16,,,,,incompleta-v4,,,,
2011-06-17,,,,,incompleta-v4,,,,
2011-06-20,,,,,incompleta-v4,,,,
2011-06-21,,,,,incompleta-v4,,,,
2011-06-22,,,,,incompleta-v4,,,,
2011-06-23,,,,,incompleta-v4,,,,
2011-06-24,,,,,incompleta-v4,,,,
2011-06-27,,,,,incompleta-v4,,,,
2011-06-28,,,,,incompleta-v4,,,,
2011-06-29,,,,,incompleta-v4,,,,
2011-06-30,,,,,incompleta-v4,,,,
2011-07-01,,,,,incompleta-v4,,,,
2011-07-04,,,,,incompleta-v4,,,,
2011-07-05,,,,,incompleta-v4,,,,
2011-07-06,,,,,incompleta-v4,,,,
2011-07-07,,,,,incompleta-v4,,,,
2011-07-08,,,,,incompleta-v4,,,,
2011-07-11,,,,,incompleta-v4,,,,
2011-07-12,,,,,incompleta-v4,,,,
2011-07-13,,,,,incompleta-v4,,,,
2011-07-14,,,,,incompleta-v4,,,,
2011-07-15,,,,,incompleta-v4,,,,
2011-07-18,,,,,incompleta-v4,,,,
2011-07-19,,,,,incompleta-v4,,,,
2011-07-20,,,,,incompleta-v4,,,,
2011-07-21,,,,,incompleta-v4,,,,
2011-07-22,,,,,incompleta-v4,,,,
2011-07-25,,,,,incompleta-v4,,,,
2011-07-26,,,,,incompleta-v4,,,,
2011-07-27,,,,,incompleta-v4,,,,
2011-07-28,,,,,incompleta-v4,,,,
2011-07-29,,,,,incompleta-v4,,,,
2011-08-01,,,,,incompleta-v4,,,,
2011-08-02,,,,,incompleta-v4,,,,
2011-08-03,,,,,incompleta-v4,,,,
2011-08-04,,,,,incompleta-v4,,,,
2011-08-05,,,,,incompleta-v4,,,,
2011-08-08,,,,,incompleta-v4,,,,
2011-08-09,,,,,incompleta-v4,,,,
2011-08-10,,,,,incompleta-v4,,,,
2011-08-11,,,,,incompleta-v4,,,,
2011-08-12,,,,,incompleta-v4,,,,
2011-08-15,,,,,incompleta-v4,,,,
2011-08-16,,,,,incompleta-v4,,,,
2011-08-17,,,,,incompleta-v4,,,,
2011-08-18,,,,,incompleta-v4,,,,
2011-08-19,,,,,incompleta-v4,,,,
2011-08-22,,,,,incompleta-v4,,,,
2011-08-23,,,,,incompleta-v4,,,,
2011-08-24,,,,,incompleta-v4,,,,
2011-08-25,,,,,incompleta-v4,,,,
2011-08-26,,,,,incompleta-v4,,,,
2011-08-29,,,,,incompleta-v4,,,,
2011-08-30,,,,,incompleta-v4,,,,
2011-08-31,,,,,incompleta-v4,,,,
2011-09-01,,,,,incompleta-v4,,,,
2011-09-02,,,,,incompleta-v4,,,,
2011-09-05,,,,,incompleta-v4,,,,
2011-09-06,,,,,incompleta-v4,,,,
2011-09-07,,,,,incompleta-v4,,,,
2011-09-08,,,,,incompleta-v4,,,,
2011-09-09,,,,,incompleta-v4,,,,
2011-09-12,,,,,incompleta-v4,,,,
2011-09-13,,,,,incompleta-v4,,,,
2011-09-14,,,,,incompleta-v4,,,,
2011-09-15,,,,,incompleta-v4,,,,
2011-09-16,,,,,incompleta-v4,,,,
2011-09-19,,,,,incompleta-v4,,,,
2011-09-20,,,,,incompleta-v4,,,,
2011-09-21,,,,,incompleta-v4,,,,
2011-09-22,,,,,incompleta-v4,,,,
2011-09-23,,,,,incompleta-v4,,,,
2011-09-26,,,,,incompleta-v4,,,,
2011-09-27,,,,,incompleta-v4,,,,
2011-09-28,,,,,incompleta-v4,,,,
2011-09-29,,,,,incompleta-v4,,,,
2011-09-30,,,,,incompleta-v4,,,,
2011-10-03,,,,,incompleta-v4,,,,
2011-10-04,,,,,incompleta-v4,,,,
2011-10-05,,,,,incompleta-v4,,,,
2011-10-06,,,,,incompleta-v4,,,,
2011-10-07,,,,,incompleta-v4,,,,
2011-10-10,,,,,incompleta-v4,,,,
2011-10-11,,,,,incompleta-v4,,,,
2011-10-12,,,,,incompleta-v4,,,,
2011-10-13,,,,,incompleta-v4,,,,
2011-10-14,,,,,incompleta-v4,,,,
2011-10-17,,,,,incompleta-v4,,,,
2011-10-18,,,,,incompleta-v4,,,,
2011-10-19,,,,,incompleta-v4,,,,
2011-10-20,,,,,incompleta-v4,,,,
2011-10-21,,,,,incompleta-v4,,,,
2011-10-24,,,,,incompleta-v4,,,,
2011-10-25,,,,,incompleta-v4,,,,
2011-10-26,,,,,incompleta-v4,,,,
2011-10-27,,,,,incompleta-v4,,,,
2011-10-28,,,,,incompleta-v4,,,,
2011-10-31,,,,,incompleta-v4,,,,
2011-11-01,,,,,incompleta-v4,,,,
2011-11-02,,,,,incompleta-v4,,,,
2011-11-03,,,,,incompleta-v4,,,,
2011-11-04,,,,,incompleta-v4,,,,
2011-11-07,,,,,incompleta-v4,,,,
2011-11-08,,,,,incompleta-v4,,,,
2011-11-09,,,,,incompleta-v4,,,,
2011-11-10,,,,,incompleta-v4,,,,
2011-11-11,,,,,incompleta-v4,,,,
2011-11-14,,,,,incompleta-v4,,,,
2011-11-15,,,,,incompleta-v4,,,,
2011-11-16,,,,,incompleta-v4,,,,
2011-11-17,,,,,incompleta-v4,,,,
2011-11-18,,,,,incompleta-v4,,,,
2011-11-21,,,,,incompleta-v4,,,,
2011-11-22,,,,,incompleta-v4,,,,
2011-11-23,,,,,incompleta-v4,,,,
2011-11-24,,,,,incompleta-v4,,,,
2011-11-25,,,,,incompleta-v4,,,,
2011-11-28,,,,,incompleta-v4,,,,
2011-11-29,,,,,incompleta-v4,,,,
2011-11-30,,,,,incompleta-v4,,,,
2011-12-01,,,,,incompleta-v4,,,,
2011-12-02,,,,,incompleta-v4,,,,
2011-12-05,,,,,incompleta-v4,,,,
2011-12-06,,,,,incompleta-v4,,,,
2011-12-07,,,,,incompleta-v4,,,,
2011-12-08,,,,,incompleta-v4,,,,
2011-12-09,,,,,incompleta-v4,,,,
2011-12-12,,,,,incompleta-v4,,,,
2011-12-13,,,,,incompleta-v4,,,,
2011-12-14,,,,,incompleta-v4,,,,
2011-12-15,,,,,incompleta-v4,,,,
2011-12-16,,,,,incompleta-v4,,,,
2011-12-19,,,,,incompleta-v4,,,,
2011-12-20,,,,,incompleta-v4,,,,
2011-12-21,,,,,incompleta-v4,,,,
2011-12-22,,,,,incompleta-v4,,,,
2011-12-23,,,,,incompleta-v4,,,,
2011-12-26,,,,,incompleta-v4,,,,
2011-12-27,,,,,incompleta-v4,,,,
2011-12-28,,,,,incompleta-v4,,,,
2011-12-29,,,,,incompleta-v4,,,,
2011-12-30,,,,,incompleta-v4,,,,
2012-01-02,,,,,incompleta-v4,,,,
2012-01-03,,,,,incompleta-v4,,,,
2012-01-04,,,,,incompleta-v4,,,,
2012-01-05,,,,,incompleta-v4,,,,
2012-01-06,,,,,incompleta-v4,,,,
2012-01-09,,,,,incompleta-v4,,,,
2012-01-10,,,,,incompleta-v4,,,,
2012-01-11,,,,,incompleta-v4,,,,
2012-01-12,,,,,incompleta-v4,,,,
2012-01-13,,,,,incompleta-v4,,,,
2012-01-16,,,,,incompleta-v4,,,,
2012-01-17,,,,,incompleta-v4,,,,
2012-01-18,,,,,incompleta-v4,,,,
2012-01-19,,,,,incompleta-v4,,,,
2012-01-20,,,,,incompleta-v4,,,,
2012-01-23,,,,,incompleta-v4,,,,
2012-01-24,,,,,incompleta-v4,,,,
2012-01-25,,,,,incompleta-v4,,,,
2012-01-26,,,,,incompleta-v4,,,,
2012-01-27,,,,,incompleta-v4,,,,
2012-01-30,,,,,incompleta-v4,,,,
2012-01-31,,,,,incompleta-v4,,,,
2012-02-01,,,,,incompleta-v4,,,,
2012-02-02,,,,,incompleta-v4,,,,
2012-02-03,,,,,incompleta-v4,,,,
2012-02-06,,,,,incompleta-v4,,,,
2012-02-07,,,,,incompleta-v4,,,,
2012-02-08,,,,,incompleta-v4,,,,
2012-02-09,,,,,incompleta-v4,,,,
2012-02-10,,,,,incompleta-v4,,,,
2012-02-13,,,,,incompleta-v4,,,,
2012-02-14,,,,,incompleta-v4,,,,
2012-02-15,,,,,incompleta-v4,,,,
2012-02-16,,,,,incompleta-v4,,,,
2012-02-17,,,,,incompleta-v4,,,,
2012-02-20,,,,,incompleta-v4,,,,
2012-02-21,,,,,incompleta-v4,,,,
2012-02-22,,,,,incompleta-v4,,,,
2012-02-23,,,,,incompleta-v4,,,,
2012-02-24,,,,,incompleta-v4,,,,
2012-02-27,,,,,incompleta-v4,,,,
2012-02-28,,,,,incompleta-v4,,,,
2012-02-29,,,,,incompleta-v4,,,,
2012-03-01,,,,,incompleta-v4,,,,
2012-03-02,,,,,incompleta-v4,,,,
2012-03-05,,,,,incompleta-v4,,,,
2012-03-06,,,,,incompleta-v4,,,,
2012-03-07,,,,,incompleta-v4,,,,
2012-03-08,,,,,incompleta-v4,,,,
2012-03-09,,,,,incompleta-v4,,,,
2012-03-12,,,,,incompleta-v4,,,,
2012-03-13,,,,,incompleta-v4,,,,
2012-03-14,,,,,incompleta-v4,,,,
2012-03-15,,,,,incompleta-v4,,,,
2012-03-16,,,,,incompleta-v4,,,,
2012-03-19,,,,,incompleta-v4,,,,
2012-03-20,,,,,incompleta-v4,,,,
2012-03-21,,,,,incompleta-v4,,,,
2012-03-22,,,,,incompleta-v4,,,,
2012-03-23,,,,,incompleta-v4,,,,
2012-03-26,,,,,incompleta-v4,,,,
2012-03-27,,,,,incompleta-v4,,,,
2012-03-28,,,,,incompleta-v4,,,,
2012-03-29,,,,,incompleta-v4,,,,
2012-03-30,,,,,incompleta-v4,,,,
2012-04-02,,,,,incompleta-v4,,,,
2012-04-03,,,,,incompleta-v4,,,,
2012-04-04,,,,,incompleta-v4,,,,
2012-04-05,,,,,incompleta-v4,,,,
2012-04-09,,,,,incompleta-v4,,,,
2012-04-10,,,,,incompleta-v4,,,,
2012-04-11,,,,,incompleta-v4,,,,
2012-04-12,,,,,incompleta-v4,,,,
2012-04-13,,,,,incompleta-v4,,,,
2012-04-16,,,,,incompleta-v4,,,,
2012-04-17,,,,,incompleta-v4,,,,
2012-04-18,,,,,incompleta-v4,,,,
2012-04-19,,,,,incompleta-v4,,,,
2012-04-20,,,,,incompleta-v4,,,,
2012-04-23,,,,,incompleta-v4,,,,
2012-04-24,,,,,incompleta-v4,,,,
2012-04-25,,,,,incompleta-v4,,,,
2012-04-26,,,,,incompleta-v4,,,,
2012-04-27,,,,,incompleta-v4,,,,
2012-04-30,,,,,incompleta-v4,,,,
2012-05-01,,,,,incompleta-v4,,,,
2012-05-02,,,,,incompleta-v4,,,,
2012-05-03,,,,,incompleta-v4,,,,
2012-05-04,,,,,incompleta-v4,,,,
2012-05-07,,,,,incompleta-v4,,,,
2012-05-08,,,,,incompleta-v4,,,,
2012-05-09,,,,,incompleta-v4,,,,
2012-05-10,,,,,incompleta-v4,,,,
2012-05-11,,,,,incompleta-v4,,,,
2012-05-14,,,,,incompleta-v4,,,,
2012-05-15,,,,,incompleta-v4,,,,
2012-05-16,,,,,incompleta-v4,,,,
2012-05-17,,,,,incompleta-v4,,,,
2012-05-18,,,,,incompleta-v4,,,,
2012-05-21,,,,,incompleta-v4,,,,
2012-05-22,,,,,incompleta-v4,,,,
2012-05-23,,,,,incompleta-v4,,,,
2012-05-24,,,,,incompleta-v4,,,,
2012-05-25,,,,,incompleta-v4,,,,
2012-05-28,,,,,incompleta-v4,,,,
2012-05-29,,,,,incompleta-v4,,,,
2012-05-30,,,,,incompleta-v4,,,,
2012-05-31,,,,,incompleta-v4,,,,
2012-06-01,,,,,incompleta-v4,,,,
2012-06-04,,,,,incompleta-v4,,,,
2012-06-05,,,,,incompleta-v4,,,,
2012-06-06,,,,,incompleta-v4,,,,
2012-06-07,,,,,incompleta-v4,,,,
2012-06-08,,,,,incompleta-v4,,,,
2012-06-11,,,,,incompleta-v4,,,,
2012-06-12,,,,,incompleta-v4,,,,
2012-06-13,,,,,incompleta-v4,,,,
2012-06-14,,,,,incompleta-v4,,,,
2012-06-15,,,,,incompleta-v4,,,,
2012-06-18,,,,,incompleta-v4,,,,
2012-06-19,,,,,incompleta-v4,,,,
2012-06-20,,,,,incompleta-v4,,,,
2012-06-21,,,,,incompleta-v4,,,,
2012-06-22,,,,,incompleta-v4,,,,
2012-06-25,,,,,incompleta-v4,,,,
2012-06-26,,,,,incompleta-v4,,,,
2012-06-27,,,,,incompleta-v4,,,,
2012-06-28,,,,,incompleta-v4,,,,
2012-06-29,,,,,incompleta-v4,,,,
2012-07-02,,,,,incompleta-v4,,,,
2012-07-03,,,,,incompleta-v4,,,,
2012-07-04,,,,,incompleta-v4,,,,
2012-07-05,,,,,incompleta-v4,,,,
2012-07-06,,,,,incompleta-v4,,,,
2012-07-09,,,,,incompleta-v4,,,,
2012-07-10,,,,,incompleta-v4,,,,
2012-07-11,,,,,incompleta-v4,,,,
2012-07-12,,,,,incompleta-v4,,,,
2012-07-13,,,,,incompleta-v4,,,,
2012-07-16,,,,,incompleta-v4,,,,
2012-07-17,,,,,incompleta-v4,,,,
2012-07-18,,,,,incompleta-v4,,,,
2012-07-19,,,,,incompleta-v4,,,,
2012-07-20,,,,,incompleta-v4,,,,
2012-07-23,,,,,incompleta-v4,,,,
2012-07-24,,,,,incompleta-v4,,,,
2012-07-25,,,,,incompleta-v4,,,,
2012-07-26,,,,,incompleta-v4,,,,
2012-07-27,,,,,incompleta-v4,,,,
2012-07-30,,,,,incompleta-v4,,,,
2012-07-31,,,,,incompleta-v4,,,,
2012-08-01,,,,,incompleta-v4,,,,
2012-08-02,,,,,incompleta-v4,,,,
2012-08-03,,,,,incompleta-v4,,,,
2012-08-06,,,,,incompleta-v4,,,,
2012-08-07,,,,,incompleta-v4,,,,
2012-08-08,,,,,incompleta-v4,,,,
2012-08-09,,,,,incompleta-v4,,,,
2012-08-10,,,,,incompleta-v4,,,,
2012-08-13,,,,,incompleta-v4,,,,
2012-08-14,,,,,incompleta-v4,,,,
2012-08-15,,,,,incompleta-v4,,,,
2012-08-16,,,,,incompleta-v4,,,,
2012-08-17,,,,,incompleta-v4,,,,
2012-08-20,,,,,incompleta-v4,,,,
2012-08-21,,,,,incompleta-v4,,,,
2012-08-22,,,,,incompleta-v4,,,,
2012-08-23,,,,,incompleta-v4,,,,
2012-08-24,,,,,incompleta-v4,,,,
2012-08-27,,,,,incompleta-v4,,,,
2012-08-28,,,,,incompleta-v4,,,,
2012-08-29,,,,,incompleta-v4,,,,
2012-08-30,,,,,incompleta-v4,,,,
2012-08-31,,,,,incompleta-v4,,,,
2012-09-03,,,,,incompleta-v4,,,,
2012-09-04,,,,,incompleta-v4,,,,
2012-09-05,,,,,incompleta-v4,,,,
2012-09-06,,,,,incompleta-v4,,,,
2012-09-07,,,,,incompleta-v4,,,,
2012-09-10,,,,,incompleta-v4,,,,
2012-09-11,,,,,incompleta-v4,,,,
2012-09-12,,,,,incompleta-v4,,,,
2012-09-13,,,,,incompleta-v4,,,,
2012-09-14,,,,,incompleta-v4,,,,
2012-09-17,,,,,incompleta-v4,,,,
2012-09-18,,,,,incompleta-v4,,,,
2012-09-19,,,,,incompleta-v4,,,,
2012-09-20,,,,,incompleta-v4,,,,
2012-09-21,,,,,incompleta-v4,,,,
2012-09-24,,,,,incompleta-v4,,,,
2012-09-25,,,,,incompleta-v4,,,,
2012-09-26,,,,,incompleta-v4,,,,
2012-09-27,,,,,incompleta-v4,,,,
2012-09-28,,,,,incompleta-v4,,,,
2012-10-01,,,,,incompleta-v4,,,,
2012-10-02,,,,,incompleta-v4,,,,
2012-10-03,,,,,incompleta-v4,,,,
2012-10-04,,,,,incompleta-v4,,,,
2012-10-05,,,,,incompleta-v4,,,,
2012-10-08,,,,,incompleta-v4,,,,
2012-10-09,,,,,incompleta-v4,,,,
2012-10-10,,,,,incompleta-v4,,,,
2012-10-11,,,,,incompleta-v4,,,,
2012-10-12,,,,,incompleta-v4,,,,
2012-10-15,,,,,incompleta-v4,,,,
2012-10-16,,,,,incompleta-v4,,,,
2012-10-17,,,,,incompleta-v4,,,,
2012-10-18,,,,,incompleta-v4,,,,
2012-10-19,,,,,incompleta-v4,,,,
2012-10-22,,,,,incompleta-v4,,,,
2012-10-23,,,,,incompleta-v4,,,,
2012-10-24,,,,,incompleta-v4,,,,
2012-10-25,,,,,incompleta-v4,,,,
2012-10-26,,,,,incompleta-v4,,,,
2012-10-29,,,,,incompleta-v4,,,,
2012-10-30,,,,,incompleta-v4,,,,
2012-10-31,,,,,incompleta-v4,,,,
2012-11-01,,,,,incompleta-v4,,,,
2012-11-02,,,,,incompleta-v4,,,,
2012-11-05,,,,,incompleta-v4,,,,
2012-11-06,,,,,incompleta-v4,,,,
2012-11-07,,,,,incompleta-v4,,,,
2012-11-08,,,,,incompleta-v4,,,,
2012-11-09,,,,,incompleta-v4,,,,
2012-11-12,,,,,incompleta-v4,,,,
2012-11-13,,,,,incompleta-v4,,,,
2012-11-14,,,,,incompleta-v4,,,,
2012-11-15,,,,,incompleta-v4,,,,
2012-11-16,,,,,incompleta-v4,,,,
2012-11-19,,,,,incompleta-v4,,,,
2012-11-20,,,,,incompleta-v4,,,,
2012-11-21,,,,,incompleta-v4,,,,
2012-11-22,,,,,incompleta-v4,,,,
2012-11-23,,,,,incompleta-v4,,,,
2012-11-26,,,,,incompleta-v4,,,,
2012-11-27,,,,,incompleta-v4,,,,
2012-11-28,,,,,incompleta-v4,,,,
2012-11-29,,,,,incompleta-v4,,,,
2012-11-30,,,,,incompleta-v4,,,,
2012-12-03,,,,,incompleta-v4,,,,
2012-12-04,,,,,incompleta-v4,,,,
2012-12-05,,,,,incompleta-v4,,,,
2012-12-06,,,,,incompleta-v4,,,,
2012-12-07,,,,,incompleta-v4,,,,
2012-12-10,,,,,incompleta-v4,,,,
2012-12-11,,,,,incompleta-v4,,,,
2012-12-12,,,,,incompleta-v4,,,,
2012-12-13,,,,,incompleta-v4,,,,
2012-12-14,,,,,incompleta-v4,,,,
2012-12-17,,,,,incompleta-v4,,,,
2012-12-18,,,,,incompleta-v4,,,,
2012-12-19,,,,,incompleta-v4,,,,
2012-12-20,,,,,incompleta-v4,,,,
2012-12-21,,,,,incompleta-v4,,,,
2012-12-24,,,,,incompleta-v4,,,,
2012-12-26,,,,,incompleta-v4,,,,
2012-12-27,,,,,incompleta-v4,,,,
2012-12-28,,,,,incompleta-v4,,,,
2012-12-31,,,,,incompleta-v4,,,,
2013-01-02,,,,,incompleta-v4,,,,
2013-01-03,,,,,incompleta-v4,,,,
2013-01-04,,,,,incompleta-v4,,,,
2013-01-07,,,,,incompleta-v4,,,,
2013-01-08,,,,,incompleta-v4,,,,
2013-01-09,,,,,incompleta-v4,,,,
2013-01-10,,,,,incompleta-v4,,,,
2013-01-11,,,,,incompleta-v4,,,,
2013-01-14,,,,,incompleta-v4,,,,
2013-01-15,,,,,incompleta-v4,,,,
2013-01-16,,,,,incompleta-v4,,,,
2013-01-17,,,,,incompleta-v4,,,,
2013-01-18,,,,,incompleta-v4,,,,
2013-01-21,,,,,incompleta-v4,,,,
2013-01-22,,,,,incompleta-v4,,,,
2013-01-23,,,,,incompleta-v4,,,,
2013-01-24,,,,,incompleta-v4,,,,
2013-01-25,,,,,incompleta-v4,,,,
2013-01-28,,,,,incompleta-v4,,,,
2013-01-29,,,,,incompleta-v4,,,,
2013-01-30,,,,,incompleta-v4,,,,
2013-01-31,,,,,incompleta-v4,,,,
2013-02-01,,,,,incompleta-v4,,,,
2013-02-04,,,,,incompleta-v4,,,,
2013-02-05,,,,,incompleta-v4,,,,
2013-02-06,,,,,incompleta-v4,,,,
2013-02-07,,,,,incompleta-v4,,,,
2013-02-08,,,,,incompleta-v4,,,,
2013-02-11,,,,,incompleta-v4,,,,
2013-02-12,,,,,incompleta-v4,,,,
2013-02-13,,,,,incompleta-v4,,,,
2013-02-14,,,,,incompleta-v4,,,,
2013-02-15,,,,,incompleta-v4,,,,
2013-02-18,,,,,incompleta-v4,,,,
2013-02-19,,,,,incompleta-v4,,,,
2013-02-20,,,,,incompleta-v4,,,,
2013-02-21,,,,,incompleta-v4,,,,
2013-02-22,,,,,incompleta-v4,,,,
2013-02-25,,,,,incompleta-v4,,,,
2013-02-26,,,,,incompleta-v4,,,,
2013-02-27,,,,,incompleta-v4,,,,
2013-02-28,,,,,incompleta-v4,,,,
2013-03-01,,,,,incompleta-v4,,,,
2013-03-04,,,,,incompleta-v4,,,,
2013-03-05,,,,,incompleta-v4,,,,
2013-03-06,,,,,incompleta-v4,,,,
2013-03-07,,,,,incompleta-v4,,,,
2013-03-08,,,,,incompleta-v4,,,,
2013-03-11,,,,,incompleta-v4,,,,
2013-03-12,,,,,incompleta-v4,,,,
2013-03-13,,,,,incompleta-v4,,,,
2013-03-14,,,,,incompleta-v4,,,,
2013-03-15,,,,,incompleta-v4,,,,
2013-03-18,,,,,incompleta-v4,,,,
2013-03-19,,,,,incompleta-v4,,,,
2013-03-20,,,,,incompleta-v4,,,,
2013-03-21,,,,,incompleta-v4,,,,
2013-03-22,,,,,incompleta-v4,,,,
2013-03-25,,,,,incompleta-v4,,,,
2013-03-26,,,,,incompleta-v4,,,,
2013-03-27,,,,,incompleta-v4,,,,
2013-03-28,,,,,incompleta-v4,,,,
2013-04-01,,,,,incompleta-v4,,,,
2013-04-02,,,,,incompleta-v4,,,,
2013-04-03,,,,,incompleta-v4,,,,
2013-04-04,,,,,incompleta-v4,,,,
2013-04-05,,,,,incompleta-v4,,,,
2013-04-08,,,,,incompleta-v4,,,,
2013-04-09,,,,,incompleta-v4,,,,
2013-04-10,,,,,incompleta-v4,,,,
2013-04-11,,,,,incompleta-v4,,,,
2013-04-12,,,,,incompleta-v4,,,,
2013-04-15,,,,,incompleta-v4,,,,
2013-04-16,,,,,incompleta-v4,,,,
2013-04-17,,,,,incompleta-v4,,,,
2013-04-18,,,,,incompleta-v4,,,,
2013-04-19,,,,,incompleta-v4,,,,
2013-04-22,,,,,incompleta-v4,,,,
2013-04-23,,,,,incompleta-v4,,,,
2013-04-24,,,,,incompleta-v4,,,,
2013-04-25,,,,,incompleta-v4,,,,
2013-04-26,,,,,incompleta-v4,,,,
2013-04-29,,,,,incompleta-v4,,,,
2013-04-30,,,,,incompleta-v4,,,,
2013-05-01,,,,,incompleta-v4,,,,
2013-05-02,,,,,incompleta-v4,,,,
2013-05-03,,,,,incompleta-v4,,,,
2013-05-06,,,,,incompleta-v4,,,,
2013-05-07,,,,,incompleta-v4,,,,
2013-05-08,,,,,incompleta-v4,,,,
2013-05-09,,,,,incompleta-v4,,,,
2013-05-10,,,,,incompleta-v4,,,,
2013-05-13,,,,,incompleta-v4,,,,
2013-05-14,,,,,incompleta-v4,,,,
2013-05-15,,,,,incompleta-v4,,,,
2013-05-16,,,,,incompleta-v4,,,,
2013-05-17,,,,,incompleta-v4,,,,
2013-05-20,,,,,incompleta-v4,,,,
2013-05-21,,,,,incompleta-v4,,,,
2013-05-22,,,,,incompleta-v4,,,,
2013-05-23,,,,,incompleta-v4,,,,
2013-05-24,,,,,incompleta-v4,,,,
2013-05-27,,,,,incompleta-v4,,,,
2013-05-28,,,,,incompleta-v4,,,,
2013-05-29,,,,,incompleta-v4,,,,
2013-05-30,,,,,incompleta-v4,,,,
2013-05-31,,,,,incompleta-v4,,,,
2013-06-03,,,,,incompleta-v4,,,,
2013-06-04,,,,,incompleta-v4,,,,
2013-06-05,,,,,incompleta-v4,,,,
2013-06-06,,,,,incompleta-v4,,,,
2013-06-07,,,,,incompleta-v4,,,,
2013-06-10,,,,,incompleta-v4,,,,
2013-06-11,,,,,incompleta-v4,,,,
2013-06-12,,,,,incompleta-v4,,,,
2013-06-13,,,,,incompleta-v4,,,,
2013-06-14,,,,,incompleta-v4,,,,
2013-06-17,,,,,incompleta-v4,,,,
2013-06-18,,,,,incompleta-v4,,,,
2013-06-19,,,,,incompleta-v4,,,,
2013-06-20,,,,,incompleta-v4,,,,
2013-06-21,,,,,incompleta-v4,,,,
2013-06-24,,,,,incompleta-v4,,,,
2013-06-25,,,,,incompleta-v4,,,,
2013-06-26,,,,,incompleta-v4,,,,
2013-06-27,,,,,incompleta-v4,,,,
2013-06-28,,,,,incompleta-v4,,,,
2013-07-01,,,,,incompleta-v4,,,,
2013-07-02,,,,,incompleta-v4,,,,
2013-07-03,,,,,incompleta-v4,,,,
2013-07-04,,,,,incompleta-v4,,,,
2013-07-05,,,,,incompleta-v4,,,,
2013-07-08,,,,,incompleta-v4,,,,
2013-07-09,,,,,incompleta-v4,,,,
2013-07-10,,,,,incompleta-v4,,,,
2013-07-11,,,,,incompleta-v4,,,,
2013-07-12,,,,,incompleta-v4,,,,
2013-07-15,,,,,incompleta-v4,,,,
2013-07-16,,,,,incompleta-v4,,,,
2013-07-17,,,,,incompleta-v4,,,,
2013-07-18,,,,,incompleta-v4,,,,
2013-07-19,,,,,incompleta-v4,,,,
2013-07-22,,,,,incompleta-v4,,,,
2013-07-23,,,,,incompleta-v4,,,,
2013-07-24,,,,,incompleta-v4,,,,
2013-07-25,,,,,incompleta-v4,,,,
2013-07-26,,,,,incompleta-v4,,,,
2013-07-29,,,,,incompleta-v4,,,,
2013-07-30,,,,,incompleta-v4,,,,
2013-07-31,,,,,incompleta-v4,,,,
2013-08-01,,,,,incompleta-v4,,,,
2013-08-02,,,,,incompleta-v4,,,,
2013-08-05,,,,,incompleta-v4,,,,
2013-08-06,,,,,incompleta-v4,,,,
2013-08-07,,,,,incompleta-v4,,,,
2013-08-08,,,,,incompleta-v4,,,,
2013-08-09,,,,,incompleta-v4,,,,
2013-08-12,,,,,incompleta-v4,,,,
2013-08-13,,,,,incompleta-v4,,,,
2013-08-14,,,,,incompleta-v4,,,,
2013-08-15,,,,,incompleta-v4,,,,
2013-08-16,,,,,incompleta-v4,,,,
2013-08-19,,,,,incompleta-v4,,,,
2013-08-20,,,,,incompleta-v4,,,,
2013-08-21,,,,,incompleta-v4,,,,
2013-08-22,,,,,incompleta-v4,,,,
2013-08-23,,,,,incompleta-v4,,,,
2013-08-26,,,,,incompleta-v4,,,,
2013-08-27,,,,,incompleta-v4,,,,
2013-08-28,,,,,incompleta-v4,,,,
2013-08-29,,,,,incompleta-v4,,,,
2013-08-30,,,,,incompleta-v4,,,,
2013-09-02,,,,,incompleta-v4,,,,
2013-09-03,,,,,incompleta-v4,,,,
2013-09-04,,,,,incompleta-v4,,,,
2013-09-05,,,,,incompleta-v4,,,,
2013-09-06,,,,,incompleta-v4,,,,
2013-09-09,,,,,incompleta-v4,,,,
2013-09-10,,,,,incompleta-v4,,,,
2013-09-11,,,,,incompleta-v4,,,,
2013-09-12,,,,,incompleta-v4,,,,
2013-09-13,,,,,incompleta-v4,,,,
2013-09-16,,,,,incompleta-v4,,,,
2013-09-17,,,,,incompleta-v4,,,,
2013-09-18,,,,,incompleta-v4,,,,
2013-09-19,,,,,incompleta-v4,,,,
2013-09-20,,,,,incompleta-v4,,,,
2013-09-23,,,,,incompleta-v4,,,,
2013-09-24,,,,,incompleta-v4,,,,
2013-09-25,,,,,incompleta-v4,,,,
2013-09-26,,,,,incompleta-v4,,,,
2013-09-27,,,,,incompleta-v4,,,,
2013-09-30,,,,,incompleta-v4,,,,
2013-10-01,,,,,incompleta-v4,,,,
2013-10-02,,,,,incompleta-v4,,,,
2013-10-03,,,,,incompleta-v4,,,,
2013-10-04,,,,,incompleta-v4,,,,
2013-10-07,,,,,incompleta-v4,,,,
2013-10-08,,,,,incompleta-v4,,,,
2013-10-09,,,,,incompleta-v4,,,,
2013-10-10,,,,,incompleta-v4,,,,
2013-10-11,,,,,incompleta-v4,,,,
2013-10-14,,,,,incompleta-v4,,,,
2013-10-15,,,,,incompleta-v4,,,,
2013-10-16,,,,,incompleta-v4,,,,
2013-10-17,,,,,incompleta-v4,,,,
2013-10-18,,,,,incompleta-v4,,,,
2013-10-21,,,,,incompleta-v4,,,,
2013-10-22,,,,,incompleta-v4,,,,
2013-10-23,,,,,incompleta-v4,,,,
2013-10-24,,,,,incompleta-v4,,,,
2013-10-25,,,,,incompleta-v4,,,,
2013-10-28,,,,,incompleta-v4,,,,
2013-10-29,,,,,incompleta-v4,,,,
2013-10-30,,,,,incompleta-v4,,,,
2013-10-31,,,,,incompleta-v4,,,,
2013-11-01,,,,,incompleta-v4,,,,
2013-11-04,,,,,incompleta-v4,,,,
2013-11-05,,,,,incompleta-v4,,,,
2013-11-06,,,,,incompleta-v4,,,,
2013-11-07,,,,,incompleta-v4,,,,
2013-11-08,,,,,incompleta-v4,,,,
2013-11-11,,,,,incompleta-v4,,,,
2013-11-12,,,,,incompleta-v4,,,,
2013-11-13,,,,,incompleta-v4,,,,
2013-11-14,,,,,incompleta-v4,,,,
2013-11-15,,,,,incompleta-v4,,,,
2013-11-18,,,,,incompleta-v4,,,,
2013-11-19,,,,,incompleta-v4,,,,
2013-11-20,,,,,incompleta-v4,,,,
2013-11-21,,,,,incompleta-v4,,,,
2013-11-22,,,,,incompleta-v4,,,,
2013-11-25,,,,,incompleta-v4,,,,
2013-11-26,,,,,incompleta-v4,,,,
2013-11-27,,,,,incompleta-v4,,,,
2013-11-28,,,,,incompleta-v4,,,,
2013-11-29,,,,,incompleta-v4,,,,
2013-12-02,,,,,incompleta-v4,,,,
2013-12-03,,,,,incompleta-v4,,,,
2013-12-04,,,,,incompleta-v4,,,,
2013-12-05,,,,,incompleta-v4,,,,
2013-12-06,,,,,incompleta-v4,,,,
2013-12-09,,,,,incompleta-v4,,,,
2013-12-10,,,,,incompleta-v4,,,,
2013-12-11,,,,,incompleta-v4,,,,
2013-12-12,,,,,incompleta-v4,,,,
2013-12-13,,,,,incompleta-v4,,,,
2013-12-16,,,,,incompleta-v4,,,,
2013-12-17,,,,,incompleta-v4,,,,
2013-12-18,,,,,incompleta-v4,,,,
2013-12-19,,,,,incompleta-v4,,,,
2013-12-20,,,,,incompleta-v4,,,,
2013-12-23,,,,,incompleta-v4,,,,
2013-12-24,,,,,incompleta-v4,,,,
2013-12-26,,,,,incompleta-v4,,,,
2013-12-27,,,,,incompleta-v4,,,,
2013-12-30,,,,,incompleta-v4,,,,
2013-12-31,,,,,incompleta-v4,,,,
2014-01-02,,,,,incompleta-v4,,,,
2014-01-03,,,,,incompleta-v4,,,,
2014-01-06,,,,,incompleta-v4,,,,
2014-01-07,,,,,incompleta-v4,,,,
2014-01-08,,,,,incompleta-v4,,,,
2014-01-09,,,,,incompleta-v4,,,,
2014-01-10,,,,,incompleta-v4,,,,
2014-01-13,,,,,incompleta-v4,,,,
2014-01-14,,,,,incompleta-v4,,,,
2014-01-15,,,,,incompleta-v4,,,,
2014-01-16,,,,,incompleta-v4,,,,
2014-01-17,,,,,incompleta-v4,,,,
2014-01-20,,,,,incompleta-v4,,,,
2014-01-21,,,,,incompleta-v4,,,,
2014-01-22,,,,,incompleta-v4,,,,
2014-01-23,,,,,incompleta-v4,,,,
2014-01-24,,,,,incompleta-v4,,,,
2014-01-27,,,,,incompleta-v4,,,,
2014-01-28,,,,,incompleta-v4,,,,
2014-01-29,,,,,incompleta-v4,,,,
2014-01-30,,,,,incompleta-v4,,,,
2014-01-31,,,,,incompleta-v4,,,,
2014-02-03,,,,,incompleta-v4,,,,
2014-02-04,,,,,incompleta-v4,,,,
2014-02-05,,,,,incompleta-v4,,,,
2014-02-06,,,,,incompleta-v4,,,,
2014-02-07,,,,,incompleta-v4,,,,
2014-02-10,,,,,incompleta-v4,,,,
2014-02-11,,,,,incompleta-v4,,,,
2014-02-12,,,,,incompleta-v4,,,,
2014-02-13,,,,,incompleta-v4,,,,
2014-02-14,,,,,incompleta-v4,,,,
2014-02-17,,,,,incompleta-v4,,,,
2014-02-18,,,,,incompleta-v4,,,,
2014-02-19,,,,,incompleta-v4,,,,
2014-02-20,,,,,incompleta-v4,,,,
2014-02-21,,,,,incompleta-v4,,,,
2014-02-24,,,,,incompleta-v4,,,,
2014-02-25,,,,,incompleta-v4,,,,
2014-02-26,,,,,incompleta-v4,,,,
2014-02-27,,,,,incompleta-v4,,,,
2014-02-28,,,,,incompleta-v4,,,,
2014-03-03,,,,,incompleta-v4,,,,
2014-03-04,,,,,incompleta-v4,,,,
2014-03-05,,,,,incompleta-v4,,,,
2014-03-06,,,,,incompleta-v4,,,,
2014-03-07,,,,,incompleta-v4,,,,
2014-03-10,,,,,incompleta-v4,,,,
2014-03-11,,,,,incompleta-v4,,,,
2014-03-12,,,,,incompleta-v4,,,,
2014-03-13,,,,,incompleta-v4,,,,
2014-03-14,,,,,incompleta-v4,,,,
2014-03-17,,,,,incompleta-v4,,,,
2014-03-18,,,,,incompleta-v4,,,,
2014-03-19,,,,,incompleta-v4,,,,
2014-03-20,,,,,incompleta-v4,,,,
2014-03-21,,,,,incompleta-v4,,,,
2014-03-24,,,,,incompleta-v4,,,,
2014-03-25,,,,,incompleta-v4,,,,
2014-03-26,,,,,incompleta-v4,,,,
2014-03-27,,,,,incompleta-v4,,,,
2014-03-28,,,,,incompleta-v4,,,,
2014-03-31,,,,,incompleta-v4,,,,
2014-04-01,,,,,incompleta-v4,,,,
2014-04-02,,,,,incompleta-v4,,,,
2014-04-03,,,,,incompleta-v4,,,,
2014-04-04,,,,,incompleta-v4,,,,
2014-04-07,,,,,incompleta-v4,,,,
2014-04-08,,,,,incompleta-v4,,,,
2014-04-09,,,,,incompleta-v4,,,,
2014-04-10,,,,,incompleta-v4,,,,
2014-04-11,,,,,incompleta-v4,,,,
2014-04-14,,,,,incompleta-v4,,,,
2014-04-15,,,,,incompleta-v4,,,,
2014-04-16,,,,,incompleta-v4,,,,
2014-04-17,,,,,incompleta-v4,,,,
2014-04-21,,,,,incompleta-v4,,,,
2014-04-22,,,,,incompleta-v4,,,,
2014-04-23,,,,,incompleta-v4,,,,
2014-04-24,,,,,incompleta-v4,,,,
2014-04-25,,,,,incompleta-v4,,,,
2014-04-28,,,,,incompleta-v4,,,,
2014-04-29,,,,,incompleta-v4,,,,
2014-04-30,,,,,incompleta-v4,,,,
2014-05-01,,,,,incompleta-v4,,,,
2014-05-02,,,,,incompleta-v4,,,,
2014-05-05,,,,,incompleta-v4,,,,
2014-05-06,,,,,incompleta-v4,,,,
2014-05-07,,,,,incompleta-v4,,,,
2014-05-08,,,,,incompleta-v4,,,,
2014-05-09,,,,,incompleta-v4,,,,
2014-05-12,,,,,incompleta-v4,,,,
2014-05-13,,,,,incompleta-v4,,,,
2014-05-14,,,,,incompleta-v4,,,,
2014-05-15,,,,,incompleta-v4,,,,
2014-05-16,,,,,incompleta-v4,,,,
2014-05-19,,,,,incompleta-v4,,,,
2014-05-20,,,,,incompleta-v4,,,,
2014-05-21,,,,,incompleta-v4,,,,
2014-05-22,,,,,incompleta-v4,,,,
2014-05-23,,,,,incompleta-v4,,,,
2014-05-26,,,,,incompleta-v4,,,,
2014-05-27,,,,,incompleta-v4,,,,
2014-05-28,,,,,incompleta-v4,,,,
2014-05-29,,,,,incompleta-v4,,,,
2014-05-30,,,,,incompleta-v4,,,,
2014-06-02,,,,,incompleta-v4,,,,
2014-06-03,,,,,incompleta-v4,,,,
2014-06-04,,,,,incompleta-v4,,,,
2014-06-05,,,,,incompleta-v4,,,,
2014-06-06,,,,,incompleta-v4,,,,
2014-06-09,,,,,incompleta-v4,,,,
2014-06-10,,,,,incompleta-v4,,,,
2014-06-11,,,,,incompleta-v4,,,,
2014-06-12,,,,,incompleta-v4,,,,
2014-06-13,,,,,incompleta-v4,,,,
2014-06-16,,,,,incompleta-v4,,,,
2014-06-17,,,,,incompleta-v4,,,,
2014-06-18,,,,,incompleta-v4,,,,
2014-06-19,,,,,incompleta-v4,,,,
2014-06-20,,,,,incompleta-v4,,,,
2014-06-23,,,,,incompleta-v4,,,,
2014-06-24,,,,,incompleta-v4,,,,
2014-06-25,,,,,incompleta-v4,,,,
2014-06-26,,,,,incompleta-v4,,,,
2014-06-27,,,,,incompleta-v4,,,,
2014-06-30,,,,,incompleta-v4,,,,
2014-07-01,,,,,incompleta-v4,,,,
2014-07-02,,,,,incompleta-v4,,,,
2014-07-03,,,,,incompleta-v4,,,,
2014-07-04,,,,,incompleta-v4,,,,
2014-07-07,,,,,incompleta-v4,,,,
2014-07-08,,,,,incompleta-v4,,,,
2014-07-09,,,,,incompleta-v4,,,,
2014-07-10,,,,,incompleta-v4,,,,
2014-07-11,,,,,incompleta-v4,,,,
2014-07-14,,,,,incompleta-v4,,,,
2014-07-15,,,,,incompleta-v4,,,,
2014-07-16,,,,,incompleta-v4,,,,
2014-07-17,,,,,incompleta-v4,,,,
2014-07-18,,,,,incompleta-v4,,,,
2014-07-21,,,,,incompleta-v4,,,,
2014-07-22,,,,,incompleta-v4,,,,
2014-07-23,,,,,incompleta-v4,,,,
2014-07-24,,,,,incompleta-v4,,,,
2014-07-25,,,,,incompleta-v4,,,,
2014-07-28,,,,,incompleta-v4,,,,
2014-07-29,,,,,incompleta-v4,,,,
2014-07-30,,,,,incompleta-v4,,,,
2014-07-31,,,,,incompleta-v4,,,,
2014-08-01,,,,,incompleta-v4,,,,
2014-08-04,,,,,incompleta-v4,,,,
2014-08-05,,,,,incompleta-v4,,,,
2014-08-06,,,,,incompleta-v4,,,,
2014-08-07,,,,,incompleta-v4,,,,
2014-08-08,,,,,incompleta-v4,,,,
2014-08-11,,,,,incompleta-v4,,,,
2014-08-12,,,,,incompleta-v4,,,,
2014-08-13,,,,,incompleta-v4,,,,
2014-08-14,,,,,incompleta-v4,,,,
2014-08-15,,,,,incompleta-v4,,,,
2014-08-18,,,,,incompleta-v4,,,,
2014-08-19,,,,,incompleta-v4,,,,
2014-08-20,,,,,incompleta-v4,,,,
2014-08-21,,,,,incompleta-v4,,,,
2014-08-22,,,,,incompleta-v4,,,,
2014-08-25,,,,,incompleta-v4,,,,
2014-08-26,,,,,incompleta-v4,,,,
2014-08-27,,,,,incompleta-v4,,,,
2014-08-28,,,,,incompleta-v4,,,,
2014-08-29,,,,,incompleta-v4,,,,
2014-09-01,,,,,incompleta-v4,,,,
2014-09-02,,,,,incompleta-v4,,,,
2014-09-03,,,,,incompleta-v4,,,,
2014-09-04,,,,,incompleta-v4,,,,
2014-09-05,,,,,incompleta-v4,,,,
2014-09-08,,,,,incompleta-v4,,,,
2014-09-09,,,,,incompleta-v4,,,,
2014-09-10,,,,,incompleta-v4,,,,
2014-09-11,,,,,incompleta-v4,,,,
2014-09-12,,,,,incompleta-v4,,,,
2014-09-15,,,,,incompleta-v4,,,,
2014-09-16,,,,,incompleta-v4,,,,
2014-09-17,,,,,incompleta-v4,,,,
2014-09-18,,,,,incompleta-v4,,,,
2014-09-19,,,,,incompleta-v4,,,,
2014-09-22,,,,,incompleta-v4,,,,
2014-09-23,,,,,incompleta-v4,,,,
2014-09-24,,,,,incompleta-v4,,,,
2014-09-25,,,,,incompleta-v4,,,,
2014-09-26,,,,,incompleta-v4,,,,
2014-09-29,,,,,incompleta-v4,,,,
2014-09-30,,,,,incompleta-v4,,,,
2014-10-01,,,,,incompleta-v4,,,,
2014-10-02,,,,,incompleta-v4,,,,
2014-10-03,,,,,incompleta-v4,,,,
2014-10-06,,,,,incompleta-v4,,,,
2014-10-07,,,,,incompleta-v4,,,,
2014-10-08,,,,,incompleta-v4,,,,
2014-10-09,,,,,incompleta-v4,,,,
2014-10-10,,,,,incompleta-v4,,,,
2014-10-13,,,,,incompleta-v4,,,,
2014-10-14,,,,,incompleta-v4,,,,
2014-10-15,,,,,incompleta-v4,,,,
2014-10-16,,,,,incompleta-v4,,,,
2014-10-17,,,,,incompleta-v4,,,,
2014-10-20,,,,,incompleta-v4,,,,
2014-10-21,,,,,incompleta-v4,,,,
2014-10-22,,,,,incompleta-v4,,,,
2014-10-23,,,,,incompleta-v4,,,,
2014-10-24,,,,,incompleta-v4,,,,
2014-10-27,,,,,incompleta-v4,,,,
2014-10-28,,,,,incompleta-v4,,,,
2014-10-29,,,,,incompleta-v4,,,,
2014-10-30,,,,,incompleta-v4,,,,
2014-10-31,,,,,incompleta-v4,,,,
2014-11-03,,,,,incompleta-v4,,,,
2014-11-04,,,,,incompleta-v4,,,,
2014-11-05,,,,,incompleta-v4,,,,
2014-11-06,,,,,incompleta-v4,,,,
2014-11-07,,,,,incompleta-v4,,,,
2014-11-10,,,,,incompleta-v4,,,,
2014-11-11,,,,,incompleta-v4,,,,
2014-11-12,,,,,incompleta-v4,,,,
2014-11-13,,,,,incompleta-v4,,,,
2014-11-14,,,,,incompleta-v4,,,,
2014-11-17,,,,,incompleta-v4,,,,
2014-11-18,,,,,incompleta-v4,,,,
2014-11-19,,,,,incompleta-v4,,,,
2014-11-20,,,,,incompleta-v4,,,,
2014-11-21,,,,,incompleta-v4,,,,
2014-11-24,,,,,incompleta-v4,,,,
2014-11-25,,,,,incompleta-v4,,,,
2014-11-26,,,,,incompleta-v4,,,,
2014-11-27,,,,,incompleta-v4,,,,
2014-11-28,,,,,incompleta-v4,,,,
2014-12-01,,,,,incompleta-v4,,,,
2014-12-02,,,,,incompleta-v4,,,,
2014-12-03,,,,,incompleta-v4,,,,
2014-12-04,,,,,incompleta-v4,,,,
2014-12-05,,,,,incompleta-v4,,,,
2014-12-08,,,,,incompleta-v4,,,,
2014-12-09,,,,,incompleta-v4,,,,
2014-12-10,,,,,incompleta-v4,,,,
2014-12-11,,,,,incompleta-v4,,,,
2014-12-12,,,,,incompleta-v4,,,,
2014-12-15,,,,,incompleta-v4,,,,
2014-12-16,,,,,incompleta-v4,,,,
2014-12-17,,,,,incompleta-v4,,,,
2014-12-18,,,,,incompleta-v4,,,,
2014-12-19,,,,,incompleta-v4,,,,
2014-12-22,,,,,incompleta-v4,,,,
2014-12-23,,,,,incompleta-v4,,,,
2014-12-24,,,,,incompleta-v4,,,,
2014-12-26,,,,,incompleta-v4,,,,
2014-12-29,,,,,incompleta-v4,,,,
2014-12-30,,,,,incompleta-v4,,,,
2014-12-31,,,,,incompleta-v4,,,,
2015-01-02,,,,,incompleta-v4,,,,
2015-01-05,,,,,incompleta-v4,,,,
2015-01-06,,,,,incompleta-v4,,,,
2015-01-07,,,,,incompleta-v4,,,,
2015-01-08,,,,,incompleta-v4,,,,
2015-01-09,,,,,incompleta-v4,,,,
2015-01-12,,,,,incompleta-v4,,,,
2015-01-13,,,,,incompleta-v4,,,,
2015-01-14,,,,,incompleta-v4,,,,
2015-01-15,,,,,incompleta-v4,,,,
2015-01-16,,,,,incompleta-v4,,,,
2015-01-19,,,,,incompleta-v4,,,,
2015-01-20,,,,,incompleta-v4,,,,
2015-01-21,,,,,incompleta-v4,,,,
2015-01-22,,,,,incompleta-v4,,,,
2015-01-23,,,,,incompleta-v4,,,,
2015-01-26,,,,,incompleta-v4,,,,
2015-01-27,,,,,incompleta-v4,,,,
2015-01-28,,,,,incompleta-v4,,,,
2015-01-29,,,,,incompleta-v4,,,,
2015-01-30,,,,,incompleta-v4,,,,
2015-02-02,,,,,incompleta-v4,,,,
2015-02-03,,,,,incompleta-v4,,,,
2015-02-04,,,,,incompleta-v4,,,,
2015-02-05,,,,,incompleta-v4,,,,
2015-02-06,,,,,incompleta-v4,,,,
2015-02-09,,,,,incompleta-v4,,,,
2015-02-10,,,,,incompleta-v4,,,,
2015-02-11,,,,,incompleta-v4,,,,
2015-02-12,,,,,incompleta-v4,,,,
2015-02-13,,,,,incompleta-v4,,,,
2015-02-16,,,,,incompleta-v4,,,,
2015-02-17,,,,,incompleta-v4,,,,
2015-02-18,,,,,incompleta-v4,,,,
2015-02-19,,,,,incompleta-v4,,,,
2015-02-20,,,,,incompleta-v4,,,,
2015-02-23,,,,,incompleta-v4,,,,
2015-02-24,,,,,incompleta-v4,,,,
2015-02-25,,,,,incompleta-v4,,,,
2015-02-26,,,,,incompleta-v4,,,,
2015-02-27,,,,,incompleta-v4,,,,
2015-03-02,,,,,incompleta-v4,,,,
2015-03-03,,,,,incompleta-v4,,,,
2015-03-04,,,,,incompleta-v4,,,,
2015-03-05,,,,,incompleta-v4,,,,
2015-03-06,,,,,incompleta-v4,,,,
2015-03-09,,,,,incompleta-v4,,,,
2015-03-10,,,,,incompleta-v4,,,,
2015-03-11,,,,,incompleta-v4,,,,
2015-03-12,,,,,incompleta-v4,,,,
2015-03-13,,,,,incompleta-v4,,,,
2015-03-16,,,,,incompleta-v4,,,,
2015-03-17,,,,,incompleta-v4,,,,
2015-03-18,,,,,incompleta-v4,,,,
2015-03-19,,,,,incompleta-v4,,,,
2015-03-20,,,,,incompleta-v4,,,,
2015-03-23,,,,,incompleta-v4,,,,
2015-03-24,,,,,incompleta-v4,,,,
2015-03-25,,,,,incompleta-v4,,,,
2015-03-26,,,,,incompleta-v4,,,,
2015-03-27,,,,,incompleta-v4,,,,
2015-03-30,,,,,incompleta-v4,,,,
2015-03-31,,,,,incompleta-v4,,,,
2015-04-01,,,,,incompleta-v4,,,,
2015-04-02,,,,,incompleta-v4,,,,
2015-04-03,,,,,incompleta-v4,,,,
2015-04-06,,,,,incompleta-v4,,,,
2015-04-07,,,,,incompleta-v4,,,,
2015-04-08,,,,,incompleta-v4,,,,
2015-04-09,,,,,incompleta-v4,,,,
2015-04-10,,,,,incompleta-v4,,,,
2015-04-13,,,,,incompleta-v4,,,,
2015-04-14,,,,,incompleta-v4,,,,
2015-04-15,,,,,incompleta-v4,,,,
2015-04-16,,,,,incompleta-v4,,,,
2015-04-17,,,,,incompleta-v4,,,,
2015-04-20,,,,,incompleta-v4,,,,
2015-04-21,,,,,incompleta-v4,,,,
2015-04-22,,,,,incompleta-v4,,,,
2015-04-23,,,,,incompleta-v4,,,,
2015-04-24,,,,,incompleta-v4,,,,
2015-04-27,,,,,incompleta-v4,,,,
2015-04-28,,,,,incompleta-v4,,,,
2015-04-29,,,,,incompleta-v4,,,,
2015-04-30,,,,,incompleta-v4,,,,
2015-05-01,,,,,incompleta-v4,,,,
2015-05-04,,,,,incompleta-v4,,,,
2015-05-05,,,,,incompleta-v4,,,,
2015-05-06,,,,,incompleta-v4,,,,
2015-05-07,,,,,incompleta-v4,,,,
2015-05-08,,,,,incompleta-v4,,,,
2015-05-11,,,,,incompleta-v4,,,,
2015-05-12,,,,,incompleta-v4,,,,
2015-05-13,,,,,incompleta-v4,,,,
2015-05-14,,,,,incompleta-v4,,,,
2015-05-15,,,,,incompleta-v4,,,,
2015-05-18,,,,,incompleta-v4,,,,
2015-05-19,,,,,incompleta-v4,,,,
2015-05-20,,,,,incompleta-v4,,,,
2015-05-21,,,,,incompleta-v4,,,,
2015-05-22,,,,,incompleta-v4,,,,
2015-05-25,,,,,incompleta-v4,,,,
2015-05-26,,,,,incompleta-v4,,,,
2015-05-27,,,,,incompleta-v4,,,,
2015-05-28,,,,,incompleta-v4,,,,
2015-05-29,,,,,incompleta-v4,,,,
2015-06-01,,,,,incompleta-v4,,,,
2015-06-02,,,,,incompleta-v4,,,,
2015-06-03,,,,,incompleta-v4,,,,
2015-06-04,,,,,incompleta-v4,,,,
2015-06-05,,,,,incompleta-v4,,,,
2015-06-08,,,,,incompleta-v4,,,,
2015-06-09,,,,,incompleta-v4,,,,
2015-06-10,,,,,incompleta-v4,,,,
2015-06-11,,,,,incompleta-v4,,,,
2015-06-12,,,,,incompleta-v4,,,,
2015-06-15,,,,,incompleta-v4,,,,
2015-06-16,,,,,incompleta-v4,,,,
2015-06-17,,,,,incompleta-v4,,,,
2015-06-18,,,,,incompleta-v4,,,,
2015-06-19,,,,,incompleta-v4,,,,
2015-06-22,,,,,incompleta-v4,,,,
2015-06-23,,,,,incompleta-v4,,,,
2015-06-24,,,,,incompleta-v4,,,,
2015-06-25,,,,,incompleta-v4,,,,
2015-06-26,,,,,incompleta-v4,,,,
2015-06-29,,,,,incompleta-v4,,,,
2015-06-30,,,,,incompleta-v4,,,,
2015-07-01,,,,,incompleta-v4,,,,
2015-07-02,,,,,incompleta-v4,,,,
2015-07-03,,,,,incompleta-v4,,,,
2015-07-06,,,,,incompleta-v4,,,,
2015-07-07,,,,,incompleta-v4,,,,
2015-07-08,,,,,incompleta-v4,,,,
2015-07-09,,,,,incompleta-v4,,,,
2015-07-10,,,,,incompleta-v4,,,,
2015-07-13,,,,,incompleta-v4,,,,
2015-07-14,,,,,incompleta-v4,,,,
2015-07-15,,,,,incompleta-v4,,,,
2015-07-16,,,,,incompleta-v4,,,,
2015-07-17,,,,,incompleta-v4,,,,
2015-07-20,,,,,incompleta-v4,,,,
2015-07-21,,,,,incompleta-v4,,,,
2015-07-22,,,,,incompleta-v4,,,,
2015-07-23,,,,,incompleta-v4,,,,
2015-07-24,,,,,incompleta-v4,,,,
2015-07-27,,,,,incompleta-v4,,,,
2015-07-28,,,,,incompleta-v4,,,,
2015-07-29,,,,,incompleta-v4,,,,
2015-07-30,,,,,incompleta-v4,,,,
2015-07-31,,,,,incompleta-v4,,,,
2015-08-03,,,,,incompleta-v4,,,,
2015-08-04,,,,,incompleta-v4,,,,
2015-08-05,,,,,incompleta-v4,,,,
2015-08-06,,,,,incompleta-v4,,,,
2015-08-07,,,,,incompleta-v4,,,,
2015-08-10,,,,,incompleta-v4,,,,
2015-08-11,,,,,incompleta-v4,,,,
2015-08-12,,,,,incompleta-v4,,,,
2015-08-13,,,,,incompleta-v4,,,,
2015-08-14,,,,,incompleta-v4,,,,
2015-08-17,,,,,incompleta-v4,,,,
2015-08-18,,,,,incompleta-v4,,,,
2015-08-19,,,,,incompleta-v4,,,,
2015-08-20,,,,,incompleta-v4,,,,
2015-08-21,,,,,incompleta-v4,,,,
2015-08-24,,,,,incompleta-v4,,,,
2015-08-25,,,,,incompleta-v4,,,,
2015-08-26,,,,,incompleta-v4,,,,
2015-08-27,,,,,incompleta-v4,,,,
2015-08-28,,,,,incompleta-v4,,,,
2015-08-31,,,,,incompleta-v4,,,,
2015-09-01,,,,,incompleta-v4,,,,
2015-09-02,,,,,incompleta-v4,,,,
2015-09-03,,,,,incompleta-v4,,,,
2015-09-04,,,,,incompleta-v4,,,,
2015-09-07,,,,,incompleta-v4,,,,
2015-09-08,,,,,incompleta-v4,,,,
2015-09-09,,,,,incompleta-v4,,,,
2015-09-10,,,,,incompleta-v4,,,,
2015-09-11,,,,,incompleta-v4,,,,
2015-09-14,,,,,incompleta-v4,,,,
2015-09-15,,,,,incompleta-v4,,,,
2015-09-16,,,,,incompleta-v4,,,,
2015-09-17,,,,,incompleta-v4,,,,
2015-09-18,,,,,incompleta-v4,,,,
2015-09-21,,,,,incompleta-v4,,,,
2015-09-22,,,,,incompleta-v4,,,,
2015-09-23,,,,,incompleta-v4,,,,
2015-09-24,,,,,incompleta-v4,,,,
2015-09-25,,,,,incompleta-v4,,,,
2015-09-28,,,,,incompleta-v4,,,,
2015-09-29,,,,,incompleta-v4,,,,
2015-09-30,,,,,incompleta-v4,,,,
2015-10-01,,,,,incompleta-v4,,,,
2015-10-02,,,,,incompleta-v4,,,,
2015-10-05,,,,,incompleta-v4,,,,
2015-10-06,,,,,incompleta-v4,,,,
2015-10-07,,,,,incompleta-v4,,,,
2015-10-08,,,,,incompleta-v4,,,,
2015-10-09,,,,,incompleta-v4,,,,
2015-10-12,,,,,incompleta-v4,,,,
2015-10-13,,,,,incompleta-v4,,,,
2015-10-14,,,,,incompleta-v4,,,,
2015-10-15,,,,,incompleta-v4,,,,
2015-10-16,,,,,incompleta-v4,,,,
2015-10-19,,,,,incompleta-v4,,,,
2015-10-20,,,,,incompleta-v4,,,,
2015-10-21,,,,,incompleta-v4,,,,
2015-10-22,,,,,incompleta-v4,,,,
2015-10-23,,,,,incompleta-v4,,,,
2015-10-26,,,,,incompleta-v4,,,,
2015-10-27,,,,,incompleta-v4,,,,
2015-10-28,,,,,incompleta-v4,,,,
2015-10-29,,,,,incompleta-v4,,,,
2015-10-30,,,,,incompleta-v4,,,,
2015-11-02,,,,,incompleta-v4,,,,
2015-11-03,,,,,incompleta-v4,,,,
2015-11-04,,,,,incompleta-v4,,,,
2015-11-05,,,,,incompleta-v4,,,,
2015-11-06,,,,,incompleta-v4,,,,
2015-11-09,,,,,incompleta-v4,,,,
2015-11-10,,,,,incompleta-v4,,,,
2015-11-11,,,,,incompleta-v4,,,,
2015-11-12,,,,,incompleta-v4,,,,
2015-11-13,,,,,incompleta-v4,,,,
2015-11-16,,,,,incompleta-v4,,,,
2015-11-17,,,,,incompleta-v4,,,,
2015-11-18,,,,,incompleta-v4,,,,
2015-11-19,,,,,incompleta-v4,,,,
2015-11-20,,,,,incompleta-v4,,,,
2015-11-23,,,,,incompleta-v4,,,,
2015-11-24,,,,,incompleta-v4,,,,
2015-11-25,,,,,incompleta-v4,,,,
2015-11-26,,,,,incompleta-v4,,,,
2015-11-27,,,,,incompleta-v4,,,,
2015-11-30,,,,,incompleta-v4,,,,
2015-12-01,,,,,incompleta-v4,,,,
2015-12-02,,,,,incompleta-v4,,,,
2015-12-03,,,,,incompleta-v4,,,,
2015-12-04,,,,,incompleta-v4,,,,
2015-12-07,,,,,incompleta-v4,,,,
2015-12-08,,,,,incompleta-v4,,,,
2015-12-09,,,,,incompleta-v4,,,,
2015-12-10,,,,,incompleta-v4,,,,
2015-12-11,,,,,incompleta-v4,,,,
2015-12-14,,,,,incompleta-v4,,,,
2015-12-15,,,,,incompleta-v4,,,,
2015-12-16,,,,,incompleta-v4,,,,
2015-12-17,,,,,incompleta-v4,,,,
2015-12-18,,,,,incompleta-v4,,,,
2015-12-21,,,,,incompleta-v4,,,,
2015-12-22,,,,,incompleta-v4,,,,
2015-12-23,,,,,incompleta-v4,,,,
2015-12-24,,,,,incompleta-v4,,,,
2015-12-28,,,,,incompleta-v4,,,,
2015-12-29,,,,,incompleta-v4,,,,
2015-12-30,,,,,incompleta-v4,,,,
2015-12-31,,,,,incompleta-v4,,,,
2016-01-04,,,,,incompleta-v4,,,,
2016-01-05,,,,,incompleta-v4,,,,
2016-01-06,,,,,incompleta-v4,,,,
2016-01-07,,,,,incompleta-v4,,,,
2016-01-08,,,,,incompleta-v4,,,,
2016-01-11,,,,,incompleta-v4,,,,
2016-01-12,,,,,incompleta-v4,,,,
2016-01-13,,,,,incompleta-v4,,,,
2016-01-14,,,,,incompleta-v4,,,,
2016-01-15,,,,,incompleta-v4,,,,
2016-01-18,,,,,incompleta-v4,,,,
2016-01-19,,,,,incompleta-v4,,,,
2016-01-20,,,,,incompleta-v4,,,,
2016-01-21,,,,,incompleta-v4,,,,
2016-01-22,,,,,incompleta-v4,,,,
2016-01-25,,,,,incompleta-v4,,,,
2016-01-26,,,,,incompleta-v4,,,,
2016-01-27,,,,,incompleta-v4,,,,
2016-01-28,,,,,incompleta-v4,,,,
2016-01-29,,,,,incompleta-v4,,,,
2016-02-01,,,,,incompleta-v4,,,,
2016-02-02,,,,,incompleta-v4,,,,
2016-02-03,,,,,incompleta-v4,,,,
2016-02-04,,,,,incompleta-v4,,,,
2016-02-05,,,,,incompleta-v4,,,,
2016-02-08,,,,,incompleta-v4,,,,
2016-02-09,,,,,incompleta-v4,,,,
2016-02-10,,,,,incompleta-v4,,,,
2016-02-11,,,,,incompleta-v4,,,,
2016-02-12,,,,,incompleta-v4,,,,
2016-02-15,,,,,incompleta-v4,,,,
2016-02-16,,,,,incompleta-v4,,,,
2016-02-17,,,,,incompleta-v4,,,,
2016-02-18,,,,,incompleta-v4,,,,
2016-02-19,,,,,incompleta-v4,,,,
2016-02-22,,,,,incompleta-v4,,,,
2016-02-23,,,,,incompleta-v4,,,,
2016-02-24,,,,,incompleta-v4,,,,
2016-02-25,,,,,incompleta-v4,,,,
2016-02-26,,,,,incompleta-v4,,,,
2016-02-29,,,,,incompleta-v4,,,,
2016-03-01,,,,,incompleta-v4,,,,
2016-03-02,,,,,incompleta-v4,,,,
2016-03-03,,,,,incompleta-v4,,,,
2016-03-04,,,,,incompleta-v4,,,,
2016-03-07,,,,,incompleta-v4,,,,
2016-03-08,,,,,incompleta-v4,,,,
2016-03-09,,,,,incompleta-v4,,,,
2016-03-10,,,,,incompleta-v4,,,,
2016-03-11,,,,,incompleta-v4,,,,
2016-03-14,,,,,incompleta-v4,,,,
2016-03-15,,,,,incompleta-v4,,,,
2016-03-16,,,,,incompleta-v4,,,,
2016-03-17,,,,,incompleta-v4,,,,
2016-03-18,,,,,incompleta-v4,,,,
2016-03-21,,,,,incompleta-v4,,,,
2016-03-22,,,,,incompleta-v4,,,,
2016-03-23,,,,,incompleta-v4,,,,
2016-03-24,,,,,incompleta-v4,,,,
2016-03-28,,,,,incompleta-v4,,,,
2016-03-29,,,,,incompleta-v4,,,,
2016-03-30,,,,,incompleta-v4,,,,
2016-03-31,,,,,incompleta-v4,,,,
2016-04-01,,,,,incompleta-v4,,,,
2016-04-04,,,,,incompleta-v4,,,,
2016-04-05,,,,,incompleta-v4,,,,
2016-04-06,,,,,incompleta-v4,,,,
2016-04-07,,,,,incompleta-v4,,,,
2016-04-08,,,,,incompleta-v4,,,,
2016-04-11,,,,,incompleta-v4,,,,
2016-04-12,,,,,incompleta-v4,,,,
2016-04-13,,,,,incompleta-v4,,,,
2016-04-14,,,,,incompleta-v4,,,,
2016-04-15,,,,,incompleta-v4,,,,
2016-04-18,,,,,incompleta-v4,,,,
2016-04-19,,,,,incompleta-v4,,,,
2016-04-20,,,,,incompleta-v4,,,,
2016-04-21,,,,,incompleta-v4,,,,
2016-04-22,,,,,incompleta-v4,,,,
2016-04-25,,,,,incompleta-v4,,,,
2016-04-26,,,,,incompleta-v4,,,,
2016-04-27,,,,,incompleta-v4,,,,
2016-04-28,,,,,incompleta-v4,,,,
2016-04-29,,,,,incompleta-v4,,,,
2016-05-02,,,,,incompleta-v4,,,,
2016-05-03,,,,,incompleta-v4,,,,
2016-05-04,,,,,incompleta-v4,,,,
2016-05-05,,,,,incompleta-v4,,,,
2016-05-06,,,,,incompleta-v4,,,,
2016-05-09,,,,,incompleta-v4,,,,
2016-05-10,,,,,incompleta-v4,,,,
2016-05-11,,,,,incompleta-v4,,,,
2016-05-12,,,,,incompleta-v4,,,,
2016-05-13,,,,,incompleta-v4,,,,
2016-05-16,,,,,incompleta-v4,,,,
2016-05-17,,,,,incompleta-v4,,,,
2016-05-18,,,,,incompleta-v4,,,,
2016-05-19,,,,,incompleta-v4,,,,
2016-05-20,,,,,incompleta-v4,,,,
2016-05-23,,,,,incompleta-v4,,,,
2016-05-24,,,,,incompleta-v4,,,,
2016-05-25,,,,,incompleta-v4,,,,
2016-05-26,,,,,incompleta-v4,,,,
2016-05-27,,,,,incompleta-v4,,,,
2016-05-30,,,,,incompleta-v4,,,,
2016-05-31,,,,,incompleta-v4,,,,
2016-06-01,,,,,incompleta-v4,,,,
2016-06-02,,,,,incompleta-v4,,,,
2016-06-03,,,,,incompleta-v4,,,,
2016-06-06,,,,,incompleta-v4,,,,
2016-06-07,,,,,incompleta-v4,,,,
2016-06-08,,,,,incompleta-v4,,,,
2016-06-09,,,,,incompleta-v4,,,,
2016-06-10,,,,,incompleta-v4,,,,
2016-06-13,,,,,incompleta-v4,,,,
2016-06-14,,,,,incompleta-v4,,,,
2016-06-15,,,,,incompleta-v4,,,,
2016-06-16,,,,,incompleta-v4,,,,
2016-06-17,,,,,incompleta-v4,,,,
2016-06-20,,,,,incompleta-v4,,,,
2016-06-21,,,,,incompleta-v4,,,,
2016-06-22,,,,,incompleta-v4,,,,
2016-06-23,,,,,incompleta-v4,,,,
2016-06-24,,,,,incompleta-v4,,,,
2016-06-27,,,,,incompleta-v4,,,,
2016-06-28,,,,,incompleta-v4,,,,
2016-06-29,,,,,incompleta-v4,,,,
2016-06-30,,,,,incompleta-v4,,,,
2016-07-01,,,,,incompleta-v4,,,,
2016-07-04,,,,,incompleta-v4,,,,
2016-07-05,,,,,incompleta-v4,,,,
2016-07-06,,,,,incompleta-v4,,,,
2016-07-07,,,,,incompleta-v4,,,,
2016-07-08,,,,,incompleta-v4,,,,
2016-07-11,,,,,incompleta-v4,,,,
2016-07-12,,,,,incompleta-v4,,,,
2016-07-13,,,,,incompleta-v4,,,,
2016-07-14,,,,,incompleta-v4,,,,
2016-07-15,,,,,incompleta-v4,,,,
2016-07-18,,,,,incompleta-v4,,,,
2016-07-19,,,,,incompleta-v4,,,,
2016-07-20,,,,,incompleta-v4,,,,
2016-07-21,,,,,incompleta-v4,,,,
2016-07-22,,,,,incompleta-v4,,,,
2016-07-25,,,,,incompleta-v4,,,,
2016-07-26,,,,,incompleta-v4,,,,
2016-07-27,,,,,incompleta-v4,,,,
2016-07-28,,,,,incompleta-v4,,,,
2016-07-29,,,,,incompleta-v4,,,,
2016-08-01,,,,,incompleta-v4,,,,
2016-08-02,,,,,incompleta-v4,,,,
2016-08-03,,,,,incompleta-v4,,,,
2016-08-04,,,,,incompleta-v4,,,,
2016-08-05,,,,,incompleta-v4,,,,
2016-08-08,,,,,incompleta-v4,,,,
2016-08-09,,,,,incompleta-v4,,,,
2016-08-10,,,,,incompleta-v4,,,,
2016-08-11,,,,,incompleta-v4,,,,
2016-08-12,,,,,incompleta-v4,,,,
2016-08-15,,,,,incompleta-v4,,,,
2016-08-16,,,,,incompleta-v4,,,,
2016-08-17,,,,,incompleta-v4,,,,
2016-08-18,,,,,incompleta-v4,,,,
2016-08-19,,,,,incompleta-v4,,,,
2016-08-22,,,,,incompleta-v4,,,,
2016-08-23,,,,,incompleta-v4,,,,
2016-08-24,,,,,incompleta-v4,,,,
2016-08-25,,,,,incompleta-v4,,,,
2016-08-26,,,,,incompleta-v4,,,,
2016-08-29,,,,,incompleta-v4,,,,
2016-08-30,,,,,incompleta-v4,,,,
2016-08-31,,,,,incompleta-v4,,,,
2016-09-01,,,,,incompleta-v4,,,,
2016-09-02,,,,,incompleta-v4,,,,
2016-09-05,,,,,incompleta-v4,,,,
2016-09-06,,,,,incompleta-v4,,,,
2016-09-07,,,,,incompleta-v4,,,,
2016-09-08,,,,,incompleta-v4,,,,
2016-09-09,,,,,incompleta-v4,,,,
2016-09-12,,,,,incompleta-v4,,,,
2016-09-13,,,,,incompleta-v4,,,,
2016-09-14,,,,,incompleta-v4,,,,
2016-09-15,,,,,incompleta-v4,,,,
2016-09-16,,,,,incompleta-v4,,,,
2016-09-19,,,,,incompleta-v4,,,,
2016-09-20,,,,,incompleta-v4,,,,
2016-09-21,,,,,incompleta-v4,,,,
2016-09-22,,,,,incompleta-v4,,,,
2016-09-23,,,,,incompleta-v4,,,,
2016-09-26,,,,,incompleta-v4,,,,
2016-09-27,,,,,incompleta-v4,,,,
2016-09-28,,,,,incompleta-v4,,,,
2016-09-29,,,,,incompleta-v4,,,,
2016-09-30,,,,,incompleta-v4,,,,
2016-10-03,,,,,incompleta-v4,,,,
2016-10-04,,,,,incompleta-v4,,,,
2016-10-05,,,,,incompleta-v4,,,,
2016-10-06,,,,,incompleta-v4,,,,
2016-10-07,,,,,incompleta-v4,,,,
2016-10-10,,,,,incompleta-v4,,,,
2016-10-11,,,,,incompleta-v4,,,,
2016-10-12,,,,,incompleta-v4,,,,
2016-10-13,,,,,incompleta-v4,,,,
2016-10-14,,,,,incompleta-v4,,,,
2016-10-17,,,,,incompleta-v4,,,,
2016-10-18,,,,,incompleta-v4,,,,
2016-10-19,,,,,incompleta-v4,,,,
2016-10-20,,,,,incompleta-v4,,,,
2016-10-21,,,,,incompleta-v4,,,,
2016-10-24,,,,,incompleta-v4,,,,
2016-10-25,,,,,incompleta-v4,,,,
2016-10-26,,,,,incompleta-v4,,,,
2016-10-27,,,,,incompleta-v4,,,,
2016-10-28,,,,,incompleta-v4,,,,
2016-10-31,,,,,incompleta-v4,,,,
2016-11-01,,,,,incompleta-v4,,,,
2016-11-02,,,,,incompleta-v4,,,,
2016-11-03,,,,,incompleta-v4,,,,
2016-11-04,,,,,incompleta-v4,,,,
2016-11-07,,,,,incompleta-v4,,,,
2016-11-08,,,,,incompleta-v4,,,,
2016-11-09,,,,,incompleta-v4,,,,
2016-11-10,,,,,incompleta-v4,,,,
2016-11-11,,,,,incompleta-v4,,,,
2016-11-14,,,,,incompleta-v4,,,,
2016-11-15,,,,,incompleta-v4,,,,
2016-11-16,,,,,incompleta-v4,,,,
2016-11-17,,,,,incompleta-v4,,,,
2016-11-18,,,,,incompleta-v4,,,,
2016-11-21,,,,,incompleta-v4,,,,
2016-11-22,,,,,incompleta-v4,,,,
2016-11-23,,,,,incompleta-v4,,,,
2016-11-24,,,,,incompleta-v4,,,,
2016-11-25,,,,,incompleta-v4,,,,
2016-11-28,,,,,incompleta-v4,,,,
2016-11-29,,,,,incompleta-v4,,,,
2016-11-30,,,,,incompleta-v4,,,,
2016-12-01,,,,,incompleta-v4,,,,
2016-12-02,,,,,incompleta-v4,,,,
2016-12-05,,,,,incompleta-v4,,,,
2016-12-06,,,,,incompleta-v4,,,,
2016-12-07,,,,,incompleta-v4,,,,
2016-12-08,,,,,incompleta-v4,,,,
2016-12-09,,,,,incompleta-v4,,,,
2016-12-12,,,,,incompleta-v4,,,,
2016-12-13,,,,,incompleta-v4,,,,
2016-12-14,,,,,incompleta-v4,,,,
2016-12-15,,,,,incompleta-v4,,,,
2016-12-16,,,,,incompleta-v4,,,,
2016-12-19,,,,,incompleta-v4,,,,
2016-12-20,,,,,incompleta-v4,,,,
2016-12-21,,,,,incompleta-v4,,,,
2016-12-22,,,,,incompleta-v4,,,,
2016-12-23,,,,,incompleta-v4,,,,
2016-12-26,,,,,incompleta-v4,,,,
2016-12-27,,,,,incompleta-v4,,,,
2016-12-28,,,,,incompleta-v4,,,,
2016-12-29,,,,,incompleta-v4,,,,
2016-12-30,,,,,incompleta-v4,,,,
2017-01-02,,,,,incompleta-v4,,,,
2017-01-03,,,,,incompleta-v4,,,,
2017-01-04,,,,,incompleta-v4,,,,
2017-01-05,,,,,incompleta-v4,,,,
2017-01-06,,,,,incompleta-v4,,,,
2017-01-09,,,,,incompleta-v4,,,,
2017-01-10,,,,,incompleta-v4,,,,
2017-01-11,,,,,incompleta-v4,,,,
2017-01-12,,,,,incompleta-v4,,,,
2017-01-13,,,,,incompleta-v4,,,,
2017-01-16,,,,,incompleta-v4,,,,
2017-01-17,,,,,incompleta-v4,,,,
2017-01-18,,,,,incompleta-v4,,,,
2017-01-19,,,,,incompleta-v4,,,,
2017-01-20,,,,,incompleta-v4,,,,
2017-01-23,,,,,incompleta-v4,,,,
2017-01-24,,,,,incompleta-v4,,,,
2017-01-25,,,,,incompleta-v4,,,,
2017-01-26,,,,,incompleta-v4,,,,
2017-01-27,,,,,incompleta-v4,,,,
2017-01-30,,,,,incompleta-v4,,,,
2017-01-31,,,,,incompleta-v4,,,,
2017-02-01,,,,,incompleta-v4,,,,
2017-02-02,,,,,incompleta-v4,,,,
2017-02-03,,,,,incompleta-v4,,,,
2017-02-06,,,,,incompleta-v4,,,,
2017-02-07,,,,,incompleta-v4,,,,
2017-02-08,,,,,incompleta-v4,,,,
2017-02-09,,,,,incompleta-v4,,,,
2017-02-10,,,,,incompleta-v4,,,,
2017-02-13,,,,,incompleta-v4,,,,
2017-02-14,,,,,incompleta-v4,,,,
2017-02-15,,,,,incompleta-v4,,,,
2017-02-16,,,,,incompleta-v4,,,,
2017-02-17,,,,,incompleta-v4,,,,
2017-02-20,,,,,incompleta-v4,,,,
2017-02-21,,,,,incompleta-v4,,,,
2017-02-22,,,,,incompleta-v4,,,,
2017-02-23,,,,,incompleta-v4,,,,
2017-02-24,,,,,incompleta-v4,,,,
2017-02-27,,,,,incompleta-v4,,,,
2017-02-28,,,,,incompleta-v4,,,,
2017-03-01,,,,,incompleta-v4,,,,
2017-03-02,,,,,incompleta-v4,,,,
2017-03-03,,,,,incompleta-v4,,,,
2017-03-06,,,,,incompleta-v4,,,,
2017-03-07,,,,,incompleta-v4,,,,
2017-03-08,,,,,incompleta-v4,,,,
2017-03-09,,,,,incompleta-v4,,,,
2017-03-10,,,,,incompleta-v4,,,,
2017-03-13,,,,,incompleta-v4,,,,
2017-03-14,,,,,incompleta-v4,,,,
2017-03-15,,,,,incompleta-v4,,,,
2017-03-16,,,,,incompleta-v4,,,,
2017-03-17,,,,,incompleta-v4,,,,
2017-03-20,,,,,incompleta-v4,,,,
2017-03-21,,,,,incompleta-v4,,,,
2017-03-22,,,,,incompleta-v4,,,,
2017-03-23,,,,,incompleta-v4,,,,
2017-03-24,,,,,incompleta-v4,,,,
2017-03-27,,,,,incompleta-v4,,,,
2017-03-28,,,,,incompleta-v4,,,,
2017-03-29,,,,,incompleta-v4,,,,
2017-03-30,,,,,incompleta-v4,,,,
2017-03-31,,,,,incompleta-v4,,,,
2017-04-03,,,,,incompleta-v4,,,,
2017-04-04,,,,,incompleta-v4,,,,
2017-04-05,,,,,incompleta-v4,,,,
2017-04-06,,,,,incompleta-v4,,,,
2017-04-07,,,,,incompleta-v4,,,,
2017-04-10,,,,,incompleta-v4,,,,
2017-04-11,,,,,incompleta-v4,,,,
2017-04-12,,,,,incompleta-v4,,,,
2017-04-13,,,,,incompleta-v4,,,,
2017-04-17,,,,,incompleta-v4,,,,
2017-04-18,,,,,incompleta-v4,,,,
2017-04-19,,,,,incompleta-v4,,,,
2017-04-20,,,,,incompleta-v4,,,,
2017-04-21,,,,,incompleta-v4,,,,
2017-04-24,,,,,incompleta-v4,,,,
2017-04-25,,,,,incompleta-v4,,,,
2017-04-26,,,,,incompleta-v4,,,,
2017-04-27,,,,,incompleta-v4,,,,
2017-04-28,,,,,incompleta-v4,,,,
2017-05-01,,,,,incompleta-v4,,,,
2017-05-02,,,,,incompleta-v4,,,,
2017-05-03,,,,,incompleta-v4,,,,
2017-05-04,,,,,incompleta-v4,,,,
2017-05-05,,,,,incompleta-v4,,,,
2017-05-08,,,,,incompleta-v4,,,,
2017-05-09,,,,,incompleta-v4,,,,
2017-05-10,,,,,incompleta-v4,,,,
2017-05-11,,,,,incompleta-v4,,,,
2017-05-12,,,,,incompleta-v4,,,,
2017-05-15,,,,,incompleta-v4,,,,
2017-05-16,,,,,incompleta-v4,,,,
2017-05-17,,,,,incompleta-v4,,,,
2017-05-18,,,,,incompleta-v4,,,,
2017-05-19,,,,,incompleta-v4,,,,
2017-05-22,,,,,incompleta-v4,,,,
2017-05-23,,,,,incompleta-v4,,,,
2017-05-24,,,,,incompleta-v4,,,,
2017-05-25,,,,,incompleta-v4,,,,
2017-05-26,,,,,incompleta-v4,,,,
2017-05-29,,,,,incompleta-v4,,,,
2017-05-30,,,,,incompleta-v4,,,,
2017-05-31,,,,,incompleta-v4,,,,
2017-06-01,,,,,incompleta-v4,,,,
2017-06-02,,,,,incompleta-v4,,,,
2017-06-05,,,,,incompleta-v4,,,,
2017-06-06,,,,,incompleta-v4,,,,
2017-06-07,,,,,incompleta-v4,,,,
2017-06-08,,,,,incompleta-v4,,,,
2017-06-09,,,,,incompleta-v4,,,,
2017-06-12,,,,,incompleta-v4,,,,
2017-06-13,,,,,incompleta-v4,,,,
2017-06-14,,,,,incompleta-v4,,,,
2017-06-15,,,,,incompleta-v4,,,,
2017-06-16,,,,,incompleta-v4,,,,
2017-06-19,,,,,incompleta-v4,,,,
2017-06-20,,,,,incompleta-v4,,,,
2017-06-21,,,,,incompleta-v4,,,,
2017-06-22,,,,,incompleta-v4,,,,
2017-06-23,,,,,incompleta-v4,,,,
2017-06-26,,,,,incompleta-v4,,,,
2017-06-27,,,,,incompleta-v4,,,,
2017-06-28,,,,,incompleta-v4,,,,
2017-06-29,,,,,incompleta-v4,,,,
2017-06-30,,,,,incompleta-v4,,,,
2017-07-03,,,,,incompleta-v4,,,,
2017-07-05,,,,,incompleta-v4,,,,
2017-07-06,,,,,incompleta-v4,,,,
2017-07-07,,,,,incompleta-v4,,,,
2017-07-10,,,,,incompleta-v4,,,,
2017-07-11,,,,,incompleta-v4,,,,
2017-07-12,,,,,incompleta-v4,,,,
2017-07-13,,,,,incompleta-v4,,,,
2017-07-14,,,,,incompleta-v4,,,,
2017-07-17,,,,,incompleta-v4,,,,
2017-07-18,,,,,incompleta-v4,,,,
2017-07-19,,,,,incompleta-v4,,,,
2017-07-20,,,,,incompleta-v4,,,,
2017-07-21,,,,,incompleta-v4,,,,
2017-07-24,,,,,incompleta-v4,,,,
2017-07-25,,,,,incompleta-v4,,,,
2017-07-26,,,,,incompleta-v4,,,,
2017-07-27,,,,,incompleta-v4,,,,
2017-07-28,,,,,incompleta-v4,,,,
2017-07-31,,,,,incompleta-v4,,,,
2017-08-01,,,,,incompleta-v4,,,,
2017-08-02,,,,,incompleta-v4,,,,
2017-08-03,,,,,incompleta-v4,,,,
2017-08-04,,,,,incompleta-v4,,,,
2017-08-07,,,,,incompleta-v4,,,,
2017-08-08,,,,,incompleta-v4,,,,
2017-08-09,,,,,incompleta-v4,,,,
2017-08-10,,,,,incompleta-v4,,,,
2017-08-11,,,,,incompleta-v4,,,,
2017-08-14,,,,,incompleta-v4,,,,
2017-08-15,,,,,incompleta-v4,,,,
2017-08-16,,,,,incompleta-v4,,,,
2017-08-17,,,,,incompleta-v4,,,,
2017-08-18,,,,,incompleta-v4,,,,
2017-08-21,,,,,incompleta-v4,,,,
2017-08-22,,,,,incompleta-v4,,,,
2017-08-23,,,,,incompleta-v4,,,,
2017-08-24,,,,,incompleta-v4,,,,
2017-08-25,,,,,incompleta-v4,,,,
2017-08-28,,,,,incompleta-v4,,,,
2017-08-29,,,,,incompleta-v4,,,,
2017-08-30,,,,,incompleta-v4,,,,
2017-08-31,,,,,incompleta-v4,,,,
2017-09-01,,,,,incompleta-v4,,,,
2017-09-04,,,,,incompleta-v4,,,,
2017-09-05,,,,,incompleta-v4,,,,
2017-09-06,,,,,incompleta-v4,,,,
2017-09-07,,,,,incompleta-v4,,,,
2017-09-08,,,,,incompleta-v4,,,,
2017-09-11,,,,,incompleta-v4,,,,
2017-09-12,,,,,incompleta-v4,,,,
2017-09-13,,,,,incompleta-v4,,,,
2017-09-14,,,,,incompleta-v4,,,,
2017-09-15,,,,,incompleta-v4,,,,
2017-09-18,,,,,incompleta-v4,,,,
2017-09-19,,,,,incompleta-v4,,,,
2017-09-20,,,,,incompleta-v4,,,,
2017-09-21,,,,,incompleta-v4,,,,
2017-09-22,,,,,incompleta-v4,,,,
2017-09-25,,,,,incompleta-v4,,,,
2017-09-26,,,,,incompleta-v4,,,,
2017-09-27,,,,,incompleta-v4,,,,
2017-09-28,,,,,incompleta-v4,,,,
2017-09-29,,,,,incompleta-v4,,,,
2017-10-02,,,,,incompleta-v4,,,,
2017-10-03,,,,,incompleta-v4,,,,
2017-10-04,,,,,incompleta-v4,,,,
2017-10-05,,,,,incompleta-v4,,,,
2017-10-06,,,,,incompleta-v4,,,,
2017-10-09,,,,,incompleta-v4,,,,
2017-10-10,,,,,incompleta-v4,,,,
2017-10-11,,,,,incompleta-v4,,,,
2017-10-12,,,,,incompleta-v4,,,,
2017-10-13,,,,,incompleta-v4,,,,
2017-10-16,,,,,incompleta-v4,,,,
2017-10-17,,,,,incompleta-v4,,,,
2017-10-18,,,,,incompleta-v4,,,,
2017-10-19,,,,,incompleta-v4,,,,
2017-10-20,,,,,incompleta-v4,,,,
2017-10-23,,,,,incompleta-v4,,,,
2017-10-24,,,,,incompleta-v4,,,,
2017-10-25,,,,,incompleta-v4,,,,
2017-10-26,,,,,incompleta-v4,,,,
2017-10-27,,,,,incompleta-v4,,,,
2017-10-30,,,,,incompleta-v4,,,,
2017-10-31,,,,,incompleta-v4,,,,
2017-11-01,,,,,incompleta-v4,,,,
2017-11-02,,,,,incompleta-v4,,,,
2017-11-03,,,,,incompleta-v4,,,,
2017-11-06,,,,,incompleta-v4,,,,
2017-11-07,,,,,incompleta-v4,,,,
2017-11-08,,,,,incompleta-v4,,,,
2017-11-09,,,,,incompleta-v4,,,,
2017-11-10,,,,,incompleta-v4,,,,
2017-11-13,,,,,incompleta-v4,,,,
2017-11-14,,,,,incompleta-v4,,,,
2017-11-15,,,,,incompleta-v4,,,,
2017-11-16,,,,,incompleta-v4,,,,
2017-11-17,,,,,incompleta-v4,,,,
2017-11-20,,,,,incompleta-v4,,,,
2017-11-21,,,,,incompleta-v4,,,,
2017-11-22,,,,,incompleta-v4,,,,
2017-11-23,,,,,incompleta-v4,,,,
2017-11-24,,,,,incompleta-v4,,,,
2017-11-27,,,,,incompleta-v4,,,,
2017-11-28,,,,,incompleta-v4,,,,
2017-11-29,,,,,incompleta-v4,,,,
2017-11-30,,,,,incompleta-v4,,,,
2017-12-01,,,,,incompleta-v4,,,,
2017-12-04,,,,,incompleta-v4,,,,
2017-12-05,,,,,incompleta-v4,,,,
2017-12-06,,,,,incompleta-v4,,,,
2017-12-07,,,,,incompleta-v4,,,,
2017-12-08,,,,,incompleta-v4,,,,
2017-12-11,,,,,incompleta-v4,,,,
2017-12-12,,,,,incompleta-v4,,,,
2017-12-13,,,,,incompleta-v4,,,,
2017-12-14,,,,,incompleta-v4,,,,
2017-12-15,,,,,incompleta-v4,,,,
2017-12-18,,,,,incompleta-v4,,,,
2017-12-19,,,,,incompleta-v4,,,,
2017-12-20,,,,,incompleta-v4,,,,
2017-12-21,,,,,incompleta-v4,,,,
2017-12-22,,,,,incompleta-v4,,,,
2017-12-26,,,,,incompleta-v4,,,,
2017-12-27,,,,,incompleta-v4,,,,
2017-12-28,,,,,incompleta-v4,,,,
2017-12-29,,,,,incompleta-v4,,,,
2018-01-02,,,,,incompleta-v4,,,,
2018-01-03,,,,,incompleta-v4,,,,
2018-01-04,,,,,incompleta-v4,,,,
2018-01-05,,,,,incompleta-v4,,,,
2018-01-08,,,,,incompleta-v4,,,,
2018-01-09,,,,,incompleta-v4,,,,
2018-01-10,,,,,incompleta-v4,,,,
2018-01-11,,,,,incompleta-v4,,,,
2018-01-12,,,,,incompleta-v4,,,,
2018-01-15,,,,,incompleta-v4,,,,
2018-01-16,,,,,incompleta-v4,,,,
2018-01-17,,,,,incompleta-v4,,,,
2018-01-18,,,,,incompleta-v4,,,,
2018-01-19,,,,,incompleta-v4,,,,
2018-01-22,,,,,incompleta-v4,,,,
2018-01-23,,,,,incompleta-v4,,,,
2018-01-24,,,,,incompleta-v4,,,,
2018-01-25,,,,,incompleta-v4,,,,
2018-01-26,,,,,incompleta-v4,,,,
2018-01-29,,,,,incompleta-v4,,,,
2018-01-30,,,,,incompleta-v4,,,,
2018-01-31,,,,,incompleta-v4,,,,
2018-02-01,,,,,incompleta-v4,,,,
2018-02-02,,,,,incompleta-v4,,,,
2018-02-05,,,,,incompleta-v4,,,,
2018-02-06,,,,,incompleta-v4,,,,
2018-02-07,,,,,incompleta-v4,,,,
2018-02-08,,,,,incompleta-v4,,,,
2018-02-09,,,,,incompleta-v4,,,,
2018-02-12,,,,,incompleta-v4,,,,
2018-02-13,,,,,incompleta-v4,,,,
2018-02-14,,,,,incompleta-v4,,,,
2018-02-15,,,,,incompleta-v4,,,,
2018-02-16,,,,,incompleta-v4,,,,
2018-02-20,,,,,incompleta-v4,,,,
2018-02-21,,,,,incompleta-v4,,,,
2018-02-22,,,,,incompleta-v4,,,,
2018-02-23,,,,,incompleta-v4,,,,
2018-02-26,,,,,incompleta-v4,,,,
2018-02-27,,,,,incompleta-v4,,,,
2018-02-28,,,,,incompleta-v4,,,,
2018-03-01,,,,,incompleta-v4,,,,
2018-03-02,,,,,incompleta-v4,,,,
2018-03-05,,,,,incompleta-v4,,,,
2018-03-06,,,,,incompleta-v4,,,,
2018-03-07,,,,,incompleta-v4,,,,
2018-03-08,,,,,incompleta-v4,,,,
2018-03-09,,,,,incompleta-v4,,,,
2018-03-12,,,,,incompleta-v4,,,,
2018-03-13,,,,,incompleta-v4,,,,
2018-03-14,,,,,incompleta-v4,,,,
2018-03-15,,,,,incompleta-v4,,,,
2018-03-16,,,,,incompleta-v4,,,,
2018-03-19,,,,,incompleta-v4,,,,
2018-03-20,,,,,incompleta-v4,,,,
2018-03-21,,,,,incompleta-v4,,,,
2018-03-22,,,,,incompleta-v4,,,,
2018-03-23,,,,,incompleta-v4,,,,
2018-03-26,,,,,incompleta-v4,,,,
2018-03-27,,,,,incompleta-v4,,,,
2018-03-28,,,,,incompleta-v4,,,,
2018-03-29,,,,,incompleta-v4,,,,
2018-04-02,,,,,incompleta-v4,,,,
2018-04-03,,,,,incompleta-v4,,,,
2018-04-04,,,,,incompleta-v4,,,,
2018-04-05,,,,,incompleta-v4,,,,
2018-04-06,,,,,incompleta-v4,,,,
2018-04-09,,,,,incompleta-v4,,,,
2018-04-10,,,,,incompleta-v4,,,,
2018-04-11,,,,,incompleta-v4,,,,
2018-04-12,,,,,incompleta-v4,,,,
2018-04-13,,,,,incompleta-v4,,,,
2018-04-16,,,,,incompleta-v4,,,,
2018-04-17,,,,,incompleta-v4,,,,
2018-04-18,,,,,incompleta-v4,,,,
2018-04-19,,,,,incompleta-v4,,,,
2018-04-20,,,,,incompleta-v4,,,,
2018-04-23,,,,,incompleta-v4,,,,
2018-04-24,,,,,incompleta-v4,,,,
2018-04-25,,,,,incompleta-v4,,,,
2018-04-26,,,,,incompleta-v4,,,,
2018-04-27,,,,,incompleta-v4,,,,
2018-04-30,,,,,incompleta-v4,,,,
2018-05-01,,,,,incompleta-v4,,,,
2018-05-02,,,,,incompleta-v4,,,,
2018-05-03,,,,,incompleta-v4,,,,
2018-05-04,,,,,incompleta-v4,,,,
2018-05-07,,,,,incompleta-v4,,,,
2018-05-08,,,,,incompleta-v4,,,,
2018-05-09,,,,,incompleta-v4,,,,
2018-05-10,,,,,incompleta-v4,,,,
2018-05-11,,,,,incompleta-v4,,,,
2018-05-14,,,,,incompleta-v4,,,,
2018-05-15,,,,,incompleta-v4,,,,
2018-05-16,,,,,incompleta-v4,,,,
2018-05-17,,,,,incompleta-v4,,,,
2018-05-18,,,,,incompleta-v4,,,,
2018-05-21,,,,,incompleta-v4,,,,
2018-05-22,,,,,incompleta-v4,,,,
2018-05-23,,,,,incompleta-v4,,,,
2018-05-24,,,,,incompleta-v4,,,,
2018-05-25,,,,,incompleta-v4,,,,
2018-05-28,,,,,incompleta-v4,,,,
2018-05-29,,,,,incompleta-v4,,,,
2018-05-30,,,,,incompleta-v4,,,,
2018-05-31,,,,,incompleta-v4,,,,
2018-06-01,,,,,incompleta-v4,,,,
2018-06-04,,,,,incompleta-v4,,,,
2018-06-05,,,,,incompleta-v4,,,,
2018-06-06,,,,,incompleta-v4,,,,
2018-06-07,,,,,incompleta-v4,,,,
2018-06-08,,,,,incompleta-v4,,,,
2018-06-11,,,,,incompleta-v4,,,,
2018-06-12,,,,,incompleta-v4,,,,
2018-06-13,,,,,incompleta-v4,,,,
2018-06-14,,,,,incompleta-v4,,,,
2018-06-15,,,,,incompleta-v4,,,,
2018-06-18,,,,,incompleta-v4,,,,
2018-06-19,,,,,incompleta-v4,,,,
2018-06-20,,,,,incompleta-v4,,,,
2018-06-21,,,,,incompleta-v4,,,,
2018-06-22,,,,,incompleta-v4,,,,
2018-06-25,,,,,incompleta-v4,,,,
2018-06-26,,,,,incompleta-v4,,,,
2018-06-27,,,,,incompleta-v4,,,,
2018-06-28,,,,,incompleta-v4,,,,
2018-06-29,,,,,incompleta-v4,,,,
2018-07-02,,,,,incompleta-v4,,,,
2018-07-03,,,,,incompleta-v4,,,,
2018-07-04,,,,,incompleta-v4,,,,
2018-07-05,,,,,incompleta-v4,,,,
2018-07-06,,,,,incompleta-v4,,,,
2018-07-09,,,,,incompleta-v4,,,,
2018-07-10,,,,,incompleta-v4,,,,
2018-07-11,,,,,incompleta-v4,,,,
2018-07-12,,,,,incompleta-v4,,,,
2018-07-13,,,,,incompleta-v4,,,,
2018-07-16,,,,,incompleta-v4,,,,
2018-07-17,,,,,incompleta-v4,,,,
2018-07-18,,,,,incompleta-v4,,,,
2018-07-19,,,,,incompleta-v4,,,,
2018-07-20,,,,,incompleta-v4,,,,
2018-07-23,,,,,incompleta-v4,,,,
2018-07-24,,,,,incompleta-v4,,,,
2018-07-25,,,,,incompleta-v4,,,,
2018-07-26,,,,,incompleta-v4,,,,
2018-07-27,,,,,incompleta-v4,,,,
2018-07-30,,,,,incompleta-v4,,,,
2018-07-31,,,,,incompleta-v4,,,,
2018-08-01,,,,,incompleta-v4,,,,
2018-08-02,,,,,incompleta-v4,,,,
2018-08-03,,,,,incompleta-v4,,,,
2018-08-06,,,,,incompleta-v4,,,,
2018-08-07,,,,,incompleta-v4,,,,
2018-08-08,,,,,incompleta-v4,,,,
2018-08-09,,,,,incompleta-v4,,,,
2018-08-10,,,,,incompleta-v4,,,,
2018-08-13,,,,,incompleta-v4,,,,
2018-08-14,,,,,incompleta-v4,,,,
2018-08-15,,,,,incompleta-v4,,,,
2018-08-16,,,,,incompleta-v4,,,,
2018-08-17,,,,,incompleta-v4,,,,
2018-08-20,,,,,incompleta-v4,,,,
2018-08-21,,,,,incompleta-v4,,,,
2018-08-22,,,,,incompleta-v4,,,,
2018-08-23,,,,,incompleta-v4,,,,
2018-08-24,,,,,incompleta-v4,,,,
2018-08-27,,,,,incompleta-v4,,,,
2018-08-28,,,,,incompleta-v4,,,,
2018-08-29,,,,,incompleta-v4,,,,
2018-08-30,,,,,incompleta-v4,,,,
2018-08-31,,,,,incompleta-v4,,,,
2018-09-03,,,,,incompleta-v4,,,,
2018-09-04,,,,,incompleta-v4,,,,
2018-09-05,,,,,incompleta-v4,,,,
2018-09-06,,,,,incompleta-v4,,,,
2018-09-07,,,,,incompleta-v4,,,,
2018-09-10,,,,,incompleta-v4,,,,
2018-09-11,,,,,incompleta-v4,,,,
2018-09-12,,,,,incompleta-v4,,,,
2018-09-13,,,,,incompleta-v4,,,,
2018-09-14,,,,,incompleta-v4,,,,
2018-09-17,,,,,incompleta-v4,,,,
2018-09-18,,,,,incompleta-v4,,,,
2018-09-19,,,,,incompleta-v4,,,,
2018-09-20,,,,,incompleta-v4,,,,
2018-09-21,,,,,incompleta-v4,,,,
2018-09-24,,,,,incompleta-v4,,,,
2018-09-25,,,,,incompleta-v4,,,,
2018-09-26,,,,,incompleta-v4,,,,
2018-09-27,,,,,incompleta-v4,,,,
2018-09-28,,,,,incompleta-v4,,,,
2018-10-01,,,,,incompleta-v4,,,,
2018-10-02,,,,,incompleta-v4,,,,
2018-10-03,,,,,incompleta-v4,,,,
2018-10-04,,,,,incompleta-v4,,,,
2018-10-05,,,,,incompleta-v4,,,,
2018-10-08,,,,,incompleta-v4,,,,
2018-10-09,,,,,incompleta-v4,,,,
2018-10-10,,,,,incompleta-v4,,,,
2018-10-11,,,,,incompleta-v4,,,,
2018-10-12,,,,,incompleta-v4,,,,
2018-10-15,,,,,incompleta-v4,,,,
2018-10-16,,,,,incompleta-v4,,,,
2018-10-17,,,,,incompleta-v4,,,,
2018-10-18,,,,,incompleta-v4,,,,
2018-10-19,,,,,incompleta-v4,,,,
2018-10-22,,,,,incompleta-v4,,,,
2018-10-23,,,,,incompleta-v4,,,,
2018-10-24,,,,,incompleta-v4,,,,
2018-10-25,,,,,incompleta-v4,,,,
2018-10-26,,,,,incompleta-v4,,,,
2018-10-29,,,,,incompleta-v4,,,,
2018-10-30,,,,,incompleta-v4,,,,
2018-10-31,,,,,incompleta-v4,,,,
2018-11-01,,,,,incompleta-v4,,,,
2018-11-02,,,,,incompleta-v4,,,,
2018-11-05,,,,,incompleta-v4,,,,
2018-11-06,,,,,incompleta-v4,,,,
2018-11-07,,,,,incompleta-v4,,,,
2018-11-08,,,,,incompleta-v4,,,,
2018-11-09,,,,,incompleta-v4,,,,
2018-11-12,,,,,incompleta-v4,,,,
2018-11-13,,,,,incompleta-v4,,,,
2018-11-14,,,,,incompleta-v4,,,,
2018-11-15,,,,,incompleta-v4,,,,
2018-11-16,,,,,incompleta-v4,,,,
2018-11-19,,,,,incompleta-v4,,,,
2018-11-20,,,,,incompleta-v4,,,,
2018-11-21,,,,,incompleta-v4,,,,
2018-11-22,,,,,incompleta-v4,,,,
2018-11-23,,,,,incompleta-v4,,,,
2018-11-26,,,,,incompleta-v4,,,,
2018-11-27,,,,,incompleta-v4,,,,
2018-11-28,,,,,incompleta-v4,,,,
2018-11-29,,,,,incompleta-v4,,,,
2018-11-30,,,,,incompleta-v4,,,,
2018-12-03,,,,,incompleta-v4,,,,
2018-12-04,,,,,incompleta-v4,,,,
2018-12-05,,,,,incompleta-v4,,,,
2018-12-06,,,,,incompleta-v4,,,,
2018-12-07,,,,,incompleta-v4,,,,
2018-12-10,,,,,incompleta-v4,,,,
2018-12-11,,,,,incompleta-v4,,,,
2018-12-12,,,,,incompleta-v4,,,,
2018-12-13,,,,,incompleta-v4,,,,
2018-12-14,,,,,incompleta-v4,,,,
2018-12-17,,,,,incompleta-v4,,,,
2018-12-18,,,,,incompleta-v4,,,,
2018-12-19,,,,,incompleta-v4,,,,
2018-12-20,,,,,incompleta-v4,,,,
2018-12-21,,,,,incompleta-v4,,,,
2018-12-24,,,,,incompleta-v4,,,,
2018-12-26,,,,,incompleta-v4,,,,
2018-12-27,,,,,incompleta-v4,,,,
2018-12-28,,,,,incompleta-v4,,,,
2018-12-31,,,,,incompleta-v4,,,,
2019-01-02,,,,,incompleta-v4,,,,
2019-01-03,,,,,incompleta-v4,,,,
2019-01-04,,,,,incompleta-v4,,,,
2019-01-07,,,,,incompleta-v4,,,,
2019-01-08,,,,,incompleta-v4,,,,
2019-01-09,,,,,incompleta-v4,,,,
2019-01-10,,,,,incompleta-v4,,,,
2019-01-11,,,,,incompleta-v4,,,,
2019-01-14,,,,,incompleta-v4,,,,
2019-01-15,,,,,incompleta-v4,,,,
2019-01-16,,,,,incompleta-v4,,,,
2019-01-17,,,,,incompleta-v4,,,,
2019-01-18,,,,,incompleta-v4,,,,
2019-01-21,,,,,incompleta-v4,,,,
2019-01-22,,,,,incompleta-v4,,,,
2019-01-23,,,,,incompleta-v4,,,,
2019-01-24,,,,,incompleta-v4,,,,
2019-01-25,,,,,incompleta-v4,,,,
2019-01-28,,,,,incompleta-v4,,,,
2019-01-29,,,,,incompleta-v4,,,,
2019-01-30,,,,,incompleta-v4,,,,
2019-01-31,,,,,incompleta-v4,,,,
2019-02-01,,,,,incompleta-v4,,,,
2019-02-04,,,,,incompleta-v4,,,,
2019-02-05,,,,,incompleta-v4,,,,
2019-02-06,,,,,incompleta-v4,,,,
2019-02-07,,,,,incompleta-v4,,,,
2019-02-08,,,,,incompleta-v4,,,,
2019-02-11,,,,,incompleta-v4,,,,
2019-02-12,,,,,incompleta-v4,,,,
2019-02-13,,,,,incompleta-v4,,,,
2019-02-14,,,,,incompleta-v4,,,,
2019-02-15,,,,,incompleta-v4,,,,
2019-02-18,,,,,incompleta-v4,,,,
2019-02-19,,,,,incompleta-v4,,,,
2019-02-20,,,,,incompleta-v4,,,,
2019-02-21,,,,,incompleta-v4,,,,
2019-02-22,,,,,incompleta-v4,,,,
2019-02-25,,,,,incompleta-v4,,,,
2019-02-26,,,,,incompleta-v4,,,,
2019-02-27,,,,,incompleta-v4,,,,
2019-02-28,,,,,incompleta-v4,,,,
2019-03-01,,,,,incompleta-v4,,,,
2019-03-04,,,,,incompleta-v4,,,,
2019-03-05,,,,,incompleta-v4,,,,
2019-03-06,,,,,incompleta-v4,,,,
2019-03-07,,,,,incompleta-v4,,,,
2019-03-08,,,,,incompleta-v4,,,,
2019-03-11,,,,,incompleta-v4,,,,
2019-03-12,,,,,incompleta-v4,,,,
2019-03-13,,,,,incompleta-v4,,,,
2019-03-14,,,,,incompleta-v4,,,,
2019-03-15,,,,,incompleta-v4,,,,
2019-03-18,,,,,incompleta-v4,,,,
2019-03-19,,,,,incompleta-v4,,,,
2019-03-20,,,,,incompleta-v4,,,,
2019-03-21,,,,,incompleta-v4,,,,
2019-03-22,,,,,incompleta-v4,,,,
2019-03-25,,,,,incompleta-v4,,,,
2019-03-26,,,,,incompleta-v4,,,,
2019-03-27,,,,,incompleta-v4,,,,
2019-03-28,,,,,incompleta-v4,,,,
2019-03-29,,,,,incompleta-v4,,,,
2019-04-01,,,,,incompleta-v4,,,,
2019-04-02,,,,,incompleta-v4,,,,
2019-04-03,,,,,incompleta-v4,,,,
2019-04-04,,,,,incompleta-v4,,,,
2019-04-05,,,,,incompleta-v4,,,,
2019-04-08,,,,,incompleta-v4,,,,
2019-04-09,,,,,incompleta-v4,,,,
2019-04-10,,,,,incompleta-v4,,,,
2019-04-11,,,,,incompleta-v4,,,,
2019-04-12,,,,,incompleta-v4,,,,
2019-04-15,,,,,incompleta-v4,,,,
2019-04-16,,,,,incompleta-v4,,,,
2019-04-17,,,,,incompleta-v4,,,,
2019-04-18,,,,,incompleta-v4,,,,
2019-04-22,,,,,incompleta-v4,,,,
2019-04-23,,,,,incompleta-v4,,,,
2019-04-24,,,,,incompleta-v4,,,,
2019-04-25,,,,,incompleta-v4,,,,
2019-04-26,,,,,incompleta-v4,,,,
2019-04-29,,,,,incompleta-v4,,,,
2019-04-30,,,,,incompleta-v4,,,,
2019-05-01,,,,,incompleta-v4,,,,
2019-05-02,,,,,incompleta-v4,,,,
2019-05-03,,,,,incompleta-v4,,,,
2019-05-06,,,,,incompleta-v4,,,,
2019-05-07,,,,,incompleta-v4,,,,
2019-05-08,,,,,incompleta-v4,,,,
2019-05-09,,,,,incompleta-v4,,,,
2019-05-10,,,,,incompleta-v4,,,,
2019-05-13,,,,,incompleta-v4,,,,
2019-05-14,,,,,incompleta-v4,,,,
2019-05-15,,,,,incompleta-v4,,,,
2019-05-16,,,,,incompleta-v4,,,,
2019-05-17,,,,,incompleta-v4,,,,
2019-05-20,,,,,incompleta-v4,,,,
2019-05-21,,,,,incompleta-v4,,,,
2019-05-22,,,,,incompleta-v4,,,,
2019-05-23,,,,,incompleta-v4,,,,
2019-05-24,,,,,incompleta-v4,,,,
2019-05-27,,,,,incompleta-v4,,,,
2019-05-28,,,,,incompleta-v4,,,,
2019-05-29,,,,,incompleta-v4,,,,
2019-05-30,,,,,incompleta-v4,,,,
2019-05-31,,,,,incompleta-v4,,,,
2019-06-03,,,,,incompleta-v4,,,,
2019-06-04,,,,,incompleta-v4,,,,
2019-06-05,,,,,incompleta-v4,,,,
2019-06-06,,,,,incompleta-v4,,,,
2019-06-07,,,,,incompleta-v4,,,,
2019-06-10,,,,,incompleta-v4,,,,
2019-06-11,,,,,incompleta-v4,,,,
2019-06-12,,,,,incompleta-v4,,,,
2019-06-13,,,,,incompleta-v4,,,,
2019-06-14,,,,,incompleta-v4,,,,
2019-06-17,,,,,incompleta-v4,,,,
2019-06-18,,,,,incompleta-v4,,,,
2019-06-19,,,,,incompleta-v4,,,,
2019-06-20,,,,,incompleta-v4,,,,
2019-06-21,,,,,incompleta-v4,,,,
2019-06-24,,,,,incompleta-v4,,,,
2019-06-25,,,,,incompleta-v4,,,,
2019-06-26,,,,,incompleta-v4,,,,
2019-06-27,,,,,incompleta-v4,,,,
2019-06-28,,,,,incompleta-v4,,,,
2019-07-01,,,,,incompleta-v4,,,,
2019-07-02,,,,,incompleta-v4,,,,
2019-07-03,,,,,incompleta-v4,,,,
2019-07-04,,,,,incompleta-v4,,,,
2019-07-05,,,,,incompleta-v4,,,,
2019-07-08,,,,,incompleta-v4,,,,
2019-07-09,,,,,incompleta-v4,,,,
2019-07-10,,,,,incompleta-v4,,,,
2019-07-11,,,,,incompleta-v4,,,,
2019-07-12,,,,,incompleta-v4,,,,
2019-07-15,,,,,incompleta-v4,,,,
2019-07-16,,,,,incompleta-v4,,,,
2019-07-17,,,,,incompleta-v4,,,,
2019-07-18,,,,,incompleta-v4,,,,
2019-07-19,,,,,incompleta-v4,,,,
2019-07-22,,,,,incompleta-v4,,,,
2019-07-23,,,,,incompleta-v4,,,,
2019-07-24,,,,,incompleta-v4,,,,
2019-07-25,,,,,incompleta-v4,,,,
2019-07-26,,,,,incompleta-v4,,,,
2019-07-29,,,,,incompleta-v4,,,,
2019-07-30,,,,,incompleta-v4,,,,
2019-07-31,,,,,incompleta-v4,,,,
2019-08-01,,,,,incompleta-v4,,,,
2019-08-02,,,,,incompleta-v4,,,,
2019-08-05,,,,,incompleta-v4,,,,
2019-08-06,,,,,incompleta-v4,,,,
2019-08-07,,,,,incompleta-v4,,,,
2019-08-08,,,,,incompleta-v4,,,,
2019-08-09,,,,,incompleta-v4,,,,
2019-08-12,,,,,incompleta-v4,,,,
2019-08-13,,,,,incompleta-v4,,,,
2019-08-14,,,,,incompleta-v4,,,,
2019-08-15,,,,,incompleta-v4,,,,
2019-08-16,,,,,incompleta-v4,,,,
2019-08-19,,,,,incompleta-v4,,,,
2019-08-20,,,,,incompleta-v4,,,,
2019-08-21,,,,,incompleta-v4,,,,
2019-08-22,,,,,incompleta-v4,,,,
2019-08-23,,,,,incompleta-v4,,,,
2019-08-26,,,,,incompleta-v4,,,,
2019-08-27,,,,,incompleta-v4,,,,
2019-08-28,,,,,incompleta-v4,,,,
2019-08-29,,,,,incompleta-v4,,,,
2019-08-30,,,,,incompleta-v4,,,,
2019-09-02,,,,,incompleta-v4,,,,
2019-09-03,,,,,incompleta-v4,,,,
2019-09-04,,,,,incompleta-v4,,,,
2019-09-05,,,,,incompleta-v4,,,,
2019-09-06,,,,,incompleta-v4,,,,
2019-09-09,,,,,incompleta-v4,,,,
2019-09-10,,,,,incompleta-v4,,,,
2019-09-11,,,,,incompleta-v4,,,,
2019-09-12,,,,,incompleta-v4,,,,
2019-09-13,,,,,incompleta-v4,,,,
2019-09-16,,,,,incompleta-v4,,,,
2019-09-17,,,,,incompleta-v4,,,,
2019-09-18,,,,,incompleta-v4,,,,
2019-09-19,,,,,incompleta-v4,,,,
2019-09-20,,,,,incompleta-v4,,,,
2019-09-23,,,,,incompleta-v4,,,,
2019-09-24,,,,,incompleta-v4,,,,
2019-09-25,,,,,incompleta-v4,,,,
2019-09-26,,,,,incompleta-v4,,,,
2019-09-27,,,,,incompleta-v4,,,,
2019-09-30,,,,,incompleta-v4,,,,
2019-10-01,,,,,incompleta-v4,,,,
2019-10-02,,,,,incompleta-v4,,,,
2019-10-03,,,,,incompleta-v4,,,,
2019-10-04,,,,,incompleta-v4,,,,
2019-10-07,,,,,incompleta-v4,,,,
2019-10-08,,,,,incompleta-v4,,,,
2019-10-09,,,,,incompleta-v4,,,,
2019-10-10,,,,,incompleta-v4,,,,
2019-10-11,,,,,incompleta-v4,,,,
2019-10-14,,,,,incompleta-v4,,,,
2019-10-15,,,,,incompleta-v4,,,,
2019-10-16,,,,,incompleta-v4,,,,
2019-10-17,,,,,incompleta-v4,,,,
2019-10-18,,,,,incompleta-v4,,,,
2019-10-21,,,,,incompleta-v4,,,,
2019-10-22,,,,,incompleta-v4,,,,
2019-10-23,,,,,incompleta-v4,,,,
2019-10-24,,,,,incompleta-v4,,,,
2019-10-25,,,,,incompleta-v4,,,,
2019-10-28,,,,,incompleta-v4,,,,
2019-10-29,,,,,incompleta-v4,,,,
2019-10-30,,,,,incompleta-v4,,,,
2019-10-31,,,,,incompleta-v4,,,,
2019-11-01,,,,,incompleta-v4,,,,
2019-11-04,,,,,incompleta-v4,,,,
2019-11-05,,,,,incompleta-v4,,,,
2019-11-06,,,,,incompleta-v4,,,,
2019-11-07,,,,,incompleta-v4,,,,
2019-11-08,,,,,incompleta-v4,,,,
2019-11-11,,,,,incompleta-v4,,,,
2019-11-12,,,,,incompleta-v4,,,,
2019-11-13,,,,,incompleta-v4,,,,
2019-11-14,,,,,incompleta-v4,,,,
2019-11-15,,,,,incompleta-v4,,,,
2019-11-18,,,,,incompleta-v4,,,,
2019-11-19,,,,,incompleta-v4,,,,
2019-11-20,,,,,incompleta-v4,,,,
2019-11-21,,,,,incompleta-v4,,,,
2019-11-22,,,,,incompleta-v4,,,,
2019-11-25,,,,,incompleta-v4,,,,
2019-11-26,,,,,incompleta-v4,,,,
2019-11-27,,,,,incompleta-v4,,,,
2019-11-28,,,,,incompleta-v4,,,,
2019-11-29,,,,,incompleta-v4,,,,
2019-12-02,,,,,incompleta-v4,,,,
2019-12-03,,,,,incompleta-v4,,,,
2019-12-04,,,,,incompleta-v4,,,,
2019-12-05,,,,,incompleta-v4,,,,
2019-12-06,,,,,incompleta-v4,,,,
2019-12-09,,,,,incompleta-v4,,,,
2019-12-10,,,,,incompleta-v4,,,,
2019-12-11,,,,,incompleta-v4,,,,
2019-12-12,,,,,incompleta-v4,,,,
2019-12-13,,,,,incompleta-v4,,,,
2019-12-16,,,,,incompleta-v4,,,,
2019-12-17,,,,,incompleta-v4,,,,
2019-12-18,,,,,incompleta-v4,,,,
2019-12-19,,,,,incompleta-v4,,,,
2019-12-20,,,,,incompleta-v4,,,,
2019-12-23,,,,,incompleta-v4,,,,
2019-12-24,,,,,incompleta-v4,,,,
2019-12-26,,,,,incompleta-v4,,,,
2019-12-27,,,,,incompleta-v4,,,,
2019-12-30,,,,,incompleta-v4,,,,
2019-12-31,,,,,incompleta-v4,,,,
2020-01-02,,,,,incompleta-v4,,,,
2020-01-03,,,,,incompleta-v4,,,,
2020-01-06,,,,,incompleta-v4,,,,
2020-01-07,,,,,incompleta-v4,,,,
2020-01-08,,,,,incompleta-v4,,,,
2020-01-09,,,,,incompleta-v4,,,,
2020-01-10,,,,,incompleta-v4,,,,
2020-01-13,,,,,incompleta-v4,,,,
2020-01-14,,,,,incompleta-v4,,,,
2020-01-15,,,,,incompleta-v4,,,,
2020-01-16,,,,,incompleta-v4,,,,
2020-01-17,,,,,incompleta-v4,,,,
2020-01-20,,,,,incompleta-v4,,,,
2020-01-21,,,,,incompleta-v4,,,,
2020-01-22,,,,,incompleta-v4,,,,
2020-01-23,,,,,incompleta-v4,,,,
2020-01-24,,,,,incompleta-v4,,,,
2020-01-27,,,,,incompleta-v4,,,,
2020-01-28,,,,,incompleta-v4,,,,
2020-01-29,,,,,incompleta-v4,,,,
2020-01-30,,,,,incompleta-v4,,,,
2020-01-31,,,,,incompleta-v4,,,,
2020-02-04,,,,,incompleta-v4,,,,
2020-02-05,,,,,incompleta-v4,,,,
2020-02-06,,,,,incompleta-v4,,,,
2020-02-07,,,,,incompleta-v4,,,,
2020-02-10,,,,,incompleta-v4,,,,
2020-02-11,,,,,incompleta-v4,,,,
2020-02-12,,,,,incompleta-v4,,,,
2020-02-13,,,,,incompleta-v4,,,,
2020-02-14,,,,,incompleta-v4,,,,
2020-02-17,,,,,incompleta-v4,,,,
2020-02-18,,,,,incompleta-v4,,,,
2020-02-19,,,,,incompleta-v4,,,,
2020-02-20,,,,,incompleta-v4,,,,
2020-02-21,,,,,incompleta-v4,,,,
2020-02-24,,,,,incompleta-v4,,,,
2020-02-25,,,,,incompleta-v4,,,,
2020-02-26,,,,,incompleta-v4,,,,
2020-02-27,,,,,incompleta-v4,,,,
2020-02-28,,,,,incompleta-v4,,,,
2020-03-02,,,,,incompleta-v4,,,,
2020-03-03,,,,,incompleta-v4,,,,
2020-03-04,,,,,incompleta-v4,,,,
2020-03-05,,,,,incompleta-v4,,,,
2020-03-06,,,,,incompleta-v4,,,,
2020-03-09,,,,,incompleta-v4,,,,
2020-03-10,,,,,incompleta-v4,,,,
2020-03-11,,,,,incompleta-v4,,,,
2020-03-12,,,,,incompleta-v4,,,,
2020-03-13,,,,,incompleta-v4,,,,
2020-03-16,,,,,incompleta-v4,,,,
2020-03-17,,,,,incompleta-v4,,,,
2020-03-18,,,,,incompleta-v4,,,,
2020-03-19,,,,,incompleta-v4,,,,
2020-03-20,,,,,incompleta-v4,,,,
2020-03-23,,,,,incompleta-v4,,,,
2020-03-24,,,,,incompleta-v4,,,,
2020-03-25,,,,,incompleta-v4,,,,
2020-03-26,,,,,incompleta-v4,,,,
2020-03-27,,,,,incompleta-v4,,,,
2020-03-30,,,,,incompleta-v4,,,,
2020-03-31,,,,,incompleta-v4,,,,
2020-04-01,,,,,incompleta-v4,,,,
2020-04-02,,,,,incompleta-v4,,,,
2020-04-03,,,,,incompleta-v4,,,,
2020-04-06,,,,,incompleta-v4,,,,
2020-04-07,,,,,incompleta-v4,,,,
2020-04-08,,,,,incompleta-v4,,,,
2020-04-09,,,,,incompleta-v4,,,,
2020-04-13,,,,,incompleta-v4,,,,
2020-04-14,,,,,incompleta-v4,,,,
2020-04-15,,,,,incompleta-v4,,,,
2020-04-16,,,,,incompleta-v4,,,,
2020-04-17,,,,,incompleta-v4,,,,
2020-04-20,,,,,incompleta-v4,,,,
2020-04-21,,,,,incompleta-v4,,,,
2020-04-22,,,,,incompleta-v4,,,,
2020-04-23,,,,,incompleta-v4,,,,
2020-04-24,,,,,incompleta-v4,,,,
2020-04-27,,,,,incompleta-v4,,,,
2020-04-28,,,,,incompleta-v4,,,,
2020-04-29,,,,,incompleta-v4,,,,
2020-04-30,,,,,incompleta-v4,,,,
2020-05-01,,,,,incompleta-v4,,,,
2020-05-04,,,,,incompleta-v4,,,,
2020-05-05,,,,,incompleta-v4,,,,
2020-05-06,,,,,incompleta-v4,,,,
2020-05-07,,,,,incompleta-v4,,,,
2020-05-08,,,,,incompleta-v4,,,,
2020-05-11,,,,,incompleta-v4,,,,
2020-05-12,,,,,incompleta-v4,,,,
2020-05-13,,,,,incompleta-v4,,,,
2020-05-14,,,,,incompleta-v4,,,,
2020-05-15,,,,,incompleta-v4,,,,
2020-05-18,,,,,incompleta-v4,,,,
2020-05-19,,,,,incompleta-v4,,,,
2020-05-20,,,,,incompleta-v4,,,,
2020-05-21,,,,,incompleta-v4,,,,
2020-05-22,,,,,incompleta-v4,,,,
2020-05-25,,,,,incompleta-v4,,,,
2020-05-26,,,,,incompleta-v4,,,,
2020-05-27,,,,,incompleta-v4,,,,
2020-05-28,,,,,incompleta-v4,,,,
2020-05-29,,,,,incompleta-v4,,,,
2020-06-01,,,,,incompleta-v4,,,,
2020-06-02,,,,,incompleta-v4,,,,
2020-06-03,,,,,incompleta-v4,,,,
2020-06-04,,,,,incompleta-v4,,,,
2020-06-05,,,,,incompleta-v4,,,,
2020-06-08,,,,,incompleta-v4,,,,
2020-06-09,,,,,incompleta-v4,,,,
2020-06-10,,,,,incompleta-v4,,,,
2020-06-11,,,,,incompleta-v4,,,,
2020-06-12,,,,,incompleta-v4,,,,
2020-06-15,,,,,incompleta-v4,,,,
2020-06-16,,,,,incompleta-v4,,,,
2020-06-17,,,,,incompleta-v4,,,,
2020-06-18,,,,,incompleta-v4,,,,
2020-06-19,,,,,incompleta-v4,,,,
2020-06-22,,,,,incompleta-v4,,,,
2020-06-23,,,,,incompleta-v4,,,,
2020-06-24,,,,,incompleta-v4,,,,
2020-06-25,,,,,incompleta-v4,,,,
2020-06-26,,,,,incompleta-v4,,,,
2020-06-29,,,,,incompleta-v4,,,,
2020-06-30,,,,,incompleta-v4,,,,
2020-07-01,,,,,incompleta-v4,,,,
2020-07-02,,,,,incompleta-v4,,,,
2020-07-03,,,,,incompleta-v4,,,,
2020-07-06,,,,,incompleta-v4,,,,
2020-07-07,,,,,incompleta-v4,,,,
2020-07-08,,,,,incompleta-v4,,,,
2020-07-09,,,,,incompleta-v4,,,,
2020-07-10,,,,,incompleta-v4,,,,
2020-07-13,,,,,incompleta-v4,,,,
2020-07-14,,,,,incompleta-v4,,,,
2020-07-15,,,,,incompleta-v4,,,,
2020-07-16,,,,,incompleta-v4,,,,
2020-07-17,,,,,incompleta-v4,,,,
2020-07-20,,,,,incompleta-v4,,,,
2020-07-21,,,,,incompleta-v4,,,,
2020-07-22,,,,,incompleta-v4,,,,
2020-07-23,,,,,incompleta-v4,,,,
2020-07-24,,,,,incompleta-v4,,,,
2020-07-27,,,,,incompleta-v4,,,,
2020-07-28,,,,,incompleta-v4,,,,
2020-07-29,,,,,incompleta-v4,,,,
2020-07-30,,,,,incompleta-v4,,,,
2020-07-31,,,,,incompleta-v4,,,,
2020-08-03,,,,,incompleta-v4,,,,
2020-08-04,,,,,incompleta-v4,,,,
2020-08-05,,,,,incompleta-v4,,,,
2020-08-06,,,,,incompleta-v4,,,,
2020-08-07,,,,,incompleta-v4,,,,
2020-08-10,,,,,incompleta-v4,,,,
2020-08-11,,,,,incompleta-v4,,,,
2020-08-12,,,,,incompleta-v4,,,,
2020-08-13,,,,,incompleta-v4,,,,
2020-08-14,,,,,incompleta-v4,,,,
2020-08-17,,,,,incompleta-v4,,,,
2020-08-18,,,,,incompleta-v4,,,,
2020-08-19,,,,,incompleta-v4,,,,
2020-08-20,,,,,incompleta-v4,,,,
2020-08-21,,,,,incompleta-v4,,,,
2020-08-24,,,,,incompleta-v4,,,,
2020-08-25,,,,,incompleta-v4,,,,
2020-08-26,,,,,incompleta-v4,,,,
2020-08-27,,,,,incompleta-v4,,,,
2020-08-28,,,,,incompleta-v4,,,,
2020-08-31,,,,,incompleta-v4,,,,
2020-09-01,,,,,incompleta-v4,,,,
2020-09-02,,,,,incompleta-v4,,,,
2020-09-03,,,,,incompleta-v4,,,,
2020-09-04,,,,,incompleta-v4,,,,
2020-09-07,,,,,incompleta-v4,,,,
2020-09-08,,,,,incompleta-v4,,,,
2020-09-09,,,,,incompleta-v4,,,,
2020-09-10,,,,,incompleta-v4,,,,
2020-09-11,,,,,incompleta-v4,,,,
2020-09-14,,,,,incompleta-v4,,,,
2020-09-15,,,,,incompleta-v4,,,,
2020-09-16,,,,,incompleta-v4,,,,
2020-09-17,,,,,incompleta-v4,,,,
2020-09-18,,,,,incompleta-v4,,,,
2020-09-21,,,,,incompleta-v4,,,,
2020-09-22,,,,,incompleta-v4,,,,
2020-09-23,,,,,incompleta-v4,,,,
2020-09-24,,,,,incompleta-v4,,,,
2020-09-25,,,,,incompleta-v4,,,,
2020-09-28,,,,,incompleta-v4,,,,
2020-09-29,,,,,incompleta-v4,,,,
2020-09-30,,,,,incompleta-v4,,,,
2020-10-01,,,,,incompleta-v4,,,,
2020-10-02,,,,,incompleta-v4,,,,
2020-10-05,,,,,incompleta-v4,,,,
2020-10-06,,,,,incompleta-v4,,,,
2020-10-07,,,,,incompleta-v4,,,,
2020-10-08,,,,,incompleta-v4,,,,
2020-10-09,,,,,incompleta-v4,,,,
2020-10-12,,,,,incompleta-v4,,,,
2020-10-13,,,,,incompleta-v4,,,,
2020-10-14,,,,,incompleta-v4,,,,
2020-10-15,,,,,incompleta-v4,,,,
2020-10-16,,,,,incompleta-v4,,,,
2020-10-19,,,,,incompleta-v4,,,,
2020-10-20,,,,,incompleta-v4,,,,
2020-10-21,,,,,incompleta-v4,,,,
2020-10-22,,,,,incompleta-v4,,,,
2020-10-23,,,,,incompleta-v4,,,,
2020-10-26,,,,,incompleta-v4,,,,
2020-10-27,,,,,incompleta-v4,,,,
2020-10-28,,,,,incompleta-v4,,,,
2020-10-29,,,,,incompleta-v4,,,,
2020-10-30,,,,,incompleta-v4,,,,
2020-11-02,,,,,incompleta-v4,,,,
2020-11-03,,,,,incompleta-v4,,,,
2020-11-04,,,,,incompleta-v4,,,,
2020-11-05,,,,,incompleta-v4,,,,
2020-11-06,,,,,incompleta-v4,,,,
2020-11-09,,,,,incompleta-v4,,,,
2020-11-10,,,,,incompleta-v4,,,,
2020-11-11,,,,,incompleta-v4,,,,
2020-11-12,,,,,incompleta-v4,,,,
2020-11-13,,,,,incompleta-v4,,,,
2020-11-16,,,,,incompleta-v4,,,,
2020-11-17,,,,,incompleta-v4,,,,
2020-11-18,,,,,incompleta-v4,,,,
2020-11-19,,,,,incompleta-v4,,,,
2020-11-20,,,,,incompleta-v4,,,,
2020-11-23,,,,,incompleta-v4,,,,
2020-11-24,,,,,incompleta-v4,,,,
2020-11-25,,,,,incompleta-v4,,,,
2020-11-26,,,,,incompleta-v4,,,,
2020-11-27,,,,,incompleta-v4,,,,
2020-11-30,,,,,incompleta-v4,,,,
2020-12-01,,,,,incompleta-v4,,,,
2020-12-02,,,,,incompleta-v4,,,,
2020-12-03,,,,,incompleta-v4,,,,
2020-12-04,,,,,incompleta-v4,,,,
2020-12-07,,,,,incompleta-v4,,,,
2020-12-08,,,,,incompleta-v4,,,,
2020-12-09,,,,,incompleta-v4,,,,
2020-12-10,,,,,incompleta-v4,,,,
2020-12-11,,,,,incompleta-v4,,,,
2020-12-14,,,,,incompleta-v4,,,,
2020-12-15,,,,,incompleta-v4,,,,
2020-12-16,,,,,incompleta-v4,,,,
2020-12-17,,,,,incompleta-v4,,,,
2020-12-18,,,,,incompleta-v4,,,,
2020-12-21,,,,,incompleta-v4,,,,
2020-12-22,,,,,incompleta-v4,,,,
2020-12-23,,,,,incompleta-v4,,,,
2020-12-24,,,,,incompleta-v4,,,,
2020-12-28,,,,,incompleta-v4,,,,
2020-12-29,,,,,incompleta-v4,,,,
2020-12-30,,,,,incompleta-v4,,,,
2020-12-31,,,,,incompleta-v4,,,,
2021-01-04,,,,,incompleta-v4,,,,
2021-01-05,,,,,incompleta-v4,,,,
2021-01-06,,,,,incompleta-v4,,,,
2021-01-07,,,,,incompleta-v4,,,,
2021-01-08,,,,,incompleta-v4,,,,
2021-01-11,,,,,incompleta-v4,,,,
2021-01-12,,,,,incompleta-v4,,,,
2021-01-13,,,,,incompleta-v4,,,,
2021-01-14,,,,,incompleta-v4,,,,
2021-01-15,,,,,incompleta-v4,,,,
2021-01-18,,,,,incompleta-v4,,,,
2021-01-19,,,,,incompleta-v4,,,,
2021-01-20,,,,,incompleta-v4,,,,
2021-01-21,,,,,incompleta-v4,,,,
2021-01-22,,,,,incompleta-v4,,,,
2021-01-25,,,,,incompleta-v4,,,,
2021-01-26,,,,,incompleta-v4,,,,
2021-01-27,,,,,incompleta-v4,,,,
2021-01-28,,,,,incompleta-v4,,,,
2021-01-29,,,,,incompleta-v4,,,,
2021-02-01,,,,,incompleta-v4,,,,
2021-02-02,,,,,incompleta-v4,,,,
2021-02-03,,,,,incompleta-v4,,,,
2021-02-04,,,,,incompleta-v4,,,,
2021-02-05,,,,,incompleta-v4,,,,
2021-02-08,,,,,incompleta-v4,,,,
2021-02-09,,,,,incompleta-v4,,,,
2021-02-10,,,,,incompleta-v4,,,,
2021-02-11,,,,,incompleta-v4,,,,
2021-02-12,,,,,incompleta-v4,,,,
2021-02-16,,,,,incompleta-v4,,,,
2021-02-17,,,,,incompleta-v4,,,,
2021-02-18,,,,,incompleta-v4,,,,
2021-02-19,,,,,incompleta-v4,,,,
2021-02-22,,,,,incompleta-v4,,,,
2021-02-23,,,,,incompleta-v4,,,,
2021-02-24,,,,,incompleta-v4,,,,
2021-02-25,,,,,incompleta-v4,,,,
2021-02-26,,,,,incompleta-v4,,,,
2021-03-01,,,,,incompleta-v4,,,,
2021-03-02,,,,,incompleta-v4,,,,
2021-03-03,,,,,incompleta-v4,,,,
2021-03-04,,,,,incompleta-v4,,,,
2021-03-05,,,,,incompleta-v4,,,,
2021-03-08,,,,,incompleta-v4,,,,
2021-03-09,,,,,incompleta-v4,,,,
2021-03-10,,,,,incompleta-v4,,,,
2021-03-11,,,,,incompleta-v4,,,,
2021-03-12,,,,,incompleta-v4,,,,
2021-03-15,,,,,incompleta-v4,,,,
2021-03-16,,,,,incompleta-v4,,,,
2021-03-17,,,,,incompleta-v4,,,,
2021-03-18,,,,,incompleta-v4,,,,
2021-03-19,,,,,incompleta-v4,,,,
2021-03-22,,,,,incompleta-v4,,,,
2021-03-23,,,,,incompleta-v4,,,,
2021-03-24,,,,,incompleta-v4,,,,
2021-03-25,,,,,incompleta-v4,,,,
2021-03-26,,,,,incompleta-v4,,,,
2021-03-29,,,,,incompleta-v4,,,,
2021-03-30,,,,,incompleta-v4,,,,
2021-03-31,,,,,incompleta-v4,,,,
2021-04-01,,,,,incompleta-v4,,,,
2021-04-05,,,,,incompleta-v4,,,,
2021-04-06,,,,,incompleta-v4,,,,
2021-04-07,,,,,incompleta-v4,,,,
2021-04-08,,,,,incompleta-v4,,,,
2021-04-09,,,,,incompleta-v4,,,,
2021-04-12,,,,,incompleta-v4,,,,
2021-04-13,,,,,incompleta-v4,,,,
2021-04-14,,,,,incompleta-v4,,,,
2021-04-15,,,,,incompleta-v4,,,,
2021-04-16,,,,,incompleta-v4,,,,
2021-04-19,,,,,incompleta-v4,,,,
2021-04-20,,,,,incompleta-v4,,,,
2021-04-21,,,,,incompleta-v4,,,,
2021-04-22,,,,,incompleta-v4,,,,
2021-04-23,,,,,incompleta-v4,,,,
2021-04-26,,,,,incompleta-v4,,,,
2021-04-27,,,,,incompleta-v4,,,,
2021-04-28,,,,,incompleta-v4,,,,
2021-04-29,,,,,incompleta-v4,,,,
2021-04-30,,,,,incompleta-v4,,,,
2021-05-03,,,,,incompleta-v4,,,,
2021-05-04,,,,,incompleta-v4,,,,
2021-05-05,,,,,incompleta-v4,,,,
2021-05-06,,,,,incompleta-v4,,,,
2021-05-07,,,,,incompleta-v4,,,,
2021-05-10,,,,,incompleta-v4,,,,
2021-05-11,,,,,incompleta-v4,,,,
2021-05-12,,,,,incompleta-v4,,,,
2021-05-13,,,,,incompleta-v4,,,,
2021-05-14,,,,,incompleta-v4,,,,
2021-05-17,,,,,incompleta-v4,,,,
2021-05-18,,,,,incompleta-v4,,,,
2021-05-19,,,,,incompleta-v4,,,,
2021-05-20,,,,,incompleta-v4,,,,
2021-05-21,,,,,incompleta-v4,,,,
2021-05-24,,,,,incompleta-v4,,,,
2021-05-25,,,,,incompleta-v4,,,,
2021-05-26,,,,,incompleta-v4,,,,
2021-05-27,,,,,incompleta-v4,,,,
2021-05-28,,,,,incompleta-v4,,,,
2021-05-31,,,,,incompleta-v4,,,,
2021-06-01,,,,,incompleta-v4,,,,
2021-06-02,,,,,incompleta-v4,,,,
2021-06-03,,,,,incompleta-v4,,,,
2021-06-04,,,,,incompleta-v4,,,,
2021-06-07,,,,,incompleta-v4,,,,
2021-06-08,,,,,incompleta-v4,,,,
2021-06-09,,,,,incompleta-v4,,,,
2021-06-10,,,,,incompleta-v4,,,,
2021-06-11,,,,,incompleta-v4,,,,
2021-06-14,,,,,incompleta-v4,,,,
2021-06-15,,,,,incompleta-v4,,,,
2021-06-16,,,,,incompleta-v4,,,,
2021-06-17,,,,,incompleta-v4,,,,
2021-06-18,,,,,incompleta-v4,,,,
2021-06-21,,,,,incompleta-v4,,,,
2021-06-22,,,,,incompleta-v4,,,,
2021-06-23,,,,,incompleta-v4,,,,
2021-06-24,,,,,incompleta-v4,,,,
2021-06-25,,,,,incompleta-v4,,,,
2021-06-28,,,,,incompleta-v4,,,,
2021-06-29,,,,,incompleta-v4,,,,
2021-06-30,,,,,incompleta-v4,,,,
2021-07-01,,,,,incompleta-v4,,,,
2021-07-02,,,,,incompleta-v4,,,,
2021-07-05,,,,,incompleta-v4,,,,
2021-07-06,,,,,incompleta-v4,,,,
2021-07-07,,,,,incompleta-v4,,,,
2021-07-08,,,,,incompleta-v4,,,,
2021-07-09,,,,,incompleta-v4,,,,
2021-07-12,,,,,incompleta-v4,,,,
2021-07-13,,,,,incompleta-v4,,,,
2021-07-14,,,,,incompleta-v4,,,,
2021-07-15,,,,,incompleta-v4,,,,
2021-07-16,,,,,incompleta-v4,,,,
2021-07-19,,,,,incompleta-v4,,,,
2021-07-20,,,,,incompleta-v4,,,,
2021-07-21,,,,,incompleta-v4,,,,
2021-07-22,,,,,incompleta-v4,,,,
2021-07-23,,,,,incompleta-v4,,,,
2021-07-26,,,,,incompleta-v4,,,,
2021-07-27,,,,,incompleta-v4,,,,
2021-07-28,,,,,incompleta-v4,,,,
2021-07-29,,,,,incompleta-v4,,,,
2021-07-30,,,,,incompleta-v4,,,,
2021-08-02,,,,,incompleta-v4,,,,
2021-08-03,,,,,incompleta-v4,,,,
2021-08-04,,,,,incompleta-v4,,,,
2021-08-05,,,,,incompleta-v4,,,,
2021-08-06,,,,,incompleta-v4,,,,
2021-08-09,,,,,incompleta-v4,,,,
2021-08-10,,,,,incompleta-v4,,,,
2021-08-11,,,,,incompleta-v4,,,,
2021-08-12,,,,,incompleta-v4,,,,
2021-08-13,,,,,incompleta-v4,,,,
2021-08-16,,,,,incompleta-v4,,,,
2021-08-17,,,,,incompleta-v4,,,,
2021-08-18,,,,,incompleta-v4,,,,
2021-08-19,,,,,incompleta-v4,,,,
2021-08-20,,,,,incompleta-v4,,,,
2021-08-23,,,,,incompleta-v4,,,,
2021-08-24,,,,,incompleta-v4,,,,
2021-08-25,,,,,incompleta-v4,,,,
2021-08-26,,,,,incompleta-v4,,,,
2021-08-27,,,,,incompleta-v4,,,,
2021-08-30,,,,,incompleta-v4,,,,
2021-08-31,,,,,incompleta-v4,,,,
2021-09-01,,,,,incompleta-v4,,,,
2021-09-02,,,,,incompleta-v4,,,,
2021-09-03,,,,,incompleta-v4,,,,
2021-09-06,,,,,incompleta-v4,,,,
2021-09-07,,,,,incompleta-v4,,,,
2021-09-08,,,,,incompleta-v4,,,,
2021-09-09,,,,,incompleta-v4,,,,
2021-09-10,,,,,incompleta-v4,,,,
2021-09-13,,,,,incompleta-v4,,,,
2021-09-14,,,,,incompleta-v4,,,,
2021-09-15,,,,,incompleta-v4,,,,
2021-09-16,,,,,incompleta-v4,,,,
2021-09-17,,,,,incompleta-v4,,,,
2021-09-20,,,,,incompleta-v4,,,,
2021-09-21,,,,,incompleta-v4,,,,
2021-09-22,,,,,incompleta-v4,,,,
2021-09-23,,,,,incompleta-v4,,,,
2021-09-24,,,,,incompleta-v4,,,,
2021-09-27,,,,,incompleta-v4,,,,
2021-09-28,,,,,incompleta-v4,,,,
2021-09-29,,,,,incompleta-v4,,,,
2021-09-30,,,,,incompleta-v4,,,,
2021-10-01,,,,,incompleta-v4,,,,
2021-10-04,,,,,incompleta-v4,,,,
2021-10-05,,,,,incompleta-v4,,,,
2021-10-06,,,,,incompleta-v4,,,,
2021-10-07,,,,,incompleta-v4,,,,
2021-10-08,,,,,incompleta-v4,,,,
2021-10-11,,,,,incompleta-v4,,,,
2021-10-12,,,,,incompleta-v4,,,,
2021-10-13,,,,,incompleta-v4,,,,
2021-10-14,,,,,incompleta-v4,,,,
2021-10-15,,,,,incompleta-v4,,,,
2021-10-18,,,,,incompleta-v4,,,,
2021-10-19,,,,,incompleta-v4,,,,
2021-10-20,,,,,incompleta-v4,,,,
2021-10-21,,,,,incompleta-v4,,,,
2021-10-22,,,,,incompleta-v4,,,,
2021-10-25,,,,,incompleta-v4,,,,
2021-10-26,,,,,incompleta-v4,,,,
2021-10-27,,,,,incompleta-v4,,,,
2021-10-28,,,,,incompleta-v4,,,,
2021-10-29,,,,,incompleta-v4,,,,
2021-11-01,,,,,incompleta-v4,,,,
2021-11-02,,,,,incompleta-v4,,,,
2021-11-03,,,,,incompleta-v4,,,,
2021-11-04,,,,,incompleta-v4,,,,
2021-11-05,,,,,incompleta-v4,,,,
2021-11-08,,,,,incompleta-v4,,,,
2021-11-09,,,,,incompleta-v4,,,,
2021-11-10,,,,,incompleta-v4,,,,
2021-11-11,,,,,incompleta-v4,,,,
2021-11-12,,,,,incompleta-v4,,,,
2021-11-15,,,,,incompleta-v4,,,,
2021-11-16,,,,,incompleta-v4,,,,
2021-11-17,,,,,incompleta-v4,,,,
2021-11-18,,,,,incompleta-v4,,,,
2021-11-19,,,,,incompleta-v4,,,,
2021-11-22,,,,,incompleta-v4,,,,
2021-11-23,,,,,incompleta-v4,,,,
2021-11-24,,,,,incompleta-v4,,,,
2021-11-25,,,,,incompleta-v4,,,,
2021-11-26,,,,,incompleta-v4,,,,
2021-11-29,,,,,incompleta-v4,,,,
2021-11-30,,,,,incompleta-v4,,,,
2021-12-01,,,,,incompleta-v4,,,,
2021-12-02,,,,,incompleta-v4,,,,
2021-12-03,,,,,incompleta-v4,,,,
2021-12-06,,,,,incompleta-v4,,,,
2021-12-07,,,,,incompleta-v4,,,,
2021-12-08,,,,,incompleta-v4,,,,
2021-12-09,,,,,incompleta-v4,,,,
2021-12-10,,,,,incompleta-v4,,,,
2021-12-13,,,,,incompleta-v4,,,,
2021-12-14,,,,,incompleta-v4,,,,
2021-12-15,,,,,incompleta-v4,,,,
2021-12-16,,,,,incompleta-v4,,,,
2021-12-17,,,,,incompleta-v4,,,,
2021-12-20,,,,,incompleta-v4,,,,
2021-12-21,,,,,incompleta-v4,,,,
2021-12-22,,,,,incompleta-v4,,,,
2021-12-23,,,,,incompleta-v4,,,,
2021-12-24,,,,,incompleta-v4,,,,
2021-12-27,,,,,incompleta-v4,,,,
2021-12-28,,,,,incompleta-v4,,,,
2021-12-29,,,,,incompleta-v4,,,,
2021-12-30,,,,,incompleta-v4,,,,
2021-12-31,,,,,incompleta-v4,,,,
2022-01-03,,,,,incompleta-v4,,,,
2022-01-04,,,,,incompleta-v4,,,,
2022-01-05,,,,,incompleta-v4,,,,
2022-01-06,,,,,incompleta-v4,,,,
2022-01-07,,,,,incompleta-v4,,,,
2022-01-10,,,,,incompleta-v4,,,,
2022-01-11,,,,,incompleta-v4,,,,
2022-01-12,,,,,incompleta-v4,,,,
2022-01-13,,,,,incompleta-v4,,,,
2022-01-14,,,,,incompleta-v4,,,,
2022-01-17,,,,,incompleta-v4,,,,
2022-01-18,,,,,incompleta-v4,,,,
2022-01-19,,,,,incompleta-v4,,,,
2022-01-20,,,,,incompleta-v4,,,,
2022-01-21,,,,,incompleta-v4,,,,
2022-01-24,,,,,incompleta-v4,,,,
2022-01-25,,,,,incompleta-v4,,,,
2022-01-26,,,,,incompleta-v4,,,,
2022-01-27,,,,,incompleta-v4,,,,
2022-01-28,,,,,incompleta-v4,,,,
2022-01-31,,,,,incompleta-v4,,,,
2022-02-01,,,,,incompleta-v4,,,,
2022-02-02,,,,,incompleta-v4,,,,
2022-02-03,,,,,incompleta-v4,,,,
2022-02-04,,,,,incompleta-v4,,,,
2022-02-07,,,,,incompleta-v4,,,,
2022-02-08,,,,,incompleta-v4,,,,
2022-02-09,,,,,incompleta-v4,,,,
2022-02-10,,,,,incompleta-v4,,,,
2022-02-11,,,,,incompleta-v4,,,,
2022-02-14,,,,,incompleta-v4,,,,
2022-02-15,,,,,incompleta-v4,,,,
2022-02-16,,,,,incompleta-v4,,,,
2022-02-17,,,,,incompleta-v4,,,,
2022-02-18,,,,,incompleta-v4,,,,
2022-02-21,,,,,incompleta-v4,,,,
2022-02-22,,,,,incompleta-v4,,,,
2022-02-23,,,,,incompleta-v4,,,,
2022-02-24,,,,,incompleta-v4,,,,
2022-02-25,,,,,incompleta-v4,,,,
2022-02-28,,,,,incompleta-v4,,,,
2022-03-01,,,,,incompleta-v4,,,,
2022-03-02,,,,,incompleta-v4,,,,
2022-03-03,,,,,incompleta-v4,,,,
2022-03-04,,,,,incompleta-v4,,,,
2022-03-07,,,,,incompleta-v4,,,,
2022-03-08,,,,,incompleta-v4,,,,
2022-03-09,,,,,incompleta-v4,,,,
2022-03-10,,,,,incompleta-v4,,,,
2022-03-11,,,,,incompleta-v4,,,,
2022-03-14,,,,,incompleta-v4,,,,
2022-03-15,,,,,incompleta-v4,,,,
2022-03-16,,,,,incompleta-v4,,,,
2022-03-17,,,,,incompleta-v4,,,,
2022-03-18,,,,,incompleta-v4,,,,
2022-03-21,,,,,incompleta-v4,,,,
2022-03-22,,,,,incompleta-v4,,,,
2022-03-23,,,,,incompleta-v4,,,,
2022-03-24,,,,,incompleta-v4,,,,
2022-03-25,,,,,incompleta-v4,,,,
2022-03-28,,,,,incompleta-v4,,,,
2022-03-29,,,,,incompleta-v4,,,,
2022-03-30,,,,,incompleta-v4,,,,
2022-03-31,,,,,incompleta-v4,,,,
2022-04-01,,,,,incompleta-v4,,,,
2022-04-04,-0.33735616683037695,0.7319864415798013,,,35-20-20-10-15-v4-full,,,,
2022-04-05,-0.29853292243321883,0.6604188434113487,,,35-20-20-10-15-v4-full,,,,
2022-04-06,-0.27600427039976105,0.46766350199026974,,,35-20-20-10-15-v4-full,,,,
2022-04-07,-0.266840505912044,0.35627177221829914,,,35-20-20-10-15-v4-full,,,,
2022-04-08,-0.2768603834857061,0.003877434199861661,,,35-20-20-10-15-v4-full,,,,
2022-04-11,-0.24318082472133928,-0.08737009064399487,,,35-20-20-10-15-v4-full,,,,
2022-04-12,-0.24554952066458013,-0.1889499087670581,,,35-20-20-10-15-v4-full,,,,
2022-04-13,-0.2129297339379913,-0.15232693518538235,,,35-20-20-10-15-v4-full,,,,
2022-04-14,,,,,incompleta-v4,,,,
2022-04-18,-0.17790248216758509,-0.15061471457844,,,35-20-20-10-15-v4-full,,,,
2022-04-19,-0.19520859108514566,-0.18397072155210306,,,35-20-20-10-15-v4-full,,,,
2022-04-20,-0.2626432729822279,-0.3398423711653293,0.7601288876608185,105.41929859779869,35-20-20-10-15-v4-full,,,,
2022-04-21,-0.44741729802946634,-0.7288940606976205,0.7035250862724188,103.07487324853318,35-20-20-10-15-v4-full,,,,
2022-04-22,-0.5254206270829406,-0.980508544839241,0.7044404793154584,101.79769214288714,35-20-20-10-15-v4-full,,,,
2022-04-25,-0.5146146574156439,-0.8904253576841881,0.6023954572182914,101.94073323009997,35-20-20-10-15-v4-full,,,,
2022-04-26,-0.56918985298774,-0.8823408166574387,0.3314953218989298,101.10480787140622,35-20-20-10-15-v4-full,,,,
2022-04-27,-0.4948301937938192,-0.8356059583265498,0.3648420415574529,101.63537291105482,35-20-20-10-15-v4-full,,,,
2022-04-28,-0.429836084799472,-0.9887977689408793,0.5421969482772185,101.69347231687712,35-20-20-10-15-v4-full,,,,
2022-04-29,-0.4683227425567505,-1.1148462854768482,-0.05861438947241726,99.55254660420869,35-20-20-10-15-v4-full,,,,
2022-05-02,-0.8704933776224886,-1.2451384090480992,-0.06669021501974079,97.60359132332529,35-20-20-10-15-v4-full,,,,
2022-05-03,-0.7783476540103853,-0.5705034445044691,-0.06622996407542209,100.62579184150297,35-20-20-10-15-v4-full,,,,
2022-05-04,-0.7493243844455997,-0.8343937762769867,-0.04641300989018073,99.72135434335276,35-20-20-10-15-v4-full,,,,
2022-05-05,-0.7744438809360963,-1.1031456684004577,-0.5507423351344818,97.29760522403137,35-20-20-10-15-v4-full,,,,
2022-05-06,-0.7925559899363961,-1.1595076834048401,-0.5475147586521265,97.01683372371869,35-20-20-10-15-v4-full,,,,
2022-05-09,-0.7320068362397858,-1.2110074099682928,-1.2601751102150518,95.2411059764957,35-20-20-10-15-v4-full,,,,
2022-05-10,-0.7774084288156051,-1.3015180901766175,-1.2067700761111244,94.85367026690685,35-20-20-10-15-v4-full,,,,
2022-05-11,-0.7362775258981764,-1.0644226732344721,-1.175536641437308,96.02409368157097,35-20-20-10-15-v4-full,,,,
2022-05-12,-0.7276868051100243,-1.2227129442785392,-1.1394837784873153,95.51113227752822,35-20-20-10-15-v4-full,,,,
2022-05-13,-0.8069487229386063,-1.3970325841706366,-1.1312105122052345,94.557120171265,35-20-20-10-15-v4-full,,,,
2022-05-16,-0.8027527364363081,-1.4358400388634798,-1.146743977157651,94.37774264287063,35-20-20-10-15-v4-full,,,,
2022-05-17,-0.7529202137986488,-1.2672176204884176,-1.1375662124526846,95.2495905573651,35-20-20-10-15-v4-full,,,,
2022-05-18,,,,,incompleta-v4,,,,
2022-05-19,-0.7418628368857891,-1.3774928198797252,-1.2875173520356018,94.47231273003759,35-20-20-10-15-v4-full,,,,
2022-05-20,-0.7279331111471383,-1.314382343218185,-1.2798801940833586,94.79260157164963,35-20-20-10-15-v4-full,,,,
2022-05-23,-0.742753173051325,-1.2623461908946858,-1.2704344911327046,94.9724902216556,35-20-20-10-15-v4-full,,,,
2022-05-24,-0.7756349806806786,-1.5533671378137388,-1.2591723985796708,93.72147533865925,35-20-20-10-15-v4-full,,,,
2022-05-25,,,,,incompleta-v4,,,,
2022-05-26,-0.7533320537308149,-1.4098951886305118,-1.1350469438646564,94.68373701650421,35-20-20-10-15-v4-full,,,,
2022-05-27,-0.7348412289279442,-1.4538820512910386,-1.126145428232774,94.59476124175185,35-20-20-10-15-v4-full,,,,
2022-05-30,-0.7077632295482021,-1.3988548144146027,-1.084350629803289,95.0141301831604,35-20-20-10-15-v4-full,,,,
2022-05-31,-0.6676820048093267,-1.2573544038632476,-0.7429448347584141,96.57393059956408,35-20-20-10-15-v4-full,,,,
2022-06-01,-1.0229659673205531,-1.229429554421099,-0.8085296350807128,95.27817412773764,35-20-20-10-15-v4-full,,,,
2022-06-02,-0.9998490149477082,-1.4332575589853416,-0.7846196074317672,94.603546511908,35-20-20-10-15-v4-full,,,,
2022-06-03,-0.9955474427091,-1.3109010799977057,-0.8244283826797946,95.00850599257359,35-20-20-10-15-v4-full,,,,
2022-06-06,-1.0065382794919675,-1.3280098526176058,-0.22971930004389218,96.3883756799437,35-20-20-10-15-v4-full,,,,
2022-06-07,-0.9859048248614768,-1.4550044823837283,-0.2314444145260989,95.94830146588042,35-20-20-10-15-v4-full,,,,
2022-06-08,-0.989941566137089,-1.8275912515723198,0.7549974217064511,96.90993038524279,35-20-20-10-15-v4-full,,,,
2022-06-09,-1.1296209423690426,-2.0603011164778633,0.6654284033723991,95.26629056297364,35-20-20-10-15-v4-full,,,,
2022-06-10,-1.1696051685951185,-2.1823340758700347,0.6690126234496209,94.64717448380675,35-20-20-10-15-v4-full,,,,
2022-06-13,-1.2606128706446278,-2.405344950561331,0.6281556359870565,93.33446155921187,35-20-20-10-15-v4-full,,,,
2022-06-14,-1.228569800330853,-1.9017657771651035,0.5918079325368228,95.37005974026941,35-20-20-10-15-v4-full,,,,
2022-06-15,-1.176026699426739,-1.631085603945149,0.5992790057737982,96.65535896940607,35-20-20-10-15-v4-full,,,,
2022-06-16,-1.146663545334544,-1.5186476299303293,0.5693887185183392,97.13315618664937,35-20-20-10-15-v4-full,,,,
2022-06-17,,,,,incompleta-v4,,,,
2022-06-20,,,,,incompleta-v4,,,,
2022-06-21,-1.0747521344644761,-1.2624937072470224,1.0826983157235086,99.69273580844076,35-20-20-10-15-v4-full,,,,
2022-06-22,-1.0117923371604443,-1.5275250079558433,0.9432946444000233,98.50446071786088,35-20-20-10-15-v4-full,,,,
2022-06-23,-1.0042988653663716,-1.4479634414208982,0.33733162486165014,97.33402658643398,35-20-20-10-15-v4-full,,,,
2022-06-24,-0.9647224137050476,-1.471593491414207,0.34039389056065456,97.38567963152289,35-20-20-10-15-v4-full,,,,
2022-06-27,-0.9839156494084929,-1.4679639279331926,0.3386295655983833,97.32861074807921,35-20-20-10-15-v4-full,,,,
2022-06-28,-0.9374415891516381,-1.283156842621752,0.3602334419451625,98.28450799109092,35-20-20-10-15-v4-full,,,,
2022-06-29,-0.8885589992519248,-1.0263695282886132,0.3480989463294353,99.45241007403315,35-20-20-10-15-v4-full,,,,
2022-06-30,-0.8309775080868028,-1.2462264896709794,0.483061855686778,99.11192472097497,35-20-20-10-15-v4-full,,,,
2022-07-01,-1.1246831928789396,-1.2287851812209345,0.5734655848858093,98.37972938100025,35-20-20-10-15-v4-full,,,,
2022-07-04,-1.077562038683448,-1.0935596502456075,0.4628368010186463,98.80898358491787,35-20-20-10-15-v4-full,,,,
2022-07-05,-0.9780519123155349,-1.112887318930919,0.6134894307541185,99.456589926803,35-20-20-10-15-v4-full,,,,
2022-07-06,-0.8866129203320213,-1.245973670051971,0.6149523746651564,99.24793835403868,35-20-20-10-15-v4-full,,,,
2022-07-07,-0.7847486208836167,-1.0869134367694802,0.6096567960194302,100.22746538862374,35-20-20-10-15-v4-full,,,,
2022-07-08,-0.688262493580936,-0.9841440467428466,0.800581964954135,101.45355731662643,35-20-20-10-15-v4-full,,,,
2022-07-11,-0.5916917873949243,-1.3223743201207285,0.6577111159915519,100.08145657235949,35-20-20-10-15-v4-full,0.3452898683636719,-0.05097583446465803,,103.03909172467745
2022-07-12,-0.5552480760931127,-1.4945527349406689,0.5030792387436553,99.13371620951632,35-20-20-10-15-v4-full,0.39753320213014265,-0.17422417173712335,,102.68406670714748
2022-07-13,-0.5037960188927435,-1.4210821419829371,0.49904269405266344,99.59758941982106,35-20-20-10-15-v4-full,0.4465686743919689,-0.11856242943038153,,103.20755277999031
2022-07-14,-0.46367060266559634,-1.3374587432037797,0.22121930489926794,99.37796349884921,35-20-20-10-15-v4-full,0.4871535042424351,-0.050468298078657714,,103.75094758600126
2022-07-15,-0.40292876267404254,-1.2185608022869165,0.20716016504994153,100.03100385286379,35-20-20-10-15-v4-full,0.5163757118689647,-0.016968197168178545,,104.06455912868631
2022-07-18,-0.34773032241935553,-1.0460441713353628,0.2056013634173092,100.91036791347983,35-20-20-10-15-v4-full,0.565417859805867,0.20090437521058058,,105.39913273026461
2022-07-19,-0.3109482423461629,-0.9980704648987963,0.18372050766881148,101.17629788011102,35-20-20-10-15-v4-full,0.5842571114140568,0.21968821498234747,,105.58724818716439
2022-07-20,-0.27069989534097694,-1.0171468287444358,0.24034093614667873,101.38241271044129,35-20-20-10-15-v4-full,0.6111376550050754,0.17873270039865763,,105.51687333220104
2022-07-21,-0.21312971653340296,-0.9173079873053895,0.9533349776064791,103.76574880567348,35-20-20-10-15-v4-full,0.6655661845330796,0.25079748427132653,,106.1493398992044
2022-07-22,-0.1986076772048162,-0.9933699348517897,0.9013816996712292,103.3824449582998,35-20-20-10-15-v4-full,0.6563220225168435,0.1747590711146847,,105.72292702334002
2022-07-25,-0.17266513054055865,-1.029916617714217,0.894973133718636,103.31103572529352,35-20-20-10-15-v4-full,0.6319861702511318,0.15448881062926678,0.5179745337436947,105.69236472793764
2022-07-26,-0.15405490467953697,-0.9582925004032554,0.8881294610782862,103.64555880345006,35-20-20-10-15-v4-full,0.7005926224443237,0.2793799206437404,0.5702359921326648,106.56270539664413
2022-07-27,-0.138675863407836,-0.7364018684070406,0.9222088525522383,104.67214645457075,35-20-20-10-15-v4-full,0.6488605171218724,0.44780017511667025,0.4840909098844328,106.83996134028669
2022-07-28,-0.16734389414999962,-0.5678825968181074,0.8076400953506134,104.95946354032486,35-20-20-10-15-v4-full,0.533520899298133,0.5829544450165345,0.28888138926109064,106.4888659559447
2022-07-29,-0.23647271105106427,0.04678089205282454,-0.23446170849930872,104.57091212703006,35-20-20-10-15-v4-full,0.3619564890996462,1.1575620054565687,-0.7688928779031701,105.54238509409949
2022-08-01,-0.5879831927321342,0.048507458573490925,-0.6127692946540682,102.40176274184208,35-20-20-10-15-v4-full,0.03856837911349931,1.2143641995877799,-1.0025765977839152,104.05352618597095
2022-08-02,-0.5617816739398316,-0.3768700201038985,-0.5990320862785077,100.82630116384448,35-20-20-10-15-v4-full,0.12288199477414219,0.8300492451830698,-0.8935644786051486,103.08389432111129
2022-08-03,-0.5260458096427152,-0.5369496658368105,-0.5972226957164141,100.31558158235796,35-20-20-10-15-v4-full,0.06462758777582978,0.5961713985773143,-0.9493154017317146,101.80511520237775
2022-08-04,-0.4339267708531164,-0.4971189617990545,-0.5563372265030215,100.89953470730607,35-20-20-10-15-v4-full,0.13788672346492337,0.6177266104301575,-0.8829271547668487,102.31371364211311
2022-08-05,-0.43892690885900854,-0.4137090774274859,-0.5159417401164317,101.31666247773819,35-20-20-10-15-v4-full,0.10659387626648781,0.6908744966196634,-0.808651041146869,102.68247050572657
2022-08-08,-0.44411987039844186,-0.2698668677123488,-0.4837936049113544,101.95422628922343,35-20-20-10-15-v4-full,0.10045844127588538,0.8396557338431729,-0.7323216182616518,103.44694498936654
2022-08-09,-0.43666098364604544,-0.36462797564104554,-0.2675402723596601,102.14192129252126,35-20-20-10-15-v4-full,0.12878692043126383,0.7627627038212419,-0.4776396604012224,103.87522744097372
2022-08-10,-0.3980531790854576,-0.25103274310946594,-0.19949752766374107,102.90153640034943,35-20-20-10-15-v4-full,0.06361850271527236,0.8007154493854165,-0.4471720374444486,103.87511801861638
2022-08-11,-0.41930747802374163,-0.3814648048437877,-0.05406321166160204,102.66900389713349,35-20-20-10-15-v4-full,0.05451412848295206,0.6879718407323212,-0.2727191087054915,103.82841059603827
2022-08-12,-0.3996725728151181,-0.6293957597902202,-0.04973841262180624,101.75681424317744,35-20-20-10-15-v4-full,0.039374780953557065,0.41942288821385776,-0.27151485395007224,102.70423770650008
2022-08-15,,,,,incompleta-v4,,,,
2022-08-16,-0.4115818727800882,-0.4485481415049779,-0.12457332669933359,102.25143488124719,35-20-20-10-15-v4-full,0.02374153719322747,0.6165101527248709,-0.32471916117144317,103.30485964332955
2022-08-17,-0.373074621662683,-0.44753069673673074,-0.13205021809463877,102.37158781074284,35-20-20-10-15-v4-full,0.0756089252624979,0.6244198874957756,-0.31073565901677036,103.5529931960423
2022-08-18,-0.3292039017513715,-0.5186668774821845,-0.08462284122301669,102.35915904962967,35-20-20-10-15-v4-full,0.10469439267493513,0.5402544384389036,-0.25757831632590855,103.4510238924855
2022-08-19,-0.2965790626335889,-0.4788207167665213,-0.07760366008829234,102.65027858224137,35-20-20-10-15-v4-full,0.1929463944262002,0.6162157486674678,-0.21756748611492438,104.16377821505664
2022-08-22,-0.31535788022626277,-0.5166733871055248,-0.0008878633507293529,102.62493153115491,35-20-20-10-15-v4-full,0.33282046685209354,0.6939094741848598,-0.06928002679349453,105.33483101892041
2022-08-23,-0.29244305938771864,-0.5928291631006942,-0.0008848590074590163,102.40051781096732,35-20-20-10-15-v4-full,0.36897533533128213,0.6286417390784839,-0.061864825182190615,105.21884012220032
2022-08-24,-0.2971038576439,-0.45381585396006374,-0.0008818849555342364,102.940265688763,35-20-20-10-15-v4-full,0.28298734895395483,0.7209960842303472,-0.08845869166058253,105.22081488429114
2022-08-25,-0.28912241017839035,-0.4033831934367097,-0.0008789406893631118,103.16993875765114,35-20-20-10-15-v4-full,0.22488684406336024,0.734099241684491,-0.10832915188934394,105.02019959641873
2022-08-26,-0.3064434404853966,-0.5261543757364874,0.07102088681523502,102.797979991139,35-20-20-10-15-v4-full,0.41869232228564335,0.7470538791259421,0.043509545902029476,106.12993406444097
2022-08-29,-0.3086839817608485,-0.5839858563689708,1.1089168169492132,105.15355199947993,35-20-20-10-15-v4-full,0.4436550592978383,0.711439668598872,1.081294193333027,108.66930842045286
2022-08-30,-0.2937534771065081,-0.589630945916954,1.5207061581145174,106.21270176049146,35-20-20-10-15-v4-full,0.4535559730303067,0.7057071733533482,1.474242253127446,109.66340178702046
2022-08-31,-0.2886440307340779,-0.6314426802246641,0.6599516999589774,103.91145174017527,35-20-20-10-15-v4-full,0.432493811754802,0.6523484847038211,0.597238140749254,107.1837391870126
2022-09-01,-0.7048698742584066,-0.7177741768624428,0.5969930398717359,101.95193865107089,35-20-20-10-15-v4-full,-0.0187464735985019,0.557046895858399,0.5192570764106385,105.02823917204782
2022-09-02,-0.6985546273371196,-0.7272522252983694,0.5703616549623342,101.86955135927819,35-20-20-10-15-v4-full,-0.018729680837026974,0.5468189131176565,0.48325524802449094,104.89738144478463
2022-09-05,-0.693745522607682,-0.8214520604443507,0.5420159102617133,101.43871952349575,35-20-20-10-15-v4-full,,,,
2022-09-06,-0.7118604939553704,-0.7087450069395068,0.48298992022990256,101.67858036271868,35-20-20-10-15-v4-full,0.0525506405516718,0.6129584405096963,0.4267480717191805,105.27015273844997
2022-09-07,-0.7167477722202588,-0.38563752336243795,0.5112338304083505,103.02451459854596,35-20-20-10-15-v4-full,-0.08981122463737978,0.8659850998375916,0.3904816986622719,105.6933269149576
2022-09-08,-0.6931873486787149,-0.3967485051515346,0.5294865793171032,103.10816402605687,35-20-20-10-15-v4-full,-0.1263088479229505,0.8236407602684569,0.3739806215825524,105.35495518248226
2022-09-09,-0.6997830293288863,-0.4933079487171461,0.518855310887569,102.67226319844498,35-20-20-10-15-v4-full,-0.17973538592747096,0.701541596329585,0.333045320884633,104.57722739196615
2022-09-12,-0.6978576540063283,-0.43292273714603946,0.4639070836490711,102.78317229026212,35-20-20-10-15-v4-full,-0.10974509230611362,0.7943947121053604,0.30274350142630796,105.11785133409819
2022-09-13,-0.6882693627954953,-0.6129370286660278,0.282819719065345,101.64395573196077,35-20-20-10-15-v4-full,0.10116672752054001,0.7217548576956359,0.21592462503096965,105.34843609486424
2022-09-14,-0.6397860951935549,-0.6123539270974002,0.2741365870117511,101.79427174470808,35-20-20-10-15-v4-full,0.08203643620111878,0.6896650578382136,0.17280579955867328,105.04532381213583
2022-09-15,-0.5383070094317746,-0.578556935986671,0.06138954726656203,101.75276890995426,35-20-20-10-15-v4-full,0.1900743600909819,0.7284158389813672,-0.037144702194907696,105.05358341593902
2022-09-16,-0.4851903094062985,-0.7103410151636707,0.030546274784090017,101.33443286212925,35-20-20-10-15-v4-full,0.24292380907935712,0.5994722579717267,-0.06715124824307782,104.64776579823933
2022-09-19,-0.4479808727362327,-0.6042883870782964,0.006865564510157329,101.82967462713114,35-20-20-10-15-v4-full,0.2432023073981574,0.6909775393660612,-0.10573161418857072,104.91831075306874
2022-09-20,-0.44791605301263343,,-0.052731639119907726,,incompleta-v4,0.3252849872896037,0.7691818243081024,-0.12404833794319026,105.47262546307043
2022-09-21,-0.4060656559277449,,-0.11344634389203771,,incompleta-v4,0.4145201365754196,0.6063167192168593,-0.159897043524174,105.04386630125335
2022-09-22,-0.3768662478480138,-0.7935388457623904,-0.1131078771552124,101.02164037534011,35-20-20-10-15-v4-full,0.40174985667189117,0.5413249765282886,-0.17699695711381713,104.6964535668626
2022-09-23,-0.3710100749700232,-0.9151174266131782,-1.98908123197334,95.86588926996461,35-20-20-10-15-v4-full,0.5542865673447721,0.490967898372057,-1.9553148022763822,100.58310912868635
2022-09-26,-0.4000581736067109,-0.8287329480901464,-2.6557213305865024,94.44315859229542,35-20-20-10-15-v4-full,0.6423239843413963,0.6384378986590475,-2.4967992254547964,100.12740903137646
2022-09-27,-0.39887440641060984,-0.9322300836681807,-2.696706181665684,93.93085110747168,35-20-20-10-15-v4-full,0.6442547525171879,0.5379644542868405,-2.472388032322473,99.79330092533371
2022-09-28,-0.403962312633444,-0.8106844426399138,-2.4519687344636165,95.01106961781,35-20-20-10-15-v4-full,0.495249855484051,0.5873251229534924,-2.3082274691986386,99.87962786819392
2022-09-29,-0.39342308360006695,-0.7773533359508054,-2.3922485421918522,95.33058182686267,35-20-20-10-15-v4-full,0.5832499743976822,0.6626875909210626,-2.1359291113641574,100.91982405084812
2022-09-30,-0.352836252103223,-0.6670510528162414,-2.3373281125320386,96.05114594378941,35-20-20-10-15-v4-full,0.6003107175738769,0.7610298662537707,-2.0623065788550035,101.55696208456853
2022-10-03,-0.784245543910593,-0.7044327590685552,-2.2951657974534867,94.49709238515074,35-20-20-10-15-v4-full,0.07880639025613634,0.6775508153981967,-2.0830954159672688,99.34580864275347
2022-10-04,-0.7350029497890526,-0.5729178444042996,-2.2370789023308117,95.34071836103983,35-20-20-10-15-v4-full,0.07192249731765643,0.7771606773671834,-2.0662421650606357,99.76228759261132
2022-10-05,-0.7327582296298722,-0.5720786229751056,-2.1852100147096647,95.48160398636661,35-20-20-10-15-v4-full,0.04385123101339494,0.7609316126493344,-2.028238018487033,99.69413226810902
2022-10-06,-0.7713950485939897,-0.6174902565502979,-2.189977562926385,95.15280971514963,35-20-20-10-15-v4-full,0.10092460538073711,0.7641632231248469,-1.8983388466934645,100.23156344978068
2022-10-11,-0.7591878254461459,-0.5334709750292741,-2.932318126067622,93.67576071439808,35-20-20-10-15-v4-full,0.25751516594223167,0.9173538011625277,-2.412167360815702,100.10782143859105
2022-10-12,-0.7100153381781421,-0.5334361435913025,-2.8161489807516715,94.13842660887786,35-20-20-10-15-v4-full,0.2936414871011137,0.9067440759566808,-2.258488935768732,100.57602072444116
2022-10-13,-0.6423906391618041,-0.6252506118536446,-2.716461104344,94.25707487340486,35-20-20-10-15-v4-full,0.2756168449436476,0.7689619812769205,-2.2490596850713,99.98537922491458
2022-10-14,-0.6388904204986454,-0.5656761729781936,-2.6609029011452994,94.64651890222447,35-20-20-10-15-v4-full,0.27568386861827876,0.8242815004146344,-2.1619228976114964,100.42473385297615
2022-10-17,-0.6575002105821138,-0.6673544964507275,-2.6167733166360314,94.28499530431536,35-20-20-10-15-v4-full,0.22104268329857857,0.701859387650125,-2.147635978353569,99.77951855144399
2022-10-18,-0.6711193665254727,-0.6396956077345783,-2.5090154903280824,94.61735837914807,35-20-20-10-15-v4-full,0.16075239171358802,0.7038739672149807,-2.093783143645581,99.71119293592591
2022-10-19,-0.6741625117547141,-0.6768334430321435,-2.445218948329587,94.6176473846517,35-20-20-10-15-v4-full,0.1660933919768799,0.6684809740902532,-1.991626745310728,99.84370546018565
2022-10-20,-0.6682502528559614,-0.7367052973550687,-2.4060872774283366,94.49668205075876,35-20-20-10-15-v4-full,0.1311877104172624,0.5849458391972029,-2.0045075111394715,99.35519312058292
2022-10-21,-0.676960810718795,-0.7450052997688056,-2.385786628498003,94.48374671090974,35-20-20-10-15-v4-full,0.10511437102161147,0.5649883987894476,-1.995262483580924,99.2072192399635
2022-10-24,-0.6236620032497028,-0.7882668505039888,-2.324155512833473,94.65132412327215,35-20-20-10-15-v4-full,0.1663929931702809,0.5216441108018076,-1.9062291101686952,99.47090069906385
2022-10-25,-0.6363609714404538,-0.5507020296544496,-1.2873418656712379,98.14917113590826,35-20-20-10-15-v4-full,0.08273605791196659,0.7160847163085124,-0.988065478699489,102.25127292635959
2022-10-26,-0.6333392667354654,-0.4774817498045755,-0.6188620460358156,100.12382777086378,35-20-20-10-15-v4-full,0.025674580118270507,0.7476633716190676,-0.42399754087139624,103.5880422198941
2022-10-27,-0.609132400169653,-0.5196498463062376,-0.35710210968207917,100.69427925872182,35-20-20-10-15-v4-full,0.05399311057287148,0.6998303330646645,-0.15361456750959132,104.17178235567211
2022-10-28,-0.6027112294544537,-0.5490152483115567,-0.38065217736068296,100.54041657900723,35-20-20-10-15-v4-full,-0.022511921951612113,0.6106804064305424,-0.32341080767675856,103.12292443488201
2022-10-31,-0.6057187310262031,-0.5664103211657409,-0.3942539032962446,100.42630571725046,35-20-20-10-15-v4-full,-0.020842188539666684,0.5876560801897531,-0.3240583190152319,103.03505241851448
2022-11-01,-1.0575348622110283,-0.34993178383328283,-0.3978726187268309,99.70181661885694,35-20-20-10-15-v4-full,-0.48268054475124644,0.788154428291682,-0.33255575191887954,102.19936798192255
2022-11-02,-1.0361875801511824,-0.39021943249166363,-0.5926527558992987,99.1284311685017,35-20-20-10-15-v4-full,-0.45589279091735246,0.7341361924093406,-0.519140368678311,101.61059063491322
2022-11-03,-0.9997776168787393,-0.4434302322784618,-0.5974240909820144,99.03109450310127,35-20-20-10-15-v4-full,-0.44314975021716685,0.6422508467339985,-0.5692522881951009,101.16237009587053
2022-11-04,-0.976082416536942,-0.5251177224621262,-0.5854878834933902,98.81711826228447,35-20-20-10-15-v4-full,-0.4508034473260921,0.5093829808890866,-0.6169644111820844,100.48483038514219
2022-11-07,-1.0146793491239132,-0.4686124281362001,-0.5744233150114679,98.93571159673859,35-20-20-10-15-v4-full,-0.4913297224673331,0.5331261695531264,-0.615240393734772,100.44227122042228
2022-11-08,-0.985017845759034,-0.46990861802685135,0.8371383677565849,102.5632463058732,35-20-20-10-15-v4-full,-0.40068034836932065,0.5646459422562072,0.8858396107128113,104.63832313169661
2022-11-09,-0.962015925520892,-0.48121466797198664,0.16089219092786539,100.90791338485434,35-20-20-10-15-v4-full,-0.34890056753349996,0.5639372106074705,0.2534732609764333,103.2358015636861
2022-11-10,-0.9034793802840145,-0.5518016420588716,0.1604851009539364,100.82942567190105,35-20-20-10-15-v4-full,-0.40197400347306733,0.34488708634118814,0.017462202196999038,101.5838163938839
2022-11-11,-0.8763825694780376,-0.6758232508960087,0.4152171476475903,101.06500819110757,35-20-20-10-15-v4-full,-0.4109517987317352,0.1485877899523952,0.1718161712573799,101.15308184757433
2022-11-14,-0.8791328463096146,-0.42616159311352364,0.42279680354626875,102.07297799307368,35-20-20-10-15-v4-full,-0.35493640980632124,0.4455538973054185,0.28116809756751926,102.81037995400072
2022-11-15,-0.7934591764670851,-0.662383637451318,0.41625500126502557,101.41159315446825,35-20-20-10-15-v4-full,-0.2281232407326672,0.2373738324579685,0.34111184514058757,102.57136515530138
2022-11-16,-0.7685111028179893,-0.5424981293834235,0.31941340231561455,101.73634944713812,35-20-20-10-15-v4-full,-0.2185910587716291,0.3094788047016874,0.19548730672741743,102.52908633510697
2022-11-17,-0.7599657315508797,-0.6903298381920501,0.33501704447006686,101.21394051672463,35-20-20-10-15-v4-full,-0.21450904087205247,0.136024231385384,0.186289938105369,101.82656168293515
2022-11-18,-0.7152965389663792,,0.3408276734960707,,incompleta-v4,-0.20020907506035202,-0.12134929398349692,0.10673252737468292,100.64822393497387
2022-11-21,,,,,incompleta-v4,,,,
2022-11-22,-0.705811427503708,-1.0187189365048577,0.32527234370666397,100.06556243573,35-20-20-10-15-v4-full,-0.2663395083768153,-0.4147052094789043,-0.09175239326601559,98.74713145478286
2022-11-23,-0.7216833588818379,-0.8686668584900108,0.32441856931121815,100.60808455197731,35-20-20-10-15-v4-full,-0.3100449137808924,-0.3441407475530076,-0.1789171399154671,98.65850851694856
2022-11-24,-0.6821329022920635,-0.4780603544540817,0.3270785718267026,102.31558717247395,35-20-20-10-15-v4-full,,,,
2022-11-25,-0.6881457366179589,-0.5364653365408751,0.3279870661266439,102.063193559736,35-20-20-10-15-v4-full,-0.2586354254178886,-0.0206526458751376,-0.1562158740392478,100.18914729762109
2022-11-28,-0.7121708430999136,-0.41531322384418967,0.32184347043258993,102.44835514860077,35-20-20-10-15-v4-full,-0.2099122012664426,0.2054067880483752,0.007543997731845997,101.67331599727294
2022-11-29,-0.7398717674508136,-0.48169614046196463,0.3210161095994017,102.08380184481855,35-20-20-10-15-v4-full,-0.24432709835091698,0.09260946856302787,-0.023312170940096244,101.02453415785604
2022-11-30,-0.7087693283891237,-0.6847583977418825,0.318903673425644,101.3751302619804,35-20-20-10-15-v4-full,-0.2531605733911543,-0.18851946679635168,-0.14469626827767068,99.56564101043375
2022-12-01,-1.105651915263723,-0.45422056530882104,0.7251422755862519,101.92378904305306,35-20-20-10-15-v4-full,-0.6585014042847672,-0.0132757958770377,0.18672103977415044,99.67646605611291
2022-12-02,-1.0667351979175193,-0.5547432820377389,0.7350906779226453,101.6827776926901,35-20-20-10-15-v4-full,-0.618831169666085,-0.148222128779749,0.12083163675765951,99.11080303812624
2022-12-05,-1.0435777039029015,-0.6388841793938107,0.05135019459395737,99.71791412399524,35-20-20-10-15-v4-full,-0.5225296891972535,-0.1018643734191853,-0.3823763443252367,98.37526928850215
2022-12-06,-0.9512032923194015,-0.4944192596851168,0.17177338658561248,100.9201422233514,35-20-20-10-15-v4-full,-0.3740760131434998,0.14187834773933017,-0.11987346691884693,100.52608523284033
2022-12-07,-0.9317395628094551,-0.5448450428962354,0.16559536900859811,100.7711170998492,35-20-20-10-15-v4-full,-0.33237247395325,0.1263234362217498,-0.07594472501730906,100.71964982868973
2022-12-08,,,,,incompleta-v4,,,,
2022-12-09,,,,,incompleta-v4,,,,
2022-12-12,-0.981038285516481,-0.5519127637615702,0.25160934280434943,100.78533562140267,35-20-20-10-15-v4-full,-0.31339499778029756,0.260391186582251,0.22692029013160472,102.07950453460936
2022-12-13,-0.9805221217714619,-0.5073378498312915,-0.37641261035876167,99.39538696732356,35-20-20-10-15-v4-full,-0.37794817325495034,0.13867007513336282,-0.6290754318507861,99.22669466969654
2022-12-14,-0.9520054637088671,-0.6697956130470186,-0.3818419844230204,98.83179078251909,35-20-20-10-15-v4-full,-0.37836710966123366,-0.12252830669093717,-0.7503508451060846,97.8772463318391
2022-12-15,-0.9671963580231285,-0.7299450216216907,-0.405043927301685,98.48002016092383,35-20-20-10-15-v4-full,-0.3403768370045709,-0.07381658592368456,-0.6067911125138552,98.56395850068701
2022-12-16,-0.9548965332624069,-0.7101460693760272,-0.3932771771036248,98.63168223206415,35-20-20-10-15-v4-full,-0.3268998004370648,-0.06953476250962287,-0.6051874411439209,98.63226460075435
2022-12-19,-0.905717427632515,-0.562250207953876,-0.29003581442185705,99.6534959541618,35-20-20-10-15-v4-full,-0.28177405133475697,0.061000859481396774,-0.5115805755491989,99.54636437456331
2022-12-20,-0.9212225044934986,-0.35780412271459866,-0.2994036087362383,100.39359304031952,35-20-20-10-15-v4-full,-0.31397319311355565,0.1968761873633343,-0.592417032631222,99.77507754716021
2022-12-21,-0.9295068742184431,0.12568765525047151,-0.30408893402532966,102.28685154491976,35-20-20-10-15-v4-full,-0.3465529718990298,0.5727236797051419,-0.7017246809724595,100.89116916992519
2022-12-22,-0.9351315421012997,0.24116950055987307,-0.30989013503355006,102.71458958604681,35-20-20-10-15-v4-full,-0.30573437118635494,0.8063450584222595,-0.5343347421066557,102.38699463445253
2022-12-23,-0.852565221815777,-0.4275886247623264,-0.3091538584631673,100.3303798971833,35-20-20-10-15-v4-full,-0.24579704297743776,0.052987443580088556,-0.6163087310275013,99.37840985151294
2022-12-26,-0.872227308708755,-0.14120082392915373,-0.3084228074193837,101.40894142400003,35-20-20-10-15-v4-full,,,,
2022-12-27,-0.7591624369840442,-0.22738923769782812,-0.3292583139760971,101.40782605357003,35-20-20-10-15-v4-full,-0.13203687408260578,0.292570937471232,-0.5620777761474866,100.87048180540947
2022-12-28,-0.69192022461334,-0.6024728400143604,-0.2874094033809127,100.24746166408933,35-20-20-10-15-v4-full,-0.04887166855549885,-0.060752790750658314,-0.47395032596888687,99.96858373731328
2022-12-29,-0.7986897610612527,-0.4028645375750443,-0.32842805123749247,100.56965487663746,35-20-20-10-15-v4-full,-0.17383466487360455,0.0722946358148065,-0.5656893355405627,99.83405543253258
2022-12-30,-0.7708469659588973,-0.5482944944480935,-0.30886725522954256,100.13428682202338,35-20-20-10-15-v4-full,-0.1374465918635972,-0.06636182679391073,-0.5205005036344151,99.5197599173981
2023-01-02,-1.2263593100432781,-0.47698091290767863,-0.31111412009262396,98.819630781732,35-20-20-10-15-v4-full,,,,
2023-01-03,-1.2326153594163838,-0.225775021298145,-1.202486092213267,97.57412824506267,35-20-20-10-15-v4-full,-0.5822024656067757,0.3367271440623586,-1.2982429109724354,97.631114224377
2023-01-04,-1.1660130160505362,-0.13890309044363272,-0.6894789536066375,99.43724201677774,35-20-20-10-15-v4-full,-0.5252192043804039,0.3394858647847041,-0.8461589474355806,98.97180043040083
2023-01-05,-1.174387814854889,-0.15400051791843977,-0.6873549593454005,99.35285049671637,35-20-20-10-15-v4-full,-0.5180671565075173,0.3474716782916652,-0.799606394174047,99.1451572351376
2023-01-06,-1.1906856295881107,-0.22051629158773076,-0.6837235204491895,99.03882364771347,35-20-20-10-15-v4-full,-0.5517024313401155,0.16080275131027968,-0.8828254174850201,98.07271050702055
2023-01-09,-1.2232581071694675,-0.028827877203020928,0.07860971818883501,101.59740673031261,35-20-20-10-15-v4-full,-0.5582661525341228,0.4042040357534845,-0.056763595794803404,101.08849717483987
2023-01-10,-1.2653249651685075,0.17434741426896974,0.6331587826821964,103.64924655443734,35-20-20-10-15-v4-full,-0.6131278211959834,0.4740308596928142,0.38101217533218934,102.27022805809817
2023-01-11,-1.208496330111581,0.19757538652260798,0.6944253182310901,104.09422500502338,35-20-20-10-15-v4-full,-0.5347023458825478,0.5221331943245566,0.47110907880593433,102.96236881890653
2023-01-12,-1.0682130818956828,0.5316062644571588,0.7372490591048142,106.02839923770154,35-20-20-10-15-v4-full,-0.40929186322812894,0.6298449169421194,0.32459650548787855,103.4658709653721
2023-01-13,-1.0321852348421419,0.40594505429641264,0.728785563959697,105.63069312388315,35-20-20-10-15-v4-full,-0.3657638620661037,0.43542903268922345,0.26763935807395606,102.6981625638928
2023-01-16,-0.9817692074710102,0.30809072405582105,0.7265217529806183,105.41007237127204,35-20-20-10-15-v4-full,,,,
2023-01-17,-0.9553431837116731,0.2095783646495784,0.7242789333988906,105.10290696785043,35-20-20-10-15-v4-full,-0.26864812444235797,0.30860409613600964,0.33683937949096576,102.70376795290558
2023-01-18,-0.9555652901619233,-0.2560196997737064,-3.7442529208916997,92.06840770185494,35-20-20-10-15-v4-full,-0.25108713557546447,-0.08708442078387368,-3.967589888325536,90.42140417671891
2023-01-19,-0.9637226822612798,-0.6393500399655863,-3.6343216698656633,90.78136359630477,35-20-20-10-15-v4-full,-0.2513109660640085,-0.45674114775182384,-3.767387600202461,89.4424995824449
2023-01-20,-0.890774731205157,0.019713148900563665,-3.53453934040461,93.92239000411843,35-20-20-10-15-v4-full,-0.17783004387092838,0.12290358967397977,-3.6266366802862424,92.37013905961444
2023-01-23,-0.8455954285579829,-0.0629254931595753,-3.4436664427120096,93.97714523937448,35-20-20-10-15-v4-full,-0.13124035771430687,0.03658115340997392,-3.4592671166591087,92.60633712517442
2023-01-24,-0.8254893857821518,0.08035647206624733,-3.356433137515524,94.8387275129844,35-20-20-10-15-v4-full,-0.11234743399485003,0.12580091493041493,-3.318261824325975,93.38185463510712
2023-01-25,-0.8275547299577062,0.2584950494047473,-3.2792658727705284,95.73697127958644,35-20-20-10-15-v4-full,-0.11518796629752637,0.29768049731736257,-3.16807791791632,94.43489086761969
2023-01-26,-0.8303881927411472,0.0604390753550057,-3.2032806274922367,95.12479337684117,35-20-20-10-15-v4-full,-0.1171687481184337,0.08220350756499784,-3.0269275104947266,93.91892619079104
2023-01-27,-0.7905718356483118,0.13651677237512128,-3.259789227416282,95.42718991493643,35-20-20-10-15-v4-full,-0.07453520456279039,0.156719013003499,-3.0128678014965042,94.40135488748534
2023-01-30,-0.754157661594367,0.05400618867265147,-3.3568742991416256,94.981884510002,35-20-20-10-15-v4-full,-0.02695616079320995,0.21234165374893724,-3.0294788748792887,94.74884442020367
2023-01-31,-0.7828860912799055,0.09206038494268964,-2.8394231286682228,96.32717971736628,35-20-20-10-15-v4-full,-0.05948617572495474,0.21323362260212142,-2.469600016748172,96.03825438868309
2023-02-01,-1.1548549695697292,0.16878790575577307,-2.7743709372534044,95.49482920514129,35-20-20-10-15-v4-full,-0.44607209199163267,0.1731629161761652,-2.354964608334658,94.81150937707967
2023-02-02,-1.128859485138853,0.2757490450110394,-2.7122574785265674,96.1689416044875,35-20-20-10-15-v4-full,-0.4035925326780624,0.3481937395669363,-2.2446107901803725,95.93619567362597
2023-02-03,-1.1123853933210888,0.11435835028181332,-2.9344370030653497,95.02558933558582,35-20-20-10-15-v4-full,-0.38032240935859685,0.15372383628585687,-2.4128362973425235,94.8191977242144
2023-02-06,-1.1058502981008733,0.1180862260876776,-2.876056136264406,95.2093258390824,35-20-20-10-15-v4-full,-0.3631279400573857,0.2495639339604389,-2.323726728064929,95.48551268066096
2023-02-07,-1.1435496176389854,-0.02504714339317747,-2.8319501001292076,94.61510983311358,35-20-20-10-15-v4-full,-0.3981253693760036,0.044733917983442964,-2.2276053249177536,94.78400512200575
2023-02-08,-1.1263335691577703,-0.04976036823423645,-2.7797991718283224,94.7068904241858,35-20-20-10-15-v4-full,-0.36778937193898253,0.10252868829623614,-2.157727399499893,95.29605500783114
2023-02-09,-1.108572136792854,-0.01588615818845973,-2.734788411833506,95.01707917763316,35-20-20-10-15-v4-full,-0.33861688195043693,0.22436988455110563,-2.107902364459206,96.01008609541225
2023-02-10,-1.1447473539663973,0.006910645976171664,-2.6829633930237184,95.11121568120875,35-20-20-10-15-v4-full,-0.36975064244257305,0.2283982108311449,-2.0263272758393405,96.1211689603596
2023-02-13,-1.1128710272343167,-0.1504701367176824,-2.6364511710554446,94.7095402489163,35-20-20-10-15-v4-full,-0.3413396255441513,0.05498814062684071,-1.9505072068954141,95.71651741104668
2023-02-14,-1.1332301248416723,-0.12873812174031463,-2.584490821542656,94.855112340982,35-20-20-10-15-v4-full,-0.35815399176637663,-0.040805242353649684,-1.8299732429944662,95.57582850709929
2023-02-15,-1.1357720678724803,-0.15406131709032456,-0.10195140454015222,100.95127130148039,35-20-20-10-15-v4-full,-0.353450783413922,-0.11521280431033953,0.6588627785386758,101.51674954233899
2023-02-16,-1.1170675530631409,-0.21631535159370852,-0.09773356357078129,100.77826556772297,35-20-20-10-15-v4-full,-0.3262911248996051,-0.013016560453320836,0.5981699103815312,101.8688611521743
2023-02-17,-1.1154248527486241,-0.3240841050534551,-0.3043015654613364,99.8365200002584,35-20-20-10-15-v4-full,-0.32027249219144704,-0.1290587893594055,0.39008345093202695,100.90554130240476
2023-02-20,,,,,incompleta-v4,,,,
2023-02-21,,,,,incompleta-v4,,,,
2023-02-22,-1.085162925824768,-0.18503506905153633,-0.32241718902106586,100.45334382960026,35-20-20-10-15-v4-full,-0.28358545682510017,0.19500855896722769,0.30558046038519804,102.11895784312644
2023-02-23,-1.0825597085749046,0.02692998107851903,-0.3263877122038249,101.3003889825381,35-20-20-10-15-v4-full,-0.2796334999359126,0.3113738319850227,0.329188203815458,102.65727014288542
2023-02-24,-1.0793980830334045,-0.12849869946589415,-0.29169319808259414,100.77647623505877,35-20-20-10-15-v4-full,-0.2748950075564318,0.199566403397331,0.345793117862457,102.26813743698033
2023-02-27,-1.0956471270894093,0.08248693693284966,-0.2912940338128139,101.56454503713218,35-20-20-10-15-v4-full,-0.2876682673533427,0.34734097645822354,0.36119522640025786,102.85303459127921
2023-02-28,-1.059252561961713,0.03973688938861339,-0.13847367194458013,101.90297672957276,35-20-20-10-15-v4-full,-0.2482600311520743,0.2790289286876342,0.5146227854740116,103.10128412458567
2023-03-01,-1.4727609237513288,0.030518039360002115,0.18298688721092737,101.22247346108342,35-20-20-10-15-v4-full,-0.6656344274903144,0.25746463034071204,0.8299048458376962,102.34242169492336
2023-03-02,-1.427986753538276,-0.010484796482656773,-0.07459899471064566,100.57120700865454,35-20-20-10-15-v4-full,-0.6132774904152958,0.1306011741712309,0.5892286905618255,101.41652676181833
2023-03-03,-1.3484509231066415,-0.09648998646444504,-0.08956287909140967,100.4681519442862,35-20-20-10-15-v4-full,-0.5226821708567834,-0.0481304679773826,0.5911194494593581,101.0234107089225
2023-03-06,-1.4209478189667286,0.006459706291181713,-0.09175428726040058,100.62073305937592,35-20-20-10-15-v4-full,-0.5831034539439638,0.06757039754214918,0.5766852044832798,101.2386540677553
2023-03-07,-1.3133532835991428,-0.08871166286153748,0.13119965530263833,101.17401331295919,35-20-20-10-15-v4-full,-0.47321711233839137,0.06319985385955978,0.7677216568854689,102.08336521964992
2023-03-08,-1.2315825182443128,-0.11973764998188757,0.12280592260392767,101.31512271147292,35-20-20-10-15-v4-full,-0.38419640859152615,-0.008039957558930944,0.7603114688555814,102.09145296701527
2023-03-09,-1.1708920666234706,-0.23204341221323896,0.1493458878851407,101.1446661564235,35-20-20-10-15-v4-full,-0.33814607879068137,0.1953536687642268,0.7076919759943407,102.93465489445775
2023-03-10,-1.0983550706806777,-0.2809659163640706,-0.3389333669306841,99.98215748858038,35-20-20-10-15-v4-full,-0.27407884177774644,0.34170366501228194,0.17167715398611516,102.40425315397468
2023-03-13,-1.094555252399978,-0.41564109747512035,-0.6648052482715949,98.64207642476636,35-20-20-10-15-v4-full,-0.27502632331146337,0.3523079171132584,-0.1902204607465704,101.53860994017886
2023-03-14,-1.0641553104307002,-0.3914311110243805,-0.6380103197506087,98.91230348876425,35-20-20-10-15-v4-full,-0.23000781707456985,0.13845403410459772,-0.10409678184749038,101.05606837722105
2023-03-15,-1.0628166619861945,-0.4566275114963114,-0.9788139506953304,97.8041940790705,35-20-20-10-15-v4-full,-0.24128289198234198,0.2809704474219966,-0.49466238816139146,100.61025725252868
2023-03-16,-0.9898989070254093,-0.32627568833928355,-0.979822362845232,98.5782924836866,35-20-20-10-15-v4-full,-0.15089001320950213,0.14163079564316416,-0.42650396024648585,100.53966979090556
2023-03-17,-0.9658549892341511,-0.38639724093769345,-1.0083147487127064,98.35072902089368,35-20-20-10-15-v4-full,-0.14030953917031175,0.29978794630251226,-0.5072275984954789,101.00752095705764
2023-03-20,-0.9537534758223589,-0.3249550549539698,-0.9549519075145598,98.77226016476521,35-20-20-10-15-v4-full,-0.11578689609493564,0.24249603122279295,-0.42268427311910695,101.0755408609435
2023-03-21,-0.9501567249475767,-0.21107862722040321,-0.8830383323105966,99.42013844177113,35-20-20-10-15-v4-full,-0.09881896199134799,0.11559911090283637,-0.2890092053969582,100.96152861833161
2023-03-22,-0.95341177792717,-0.3269822593038859,-0.8982704680307119,98.90705088870833,35-20-20-10-15-v4-full,-0.10798595655715137,0.0765628131844106,-0.3216512860013937,100.6916937449665
2023-03-23,-1.0295252556082155,-0.43644819177797534,-0.9034743787132987,98.18978021022184,35-20-20-10-15-v4-full,-0.18935180751839042,-0.002813482821708735,-0.33272395206710237,100.06172641741342
2023-03-24,,,,,incompleta-v4,,,,
2023-03-27,-1.0878162580528807,-0.16181612592101988,-0.9280658355979525,99.02281132288171,35-20-20-10-15-v4-full,-0.23360952574347005,0.10088151801863834,-0.3104918268219995,100.37718472009979
2023-03-28,-0.9450150397131374,-0.3090713921218392,-0.925801677569678,98.93925491733822,35-20-20-10-15-v4-full,-0.08146252485593708,-0.10002357555472158,-0.2914352076075861,100.15372039694874
2023-03-29,-0.9047860356385433,-0.13063009242214468,-0.986064281742306,99.64316511996651,35-20-20-10-15-v4-full,-0.03654772322548472,0.004212804326769959,-0.3287134282751907,100.63467217051229
2023-03-30,-0.7958955316215325,-0.05510820035545232,-0.9914016581427114,100.3130260112918,35-20-20-10-15-v4-full,0.07198073158556051,0.0688252639105223,-0.32789775057234594,101.27501079494306
2023-03-31,-0.6866336982412806,-0.037268243878552404,-0.8467651997833503,101.12839339992868,35-20-20-10-15-v4-full,0.17758802278024166,0.05841033159330286,-0.17375934902847268,101.98832258871525
2023-04-03,-1.3080511341373926,-0.047025157825374614,-0.8561235511264267,98.89100884014731,35-20-20-10-15-v4-full,-0.4522050540712721,0.036805934968491855,-0.1778442219604882,99.68741705090567
2023-04-04,-1.2515499972676178,-0.04534058840259301,-0.8253262722695262,99.1724942940249,35-20-20-10-15-v4-full,-0.3897258041255136,0.0765274415664842,-0.15622723279324535,100.1190229250259
2023-04-05,-1.2962958311780515,-0.10205523829179189,-0.762825218407658,98.94527791043626,35-20-20-10-15-v4-full,-0.42955104382677645,0.026475273786280923,-0.09449269872939858,99.93376225011029
2023-04-06,,,,,incompleta-v4,,,,
2023-04-07,,,,,incompleta-v4,,,,
2023-04-10,-1.3512807966683102,-0.026232835077533115,-0.7428726542651314,99.1060015544337,35-20-20-10-15-v4-full,-0.4697486683322619,0.11074738227255197,-0.07238237359848776,100.18543481111345
2023-04-11,-1.4291875506862284,0.11842951328174811,-0.7875529677901294,99.30027652499562,35-20-20-10-15-v4-full,-0.5479088162485712,0.2700244760407941,-0.11948679015308283,100.43122162709285
2023-04-12,-1.3650351470408386,0.17720449943176356,-0.47896886327972865,100.53137014363055,35-20-20-10-15-v4-full,-0.48013684578020366,0.32920630717862176,0.18695690532117604,101.67126008696908
2023-04-13,-1.2959394992307274,0.1906698024522828,0.005199622487354114,102.03748733746572,35-20-20-10-15-v4-full,-0.39561416155981655,0.23787154509006256,0.6915698581932205,102.86328281556632
2023-04-14,-1.2356793854767034,0.22648602980924804,0.019588090028899437,102.42763381388653,35-20-20-10-15-v4-full,-0.3254188126487627,0.21667656156974613,0.7105373680375187,103.07160537728448
2023-04-17,-1.131801872555652,0.18096970488483732,0.7883060276680789,104.53093465351051,35-20-20-10-15-v4-full,-0.21084349165839267,0.16273575282255548,1.4590106731963117,105.128039028659
2023-04-18,-0.9284826022997517,0.05153364614042512,0.7926605903659725,104.73569427117324,35-20-20-10-15-v4-full,-0.0035401794927064634,0.02769068647307217,1.4431533010015074,105.27377692535396
2023-04-19,-1.1002451262525395,0.14429957567494173,0.5121852529790973,103.80440081200938,35-20-20-10-15-v4-full,-0.17483245691968685,0.09471855180027439,1.1502458090691903,104.21009668583754
2023-04-20,-0.6623126521590489,-0.4674404219725937,0.49886312792890497,102.85689916812096,35-20-20-10-15-v4-full,0.25748687613461385,-0.44617296698924513,1.1104494637522437,103.46015741307716
2023-04-21,-0.4126562380079809,-0.6335122199581779,0.49688474868208066,103.06146347759031,35-20-20-10-15-v4-full,0.5050808747392364,-0.6326214470319921,1.0983202100270322,103.55061935370932
2023-04-24,-0.17909266752114883,-0.9762889214348844,0.6842141791364269,102.97615274452326,35-20-20-10-15-v4-full,0.741069078921717,-0.9467885999089454,1.2666231940149622,103.54066691681001
2023-04-25,-0.17931480167177027,-1.1098874821206013,1.0557166503362907,103.36973721025288,35-20-20-10-15-v4-full,0.7195715129123634,-0.9146164641917227,1.602555061350787,104.43394364698572
2023-04-26,-0.2043338099364438,-0.9712560201523042,0.9663908715774948,103.61338208230272,35-20-20-10-15-v4-full,0.6861022903888226,-0.7595089926491703,1.4991129423019318,104.67862595670141
2023-04-27,-0.25745836102234965,-1.0391670599388125,0.7324563095216989,102.57096558921653,35-20-20-10-15-v4-full,0.6326453982340294,-0.9594667088646324,1.2645626306979265,103.10532019028777
2023-04-28,-0.3181444948487645,-1.071213471953301,0.7471440223319322,102.2670977547917,35-20-20-10-15-v4-full,0.5646202930146028,-1.0710147364195683,1.268379880775937,102.43058333699506
2023-05-01,,,,,incompleta-v4,,,,
2023-05-02,-1.3953463432481144,-1.2019108109039651,0.713894380028052,97.89097782383162,35-20-20-10-15-v4-full,-0.5339458393533765,-1.0232610344050554,1.2123419705891791,98.63652190629828
2023-05-03,-1.3647907480070076,-1.2913194363436107,0.5080558491882535,97.12569157831742,35-20-20-10-15-v4-full,-0.5028906995300485,-1.0585012481834075,0.9955159805942548,98.06218906557922
2023-05-04,-1.272842364199908,-1.2797687530236004,0.49341306731745627,97.4571067002453,35-20-20-10-15-v4-full,-0.4189746936236962,-0.9027259946349011,0.9694952486545566,98.91394427059623
2023-05-05,-1.2696093957032106,-1.2448014347902945,0.5827518089263763,97.83163821693927,35-20-20-10-15-v4-full,-0.3946666525200724,-1.083724450288297,1.0549257909583847,98.4886049476049
2023-05-08,-1.2819608973620888,-1.210418835153961,0.5876847232415361,97.93827064546643,35-20-20-10-15-v4-full,-0.3982151279483649,-1.0541044866627967,1.0487534268400756,98.5792342278121
2023-05-09,-1.2436030083965597,-1.2655054858029247,0.5855211093624704,97.84676761955227,35-20-20-10-15-v4-full,-0.3620366085143437,-1.0392298755291005,1.0368232041632917,98.735531933674
2023-05-10,-1.171369704417836,-1.2050663806937743,0.5897387988440642,98.35188482761839,35-20-20-10-15-v4-full,-0.2811279524380512,-1.028474875867615,1.0341650554222317,99.05508685673432
2023-05-11,-1.0937258290859848,-0.9936064545616926,0.5881634888665096,99.46553982086431,35-20-20-10-15-v4-full,-0.20189375835332013,-0.8078347342447504,1.0235944076230323,100.18854048302434
2023-05-12,-1.1374055938810492,-0.8461813600917673,0.5822267238104611,99.88751910932116,35-20-20-10-15-v4-full,-0.24518294652186923,-0.6473340532965827,1.0035448109218092,100.62890705647402
2023-05-15,-1.002382283852447,-0.6057283160094659,0.5829121668674287,101.3236264783929,35-20-20-10-15-v4-full,-0.1069974282511651,-0.39444961155549096,0.99266367185633,102.09689128972217
2023-05-16,-0.879665801141296,-0.5546262629298019,0.503878800486152,101.75995896424739,35-20-20-10-15-v4-full,0.009593774741367134,-0.27198164712396605,0.9080641611408673,102.78333358113346
2023-05-17,-0.7365622242831311,-0.6449281154630221,0.4934126603794605,101.87344872285135,35-20-20-10-15-v4-full,0.16218417102810356,-0.44250187395708807,0.8711734339303469,102.54309224277826
2023-05-18,-0.18601545509507766,-0.7994775926191037,0.9556799355808031,104.33783269438857,35-20-20-10-15-v4-full,0.719198581835748,-0.6468565668917731,1.3013346332699287,104.75062690721522
2023-05-19,-0.3398486312688809,-0.7378117882747595,0.9573510336071618,104.05025754022353,35-20-20-10-15-v4-full,0.5550181520452894,-0.5174746502975877,1.2988058631718786,104.68720114408023
2023-05-22,-0.40526790355478515,-0.7620060636255175,0.8904885685643907,103.55735682321291,35-20-20-10-15-v4-full,0.4767908440164752,-0.5030442992246058,1.225978253557333,104.28905794623495
2023-05-23,-0.3284676171580836,-0.7941505633722252,0.8847321874197648,103.68318887375297,35-20-20-10-15-v4-full,0.5434887843334361,-0.42858825963880937,1.240291740075424,104.85610861198272
2023-05-24,-0.4590135239108759,-0.9280029250619743,0.8832528966478579,102.68717052642943,35-20-20-10-15-v4-full,0.39828897794483187,-0.448186335791232,1.2691653155194256,104.34170092362292
2023-05-25,,,,,incompleta-v4,,,,
2023-05-26,,,,,incompleta-v4,,,,
2023-05-29,-0.42804464075565374,-0.9392135719963828,0.9340951204775264,102.87782458930924,35-20-20-10-15-v4-full,,,,
2023-05-30,-0.3510508324440059,-0.9412907635160435,1.1175005375839802,103.5975076950875,35-20-20-10-15-v4-full,0.5193036569245492,-0.6281665422444316,1.4319111160967668,104.45219597568249
2023-05-31,-0.24345086455722698,-0.8684254329623293,1.0203522775006781,104.02269825469783,35-20-20-10-15-v4-full,0.6167942921917479,-0.5138846308187706,1.3384453856981673,105.01687651882384
2023-06-01,-1.4229528005630567,-0.811525131258851,1.0579179909088259,100.21595696901171,35-20-20-10-15-v4-full,-0.5424851261882074,-0.6027421928623728,1.3071115003168958,100.5256335928664
2023-06-02,-1.3743815687062293,-0.8867079339543618,1.5634968599727548,101.34917224238839,35-20-20-10-15-v4-full,-0.47460144578745556,-0.7309760590786494,1.7681117400424775,101.40279160871788
2023-06-05,-1.2673334073730196,-0.872662983029673,1.6209193231344508,101.92357676865761,35-20-20-10-15-v4-full,-0.3585450675111559,-0.6922761106296506,1.8129858061978186,102.07597389186927
2023-06-06,-1.262772692652954,-0.6847388050619712,1.6051138494720865,102.65172229789275,35-20-20-10-15-v4-full,-0.33882545257767516,-0.5376716524551747,1.7564433755868234,102.62205430030687
2023-06-07,-1.201835698274048,-0.5491242315761277,1.5353449118623206,103.23303772813787,35-20-20-10-15-v4-full,-0.27393000598284845,-0.38969447543016367,1.6689733921509429,103.22242211289911
2023-06-08,-1.1431579596485715,-0.5473762900090245,1.5233502290594774,103.41541487258834,35-20-20-10-15-v4-full,-0.20982634396549693,-0.39190336690024696,1.6303846023838646,103.3414773896618
2023-06-09,-1.1192245764693989,-0.6449802783229501,1.499525489012521,103.04920391034236,35-20-20-10-15-v4-full,-0.18891468765905328,-0.4650324956868236,1.5964009299821478,103.03719249058376
2023-06-12,-1.0096625012252465,-0.5505775401202654,1.4987636010281917,103.80837740654681,35-20-20-10-15-v4-full,-0.08790853181522151,-0.29442650088649475,1.6258906750164326,104.1468623778242
2023-06-13,-1.0342546685789489,-0.5541650031927541,1.3496563164753321,103.33518675713674,35-20-20-10-15-v4-full,-0.10590392384336988,-0.31242688575033056,1.4528605580770226,103.57930167392182
2023-06-14,-0.9897164475158026,-0.5267108885302169,1.3620803992849215,103.63194719653188,35-20-20-10-15-v4-full,-0.04781358367803168,-0.3162473752799172,1.4256806394639852,103.69938610984956
2023-06-15,-0.9658385582775518,-0.49433911340459546,1.5722867292644727,104.37052273431712,35-20-20-10-15-v4-full,-0.03263745592923195,-0.24056188558877983,1.6458518390422785,104.60567251468063
2023-06-16,-0.8794293995969362,-0.48900453363420077,1.5592065006288263,104.66159253719174,35-20-20-10-15-v4-full,0.07081333658075362,-0.26321360649757586,1.5813712570941956,104.7159419499602
2023-06-19,,,,,incompleta-v4,,,,
2023-06-20,,,,,incompleta-v4,,,,
2023-06-21,-0.7139714694170773,0.03891127801332251,1.5481765877601905,107.32478375723974,35-20-20-10-15-v4-full,0.2375781987447827,0.2598265696482918,1.5423975934281553,107.29434551295267
2023-06-22,-0.7130137607034757,0.20331776745593128,0.6952627544363481,105.85347711219818,35-20-20-10-15-v4-full,0.23843837768697662,0.41438582234961796,0.6726691481277811,105.74127203680472
2023-06-23,-0.6813098444093975,0.1861538553756754,0.7526096585202712,106.03915243111624,35-20-20-10-15-v4-full,0.2571120783876506,0.4419646622829093,0.7474248465928766,106.10383459515299
2023-06-26,-0.7028766321902951,0.3841855123812967,0.749481049067476,106.74797377827359,35-20-20-10-15-v4-full,0.21929458501169496,0.6725702605641363,0.7738827174997169,106.96004043872915
2023-06-27,-0.6704042897683427,0.33513495102892643,0.4888972566634044,106.01396525033077,35-20-20-10-15-v4-full,0.25760627922252255,0.60294216529255,0.49032694908367397,106.10672956634059
2023-06-28,-0.6204561084055875,0.4607872108210604,0.43155269942204966,106.54803153116556,35-20-20-10-15-v4-full,0.3097802828684556,0.7151965716801969,0.41855141409538116,106.55891736718121
2023-06-29,-0.5538666228655107,0.536901094952906,0.44467895586839457,107.11836590819908,35-20-20-10-15-v4-full,0.37056209115506833,0.7934751887751652,0.43519309283019997,107.12637236140128
2023-06-30,-0.5485049191249134,0.6022342249110542,0.5140377826292882,107.57186145802599,35-20-20-10-15-v4-full,0.37080469118051684,0.8577942270308485,0.5046183956051963,107.55806087145056
2023-07-03,-1.8666527015960397,,0.522415961657751,,incompleta-v4,-0.9574586521257715,0.841236959318902,0.5077447068684318,102.85072587718886
2023-07-04,-1.8319017767394925,,0.5264737237586499,,incompleta-v4,,,,
2023-07-05,-1.8267877076386299,0.6616570077731667,0.5238426909622009,103.36007510050871,35-20-20-10-15-v4-full,-0.9290087818113585,0.9342022128185892,0.5329718950071851,103.38522940763494
2023-07-06,-1.8268702795581138,0.34829449210188956,-0.2714956504768293,100.11799018250784,35-20-20-10-15-v4-full,-0.9502579270594207,0.6716739848150441,-0.20419616540985758,100.41782433620993
2023-07-07,-1.9160702349628005,0.33494385774935065,-0.2752729654120892,99.74294451384313,35-20-20-10-15-v4-full,-1.0211150339023431,0.6317924436624869,-0.24228463390918042,99.91507712640117
2023-07-10,-1.7778951634277071,0.5227184934337422,-0.2881152091264899,100.94555019766752,35-20-20-10-15-v4-full,-0.8607135800741195,0.826759728389268,-0.24064310807620815,101.26045516828951
2023-07-11,-1.8068237432498004,0.6143392917761966,-0.29187400611866937,101.20138636917956,35-20-20-10-15-v4-full,-0.8750586214020399,0.9058361480234516,-0.259743282210605,101.47880276684253
2023-07-12,-1.742246707781193,0.5185494698264824,-0.30107330027017926,101.02124847014205,35-20-20-10-15-v4-full,-0.7616846680275924,0.7544932503660413,-0.348899023511262,101.04735065977181
2023-07-13,-1.6177966806523325,0.45760830862823004,-0.18681665848988058,101.4987005247508,35-20-20-10-15-v4-full,-0.6326874738103394,0.6937331928369237,-0.2307125637363732,101.55126675885295
2023-07-14,-1.59437275150745,0.1554753568152272,-0.2504098143014627,100.21316957997693,35-20-20-10-15-v4-full,-0.5947196793829039,0.38176483183819265,-0.30909840379375,100.24031599521061
2023-07-17,-1.537559732054158,0.15805093691572364,-0.24361000991035237,100.4393169794432,35-20-20-10-15-v4-full,-0.5395530980841374,0.3920090765812264,-0.288261157106253,100.52646912544716
2023-07-18,-1.4219642280503608,0.13176179950886593,-0.23964881853249753,100.7486476722737,35-20-20-10-15-v4-full,-0.41336105135887347,0.3606568430354403,-0.2910003281466841,100.83588442720136
2023-07-19,-1.3458851562469683,0.14832348844861482,-0.21355046886138931,101.14641705352234,35-20-20-10-15-v4-full,-0.3516041431307426,0.3958280715098885,-0.23024812689814714,101.34459902301896
2023-07-20,-1.2663875050948963,0.22589619686553938,0.16990965699162303,102.69359998085483,35-20-20-10-15-v4-full,-0.2797261705709666,0.4810902372030661,0.17004815007561042,102.93796128218528
2023-07-21,-1.207920132730015,0.250279426617959,0.16815727086190915,102.9913877378173,35-20-20-10-15-v4-full,-0.20527725075982795,0.490212572168292,0.1404560907952828,103.16104169318436
2023-07-24,-1.118942909341024,0.335496679821968,0.17813540264181071,103.66862236194457,35-20-20-10-15-v4-full,-0.1287869201245413,0.5854172565860896,0.17521379700254214,103.8964708535972
2023-07-25,-1.017759781897754,0.3103865389281766,0.36317097894060457,104.38491168516782,35-20-20-10-15-v4-full,-0.02664112784175665,0.5568370548374053,0.3565715105999704,104.59305460358577
2023-07-26,-0.9014532437559898,0.4076596789629557,0.42053013581305176,105.32447502098424,35-20-20-10-15-v4-full,0.11508485571825966,0.6270690000610967,0.362968362124676,105.38601545575236
2023-07-27,-0.8211463760971367,0.42017037223038056,-0.25284021472186297,103.97216595452264,35-20-20-10-15-v4-full,0.14095991431608645,0.6822650392228075,-0.20861901719143722,104.26839386920132
2023-07-28,-0.7282359597496804,0.6357186119322858,-0.25911406977319457,105.14386073291803,35-20-20-10-15-v4-full,0.2745018242023425,0.8539935708128502,-0.2931591282075668,105.21135440262306
2023-07-31,-0.7134271735707935,0.5424958333911546,-0.264195634883347,104.81009645760422,35-20-20-10-15-v4-full,0.2774788289041412,0.7692727023349538,-0.2678610998917625,104.94613551595728
2023-08-01,-2.7463174982961016,0.6062221758182825,-0.2237757362213321,98.05093543742919,35-20-20-10-15-v4-full,-1.8049061592789286,0.8409229611571134,-0.19812855486654748,98.11872045516822
2023-08-02,-2.5727611353872355,0.584498970937461,-0.21252307137757273,98.59962155019633,35-20-20-10-15-v4-full,-1.7324570229963367,0.8970952958784516,-0.00039440219400369014,99.091317152724
2023-08-03,-2.471262434765636,0.5571533045088886,0.48250263410751437,100.58304860037036,35-20-20-10-15-v4-full,-1.6291921275170296,0.8628513602383837,0.6829834119433212,101.02421307968461
2023-08-04,-2.391205728392009,0.529341547237261,0.48597481269048076,100.76068049004897,35-20-20-10-15-v4-full,-1.603169018974038,0.87909062844757,0.7912170200921623,101.45083505279393
2023-08-07,-2.292413040737388,0.6936700740041924,0.5213236645038434,101.85214113344126,35-20-20-10-15-v4-full,-1.385484775745884,0.9903016597345069,0.712596829804313,102.46102355352059
2023-08-08,-2.159448384939717,0.6950752246091062,0.5210166885158882,102.32237059118289,35-20-20-10-15-v4-full,-1.2637050762415494,0.9968143803735615,0.7340459385186919,102.96692615612793
2023-08-09,-2.0432378412206487,0.7199990527578237,0.4358794301473705,102.6159596608732,35-20-20-10-15-v4-full,-1.14507689792597,1.0172679969036618,0.6491038512246479,103.25158402811775
2023-08-10,-2.0594056189688397,0.7249103581869827,0.43630995532712147,102.58009397342055,35-20-20-10-15-v4-full,-1.1571564642001215,1.0149635724771797,0.6448992978450948,103.18957646500341
2023-08-11,-1.8437828649507653,0.762998601623849,0.5490535946811932,103.76898568461645,35-20-20-10-15-v4-full,-0.8905454402097539,1.011223806926608,0.6692912398032109,104.1687358416627
2023-08-14,-1.4000957799861806,0.33804860181107355,0.5266446664097993,103.5660681620629,35-20-20-10-15-v4-full,-0.4210276320571329,0.5844106808958701,0.6492106908222359,104.05459429362148
2023-08-15,-1.135380669444256,0.3774476768059921,0.5416411693884968,104.68765860638607,35-20-20-10-15-v4-full,-0.21763248361821652,0.6860316623138772,0.8222833190322463,105.60564280935475
2023-08-16,-1.4555518143220996,0.3570196664258487,0.557417904789516,103.52478939629559,35-20-20-10-15-v4-full,-0.5526343105180932,0.6759458119854477,0.8731102464489049,104.5198603324331
2023-08-17,-1.1002661234498479,0.4780597454808364,0.5321252528735374,105.18921800077847,35-20-20-10-15-v4-full,-0.2325122835628297,0.8356901568046227,0.9582015151577329,106.49199297782529
2023-08-18,-1.0917765936647603,0.7326551919453912,0.5409304853527025,106.25932622208241,35-20-20-10-15-v4-full,-0.19710304574782356,1.0583938630452185,0.9086525865856541,107.38286781371
2023-08-21,,,,,incompleta-v4,,,,
2023-08-22,-0.9303125997141665,0.7533867481480626,0.5394161781450135,106.90359065770095,35-20-20-10-15-v4-full,-0.023382160797333573,1.058533328624764,0.8748917175625573,107.90704660079716
2023-08-23,-0.8798786699051334,0.7921660943882587,0.539168800277986,107.23460835232578,35-20-20-10-15-v4-full,0.066686289156909,1.0558813407318464,0.7796470440810817,107.97356654036165
2023-08-24,-0.7955339360435336,0.7718456710572414,0.5451797953874499,107.46356071529097,35-20-20-10-15-v4-full,0.10569333775809686,1.0781033137212632,0.9027329679527574,108.50669391210266
2023-08-25,-0.7707467080538133,0.9277424665420586,1.8445008321887464,111.4222057871975,35-20-20-10-15-v4-full,0.19099266541563387,1.1726618367428276,2.049762851013473,112.05105035864209
2023-08-28,-0.6925301965163625,0.9930846512088569,1.8272585633512661,111.91422664415208,35-20-20-10-15-v4-full,0.288245544782744,1.2110646861012488,1.9693342870689574,112.34397542399937
2023-08-29,-0.6424208005990172,0.9966023743648094,1.825020670511479,112.09808569038712,35-20-20-10-15-v4-full,0.36297283186510076,1.186794280045035,1.901564167748309,112.33901400626114
2023-08-30,-0.62656594779206,0.8445036763067163,1.5406738872060348,110.8343159247155,35-20-20-10-15-v4-full,0.3997689552027919,1.0096276621707088,1.5593228159108472,110.9035305868521
2023-08-31,-0.624888332239646,0.8297119886800784,1.0944057880496998,109.66535058075155,35-20-20-10-15-v4-full,0.4126416268048374,0.9798195394814733,1.082676687829959,109.6377371265001
2023-09-01,-1.2002971451740199,0.7825826981553513,0.7521231028246989,106.60719586031983,35-20-20-10-15-v4-full,-0.1552843927793306,0.911146669290027,0.6960094545100733,106.40863649389001
2023-09-04,-0.9730563093975755,0.7269959031613651,0.7597436021388239,107.19924285384675,35-20-20-10-15-v4-full,,,,
2023-09-05,-0.8887703534248884,0.647928671788373,0.06355848806910415,105.4375119890849,35-20-20-10-15-v4-full,0.12735428857088116,0.8110438088816014,0.10452080673865995,105.51873881755351
2023-09-06,-0.8478672893063646,0.6604096292421262,0.039674013809662324,105.57088535766613,35-20-20-10-15-v4-full,0.15026986387398877,0.8389258950283389,0.12913932208048642,105.7720179640559
2023-09-07,-0.7771705616352593,0.6428922868014499,-0.7530096895349864,103.76654527639067,35-20-20-10-15-v4-full,0.22294494206320392,0.8170892638499138,-0.6603793531740274,103.96523752486817
2023-09-08,-0.755132625073228,0.49747352692234625,-0.8014217200920082,103.14097293844881,35-20-20-10-15-v4-full,0.26450611597057083,0.6479825449633625,-0.7547467176261327,103.1983563468675
2023-09-11,-0.6502732124378201,0.49957394122472065,-0.8626610661671982,103.36328417469427,35-20-20-10-15-v4-full,0.3741878640022167,0.6473356683071384,-0.8097385724021625,103.44217532141329
2023-09-12,-0.5329736694424823,0.5621650531599858,-0.8694865657423002,104.00713327398125,35-20-20-10-15-v4-full,0.47761138364561795,0.7257465377677995,-0.7644041324373116,104.23113721791995
2023-09-13,-0.528561253882468,0.5416232583374276,-0.8623516277286614,103.95824689418517,35-20-20-10-15-v4-full,0.5075699448452455,0.6743200226947939,-0.8203141481306693,103.99051108259324
2023-09-14,-0.5120503700465286,0.5524584509772231,-0.8555220591016893,104.07644967973756,35-20-20-10-15-v4-full,0.5459653512463958,0.6572312644690423,-0.8670304087251413,103.93974932060807
2023-09-15,-0.5013774952828486,0.5348160727295398,-0.8404275267694543,104.0809715592503,35-20-20-10-15-v4-full,0.5237228274421233,0.6774148484003937,-0.7462501620614712,104.2445854396777
2023-09-18,-0.44507712072425754,0.6305397994596901,-0.8569133943538633,104.61970310816496,35-20-20-10-15-v4-full,0.564515064650216,0.7799581699190035,-0.7321367216267162,104.83281515706736
2023-09-19,-0.42537910577449023,0.5530831053398939,-0.8206266695815483,104.46953619594073,35-20-20-10-15-v4-full,0.5806138231983397,0.7054579774438887,-0.6730267375522848,104.7389350022714
2023-09-20,-0.415175282256121,0.4687396391636407,-0.7796113947385765,104.27041390065745,35-20-20-10-15-v4-full,0.5585264845918235,0.6613161208943426,-0.511679074475305,104.88843104864287
2023-09-21,-0.37250111873071046,0.36352553862945586,-0.7856583137176762,103.9837997734119,35-20-20-10-15-v4-full,0.52818614621648,0.6491739022744418,-0.24838063203198424,105.39191709595787
2023-09-22,-0.35151300719795797,0.31467286542655887,-0.7600293003824377,103.92592000430304,35-20-20-10-15-v4-full,0.5598331184716699,0.5840486244375152,-0.24524750986170452,105.25001319292902
2023-09-25,-0.30240864459583483,0.40625601974490966,-0.6850270251004225,104.65162357888892,35-20-20-10-15-v4-full,0.6088992880686813,0.6613608533125344,-0.1900538314815175,105.8689778979691
2023-09-26,-0.2710276220721036,0.5022903509370412,-0.6337217233080786,105.27385773697135,35-20-20-10-15-v4-full,0.57358489439693,0.8306071302773634,0.11189542423428234,107.1772357672668
2023-09-27,-0.22265148128394385,0.4737682495324235,-0.6784349588909071,105.21730273515438,35-20-20-10-15-v4-full,0.6456343533689911,0.7678679303700771,-0.002007510319742889,106.8936947376548
2023-09-28,-0.1542604172580152,0.36533349101492685,-0.658520079266033,105.07271962423732,35-20-20-10-15-v4-full,0.7455113217156181,0.6204260545793159,-0.07564505198598515,106.46940276953934
2023-09-29,-0.05629069969107858,0.2754177337115885,-0.7942563550263113,104.71660991710755,35-20-20-10-15-v4-full,0.8404547284346371,0.5330233331847232,-0.17743052069650667,106.19763013570123
2023-10-02,-0.8243768083721132,0.092839569777288,-0.77395320246265,101.34875376239589,35-20-20-10-15-v4-full,0.035904226789248095,0.3488383012421705,-0.13271975733629926,102.75674016057268
2023-10-03,-0.6501620570908575,-0.008071075312283266,-0.46888054972252763,102.3175444433723,35-20-20-10-15-v4-full,0.1340470180591531,0.31912151693685853,0.471259100314576,104.49131993692329
2023-10-04,-0.3223304255392794,-0.026655423412158874,-0.4751736602294966,103.37488498513589,35-20-20-10-15-v4-full,0.5088193625859462,0.2539953162510488,0.32269779706962465,105.17111508191144
2023-10-05,0.08723563829686487,-0.016502937380848737,0.3525513296316198,106.91828862734043,35-20-20-10-15-v4-full,0.9336469132492372,0.2579624680712242,1.1469063808469906,108.73440157595708
2023-10-06,0.3860756804564547,0.049220633348876885,0.4702706636575071,108.52142139288262,35-20-20-10-15-v4-full,1.291475868527335,0.28467495051700986,1.1292271247282064,110.04945470891661
2023-10-09,0.5516909311427014,0.05748095741358056,0.6806378319271497,109.6600339872174,35-20-20-10-15-v4-full,1.3841172904144856,0.2985493059793153,1.3803278799235876,111.0569489953593
2023-10-10,0.6311508464994693,-0.06685928436708705,0.6748463080234632,109.4263039140842,35-20-20-10-15-v4-full,1.5135901111210934,0.15035775597297965,1.2861442807011942,110.6818786697511
2023-10-11,0.7082347018643815,0.004800161186176349,0.6791923311093903,109.99360024778926,35-20-20-10-15-v4-full,1.6581522258621075,0.18916361155984499,1.1580369169447287,111.02280108430095
2023-10-12,0.6275170616204266,-0.031579185148520594,0.6733967967303385,109.551082285649,35-20-20-10-15-v4-full,1.5756587981047954,0.17209828435561783,1.248680257909818,110.89242113074617
2023-10-13,,,,,incompleta-v4,,,,
2023-10-16,,,,,incompleta-v4,,,,
2023-10-17,0.6180504178185278,0.025910806874191714,0.8045914530829347,110.0758956413147,35-20-20-10-15-v4-full,1.3147549644716405,0.28075841030679277,1.5705557641189802,111.21858698235773
2023-10-18,0.5503288728937785,0.222671912744137,0.5372630318436897,109.95759360445975,35-20-20-10-15-v4-full,1.2125136672971888,0.5149513080873838,1.5063910379641814,111.63710221798253
2023-10-19,0.4219142757054757,0.13059818222348935,0.05025342250130849,107.92232356886214,35-20-20-10-15-v4-full,0.9912437344235921,0.4776848343706411,1.3429401092353326,110.30496423623585
2023-10-20,0.4378558797201806,-0.012661397576614622,0.07936783971507141,107.47786690674761,35-20-20-10-15-v4-full,0.994593502388536,0.3230185371890792,1.3842396728000297,109.80127214429865
2023-10-23,0.854747329682815,-0.5293799174493471,-1.5623737185445044,102.76575900647696,35-20-20-10-15-v4-full,1.3971711463022731,-0.23855610666931237,-0.46563141435831423,104.3393176046673
2023-10-24,0.5208401320513794,-0.04613697736221535,-2.999371777663256,99.93756042731857,35-20-20-10-15-v4-full,1.168640655636696,0.19075882084445245,-2.106141628089557,101.15544506306473
2023-10-25,0.5409617521050503,0.08143575235331582,-2.989594502233029,100.54272020494412,35-20-20-10-15-v4-full,1.1129750128567741,0.32709253144729,-1.8742285124116358,102.08573294494116
2023-10-26,0.3967129411307331,0.008175058394296414,-2.9891037793238815,99.74603339797079,35-20-20-10-15-v4-full,0.9272808429388135,0.24842807164893507,-1.7657704747561627,101.39229060517356
2023-10-27,0.34667514078132045,-0.2756977686491243,-3.0200344580199276,98.35808309183406,35-20-20-10-15-v4-full,0.8219495429769585,-0.029140919116106362,-1.6664133197773607,100.1617479796939
2023-10-30,0.3120774206257868,0.053174052974004876,-3.3369822248112513,98.76010894080389,35-20-20-10-15-v4-full,0.828440627920207,0.2559553879215781,-2.22170302463657,99.93662774299798
2023-10-31,0.3101863727964673,-0.057399110162408395,-3.2519676556849784,98.52373404367131,35-20-20-10-15-v4-full,0.9405813902441552,0.11004043625561699,-2.421110240259199,99.24694256541139
2023-11-01,-0.2981706079183437,-0.2949479110424457,-3.217297370116688,95.53096512157005,35-20-20-10-15-v4-full,0.43140033257042965,-0.15116749022598633,-2.6106076884320366,95.94623353719484
2023-11-02,-0.22910203727326428,-0.08991517712499367,-3.1645327288807827,96.72474765758739,35-20-20-10-15-v4-full,0.6054442566118116,0.034151125504381985,-2.769810469299709,96.89865478209197
2023-11-03,-0.23565593416858677,-0.07811303511041606,-3.033346184706568,97.0769839469476,35-20-20-10-15-v4-full,0.6662537632925016,0.03399909558260758,-2.761885845307248,97.13069149576845
2023-11-06,,,,,incompleta-v4,,,,
2023-11-07,-0.164344882336233,0.03489987860220459,-3.0123387220167417,97.8311429399359,35-20-20-10-15-v4-full,0.7248292068680444,0.14681292239536176,-2.7432832718552724,97.83346728916379
2023-11-08,-0.20404944407172032,0.04893349900393203,-2.9593015201160005,97.88090446022045,35-20-20-10-15-v4-full,0.7191017696065014,0.15507236287534326,-2.7375429413961734,97.86080984681607
2023-11-09,-0.078522716594847,0.059931089301673596,-2.9380171206879973,98.41744936615049,35-20-20-10-15-v4-full,0.7574402475658472,0.17312070584579725,-2.5702710287292776,98.48536767322284
2023-11-10,-0.07644908480031265,0.08876810990542058,-2.877017773721462,98.69255352726269,35-20-20-10-15-v4-full,0.8786986504963262,0.18926189200876575,-2.6764266545118662,98.70894776367491
2023-11-13,-0.005689962143294203,0.09381488214687825,-2.7481987454777235,99.28244511613742,35-20-20-10-15-v4-full,0.8648774279784129,0.19720082157716884,-2.446442546902167,99.26728947216007
2023-11-14,-0.01251451653612079,0.005876636440302063,-2.6832216188163143,99.06924900958975,35-20-20-10-15-v4-full,0.9239747762301066,0.10245826617373059,-2.4560385812474905,99.07116988356394
2023-11-15,-0.027444480150280892,0.16303178729944562,-2.604220708240281,99.84311701681685,35-20-20-10-15-v4-full,0.9054393919125987,0.2579331589521363,-2.360790971349106,99.86631463431225
2023-11-16,-0.05416770004230276,0.16755500315294344,-2.528848740165572,99.95610853079553,35-20-20-10-15-v4-full,0.8608666944790064,0.2606635502475498,-2.2531644085277005,99.99029816552985
2023-11-17,-0.010742109950793832,-0.05012717712732801,-2.5283795555239035,99.2385423365989,35-20-20-10-15-v4-full,0.9640112779027019,0.039531740979268586,-2.3120034425842535,99.31967938529827
2023-11-20,,,,,incompleta-v4,,,,
2023-11-21,0.19705942975351287,0.6826225712437215,-2.4875873918856524,102.9988271281438,35-20-20-10-15-v4-full,1.1804280823336661,0.7638180563696177,-2.3145638807216393,102.96788236702459
2023-11-22,0.3252500903120985,0.920286434220009,-1.8103194561819214,106.09131973126333,35-20-20-10-15-v4-full,1.369390313701925,0.9925156032643386,-1.6920581555387542,106.10030467734958
2023-11-23,0.36096727256446104,1.2260748822098284,-1.02263487070333,109.40869512480235,35-20-20-10-15-v4-full,,,,
2023-11-24,0.2706881500138978,1.4942587788114807,-1.0093374541034812,110.19869732378162,35-20-20-10-15-v4-full,1.3745519400731387,1.5499580166395082,-0.9329817720445215,110.24583098188509
2023-11-27,0.1506770373148555,1.20655054775298,-1.404116309271149,107.64087836718178,35-20-20-10-15-v4-full,1.1822060335889466,1.2514208317732332,-1.2801721538544633,107.51049561520047
2023-11-28,0.017313373348533667,1.5337364451033395,-2.2584636425396805,106.34698079952977,35-20-20-10-15-v4-full,1.0420132371630664,1.5663139173612821,-2.1135995050709337,106.1958247920209
2023-11-29,-0.03441747237393933,1.5628041881655887,-1.8973852172437056,107.18488987499005,35-20-20-10-15-v4-full,0.950766923871163,1.5891466442594266,-1.6982166888060257,107.00625064375409
2023-11-30,0.027386690827016946,1.5418368687192903,-1.854113664526674,107.42551405020079,35-20-20-10-15-v4-full,1.0152768176100815,1.557814836112643,-1.6480155735074982,107.23221082749949
2023-12-01,-3.2330032424262307,1.3838644581631983,-1.833321967440802,95.43423888430473,35-20-20-10-15-v4-full,-2.282838302388294,1.3846357419838475,-1.6518855604312144,94.9864165636807
2023-12-04,-3.067395704413227,1.490711942413184,-1.8299966912039365,96.44956839494235,35-20-20-10-15-v4-full,-2.020977387870719,1.490310210212171,-1.574918470298106,96.51804536273828
2023-12-05,-2.8263249721465784,1.4640753314308816,-1.8496933272919693,97.13752792372632,35-20-20-10-15-v4-full,-1.7865094282628222,1.4490754667371402,-1.610523114792675,97.08473263622938
2023-12-06,-2.9436642898324337,1.8637394266697094,-1.6579245450463596,98.80491864839517,35-20-20-10-15-v4-full,-1.9495225946907633,1.840393580139949,-1.3873559444517949,98.63737693319501
2023-12-07,-2.548332763140042,1.9024922414779863,-1.5818344102799746,100.53381558796761,35-20-20-10-15-v4-full,-1.5792861301212278,1.871713357771848,-1.28610164836716,100.31161940992757
2023-12-08,,,,,incompleta-v4,,,,
2023-12-11,-2.41961010912217,1.6468724164955306,-1.5665806411201109,100.0,35-20-20-10-15-v4-full,-1.3264406268435975,1.5889998804720993,-1.3123915532472732,100.0
2023-12-12,-2.284809919306399,1.4918974454323768,-1.5515963314535166,99.88936155426907,35-20-20-10-15-v4-full,-1.1268114389075419,1.409138887896904,-1.3617460608095082,99.85587191856983
2023-12-13,-2.636414923783869,1.987970953378245,-1.4935449421247946,100.7881665437032,35-20-20-10-15-v4-full,-1.4992982489899345,1.8973783066723242,-1.275853552579711,100.71985702895762
2023-12-14,-2.6670467632646044,2.124724374836181,-1.52842679267102,101.1407641649868,35-20-20-10-15-v4-full,-1.586084899635603,2.0317539084340233,-1.2554342675046568,101.00465437143222
2023-12-15,-2.6083649183422604,2.11154452322432,-1.721584772387242,100.81053626647702,35-20-20-10-15-v4-full,-1.5117785546691769,1.9989439121565482,-1.4592264602280582,100.6240061118963
2023-12-18,-2.649813390098572,2.549199746228388,-1.6793467937543702,102.52168245392838,35-20-20-10-15-v4-full,-1.5247619175567784,2.433589433412851,-1.362433760979079,102.55912817493736
2023-12-19,-2.526881397433904,2.0788769670975187,-1.6484491289816054,101.14789747366315,35-20-20-10-15-v4-full,-1.4175564380991512,1.951654082686453,-1.3210198466153706,101.11014073604274
2023-12-20,-2.5365395227986527,2.1268619744759096,-1.6258058712302517,101.36264220877848,35-20-20-10-15-v4-full,-1.6185390039133418,2.033480169104422,-1.1286283695307209,101.21498479407657
2023-12-21,-2.4250289882633904,2.123003853637342,-1.6129424484951258,101.76965515313543,35-20-20-10-15-v4-full,-1.5188788911893258,2.019945849593654,-1.1066447617267703,101.56461693007742
2023-12-22,-2.420449133780717,1.9399888072237874,-1.5878887041728433,101.11625881897628,35-20-20-10-15-v4-full,-1.4357994005601467,1.8080769004580621,-1.156693617926779,100.88279721023716
2023-12-25,,,,,incompleta-v4,,,,
2023-12-26,-2.3558425227578046,1.9684096653828183,-1.6038856719275796,101.41607297080576,35-20-20-10-15-v4-full,-1.2801080148861055,1.8289917922413834,-1.1643925311530892,101.49212934416381
2023-12-27,-2.324143242839483,1.9311569455180262,-1.259336462476527,102.23938259468835,35-20-20-10-15-v4-full,-1.1806750121128493,1.760878676229026,-0.8825622668648071,102.2722680505415
2023-12-28,-2.2142774170884456,1.856612506191923,-0.0642035874976835,105.31356741495968,35-20-20-10-15-v4-full,-1.0941837678349522,1.6801265494079902,0.3234709338801327,105.26706190009233
2023-12-29,-2.058272492197923,1.8568590467658221,-0.06841068138904564,105.8500530796437,35-20-20-10-15-v4-full,-0.9473312727967123,1.6708191854104917,0.32161791789334565,105.73918363676921
2024-01-01,,,,,incompleta-v4,,,,
2024-01-02,-2.1487561205573993,1.97119036064079,-0.05396293370467201,106.02680500509634,35-20-20-10-15-v4-full,-1.1172038280135554,1.8087518296068787,0.44642011878971827,106.00836577253675
2024-01-03,-2.03438652182751,1.8648777468490572,-0.05186269574456064,106.0070987403843,35-20-20-10-15-v4-full,-1.1507364716338202,1.727351316411137,0.5767337936042658,105.89118365411922
2024-01-04,-1.9808146577436663,1.6369008331701935,0.05326453510317529,105.54551068708163,35-20-20-10-15-v4-full,-1.1191403546468506,1.4943468628027619,0.6963275310741659,105.36873659281486
2024-01-05,-1.8295119459250064,1.3979532068465954,0.054992715256832844,105.12360012353669,35-20-20-10-15-v4-full,-0.8516125519298469,1.2206024732106098,0.5850205578511677,104.93183891089826
2024-01-08,-1.7425750307252077,1.2163925016739436,0.052424532942539556,104.69521605025965,35-20-20-10-15-v4-full,-0.7115707043725983,1.024538779940419,0.5450308701191987,104.53775638493795
2024-01-09,-1.7143258865657365,1.3231798831655357,-0.1951050685861029,104.60241357696256,35-20-20-10-15-v4-full,-0.6376395003463771,1.114289428924109,0.2542563062378318,104.42858178526107
2024-01-10,-1.704656337079129,1.3928453060715345,-0.1694392743481338,104.97908317738461,35-20-20-10-15-v4-full,-0.6213769003538563,1.1766972708859356,0.27365898230284014,104.78363894324472
2024-01-11,-1.7249284647110121,1.4634855583024982,-0.1570602596498139,105.22163927634267,35-20-20-10-15-v4-full,-0.6059644250008547,1.233403557886008,0.2532955491734788,105.01349917215711
2024-01-12,-1.7237235578865882,1.3154111907549126,-0.1505044722063169,104.64994844864655,35-20-20-10-15-v4-full,-0.6522969053645977,1.0921880575939134,0.30323230579208793,104.41131538126216
2024-01-15,-1.6605255620861425,1.2994446766114722,-0.10263088202415016,104.92695935282977,35-20-20-10-15-v4-full,,,,
2024-01-16,-1.5813097160114928,1.158980573014195,0.24369780787340448,105.50818012444581,35-20-20-10-15-v4-full,-0.6945009106551534,0.9778417350621084,0.8716763008697925,105.22732606031225
2024-01-17,-1.5038294739608866,1.2925716296190988,0.23174389052050087,106.2838404046603,35-20-20-10-15-v4-full,-0.7717131521498802,1.1392321533100624,0.9988778197684716,105.92064868531922
2024-01-18,-1.4827077973686187,1.3259972667246511,0.22870406868129659,106.48386926655743,35-20-20-10-15-v4-full,-0.6442459917446667,1.1435084927681203,0.8966130711574257,106.12822723304208
2024-01-19,-1.4388634434849372,1.2768754300156004,0.22741692020793167,106.4376192871307,35-20-20-10-15-v4-full,-0.47036924427424964,1.0608694461097152,0.7743593970706244,106.10060547733792
2024-01-22,-1.4283062225444898,1.5081943526111203,0.2270730256300089,107.39898551435954,35-20-20-10-15-v4-full,-0.44053583932039186,1.2807367480459486,0.7594193995764436,107.0471416086859
2024-01-23,-1.4308681920891058,1.4594363886559791,0.14909504371587073,107.00004181034747,35-20-20-10-15-v4-full,-0.34440620112762144,1.2052862564618803,0.5896019011669436,106.65724963000058
2024-01-24,-1.3972246111588298,1.4864494376989053,0.33148640126518725,107.68182493364844,35-20-20-10-15-v4-full,-0.41194787611071293,1.24738635620988,0.8583226085568014,107.2610559350264
2024-01-25,-1.3973382241340384,1.6447224288295739,0.7269090216752517,109.30307580378305,35-20-20-10-15-v4-full,-0.46626774402831894,1.4104132443147899,1.297003910918156,108.81974720563781
2024-01-26,-1.4245757339556657,1.614122322373487,0.6387896144072523,108.865045575413,35-20-20-10-15-v4-full,-0.46715350699072233,1.3683619909442086,1.1794906384537498,108.35465884062606
2024-01-29,-1.377124863733086,1.62036897882284,0.6420259453590907,109.06420107436904,35-20-20-10-15-v4-full,-0.47276835452385946,1.37961437804996,1.228893320147579,108.50352312691766
2024-01-30,-1.3784788131713506,1.4692543728207805,0.6375138551787042,108.4437236018759,35-20-20-10-15-v4-full,-0.43213238963480616,1.2141038206942725,1.1837000263191928,107.87072354003563
2024-01-31,-1.3951849708706647,1.5292138685165921,0.5971734247010959,108.52423895651754,35-20-20-10-15-v4-full,-0.6162636948759692,1.298578153027042,1.2905556817585118,107.83130043962093
2024-02-01,-1.3820609488368731,1.491770282818783,0.5913591796829762,108.40586307829926,35-20-20-10-15-v4-full,-0.5294441553919141,1.2403871810275446,1.2190033012109653,107.72352398844826
2024-02-02,-1.3721306165088976,1.4154889273734979,0.5910702141117637,108.13477140573801,35-20-20-10-15-v4-full,-0.5135501761021157,1.1573628214559453,1.2118969742748535,107.42928966033588
2024-02-05,-1.372629790526798,1.5983138420223504,0.20523871760742404,107.89974521400993,35-20-20-10-15-v4-full,-0.4804716167902705,1.329141453974374,0.8016815007541761,107.20664046419937
2024-02-06,-1.4008046603057744,1.834735262883369,0.36748051031603557,109.1524233349991,35-20-20-10-15-v4-full,-0.41356501871777285,1.5432246278519868,0.8860703539441158,108.5081183859384
2024-02-07,-1.3607573872427683,1.4911535054850757,-0.02947142095459996,106.92588193294986,35-20-20-10-15-v4-full,-0.34207338622766925,1.1888281255917774,0.44782570498327506,106.24514146821083
2024-02-08,-1.3631574367036716,1.4013321082852521,-0.09040776060143925,106.40585532192031,35-20-20-10-15-v4-full,-0.3417702106678109,1.092894357356845,0.3710632816513092,105.67056145140069
2024-02-09,-1.3924911902749586,1.5616327091719355,-0.07438180897539853,106.98445446703263,35-20-20-10-15-v4-full,-0.3955342149674155,1.2511306782582006,0.39591369508353463,106.17745875353806
2024-02-12,,,,,incompleta-v4,,,,
2024-02-13,,,,,incompleta-v4,,,,
2024-02-14,-1.4339297406998675,1.8146142854691985,-0.11789036761122008,107.74257444914495,35-20-20-10-15-v4-full,-0.6565949006591897,1.518633356930392,0.5478773708027035,106.71366625760353
2024-02-15,-1.4582921529820738,1.854816459053851,-0.12129821348481681,107.80959508581185,35-20-20-10-15-v4-full,-0.6222215742605646,1.5410294217488172,0.48639243957774037,106.76984483121002
2024-02-16,-1.4753908106956282,2.0481676485082563,-0.19468366143905563,108.33969092174644,35-20-20-10-15-v4-full,-0.6757592158829413,1.726399933645919,0.44179303944673115,107.21244663279259
2024-02-19,-1.3972217849441846,2.137959018499932,-0.1921106543447676,108.97888050957891,35-20-20-10-15-v4-full,,,,
2024-02-20,-1.4182964730416625,1.9247252960216505,-0.16891074256545358,108.1101839907729,35-20-20-10-15-v4-full,-0.7927422971473473,1.5991712517556924,0.6427444301369706,106.79646959753185
2024-02-21,-1.4258128494687723,1.8408855195485023,-0.13900385576986196,107.82328478437441,35-20-20-10-15-v4-full,-0.7835057039832262,1.4932892006463367,0.659993810982941,106.44839292128378
2024-02-22,-1.4564906567075282,2.1544953368901565,-0.1287479569543556,108.99599147544414,35-20-20-10-15-v4-full,-0.6884818961921818,1.7846362779889016,0.5335569238173322,107.63027234000867
2024-02-23,-1.402561247432402,1.8573520806852848,-0.13516968671114898,107.98011705869561,35-20-20-10-15-v4-full,-0.5145840493421885,1.4751688289288296,0.39304670493265886,106.64976946053169
2024-02-26,-1.4228050599313524,1.8117724522216716,-0.23819456639556633,107.46938300188378,35-20-20-10-15-v4-full,-0.5191845292013282,1.420154594545082,0.2870987266118744,106.14874089768774
2024-02-27,-1.397116113269771,1.530070641038875,-0.3337734459300196,106.193539871632,35-20-20-10-15-v4-full,-0.44623527336634505,1.1316465296150309,0.13354221714496722,104.86613975972271
2024-02-28,-1.4163380470656743,1.7974961760674932,-0.3519744023161025,107.15046285249561,35-20-20-10-15-v4-full,-0.5328017936222146,1.3870529760093675,0.18750047266980324,105.7196783632166
2024-02-29,-1.3946974455911516,1.9786129278862628,-0.35451551866200065,107.94431917406678,35-20-20-10-15-v4-full,-0.4463493737436226,1.562597117541341,0.09749220788350194,106.49941773695382
2024-03-01,-1.635905364039245,1.9696875001080927,-0.3993084367464937,106.95240745317453,35-20-20-10-15-v4-full,-0.6447725496373848,1.5481135981354017,-0.007210991582572046,105.48524454503671
2024-03-04,-1.4680976626536462,2.040715279028352,-0.36409178923804847,107.91188714247627,35-20-20-10-15-v4-full,-0.5204032490154138,1.6051923420048317,0.0977415476341787,106.4112334207332
2024-03-05,-1.480532255787974,1.9131669930341004,-0.4728067189729814,107.08638559819178,35-20-20-10-15-v4-full,-0.6876275204893469,1.4519136178498577,0.1733234360064278,105.40178829488516
2024-03-06,-1.502474647011666,2.179329819443214,-0.33925682195678075,108.40811327708582,35-20-20-10-15-v4-full,-0.7165710258624036,1.7015556288453686,0.3055161964257507,106.62953597110982
2024-03-07,-1.4396283697948509,2.0285338977369305,-0.37038150122456975,107.94707986235007,35-20-20-10-15-v4-full,-0.6476687965540586,1.5367677598460046,0.2549313620529527,106.08508021175957
2024-03-08,-1.4265546268236367,1.9755587883658867,-0.15616198566973738,108.31648631415223,35-20-20-10-15-v4-full,-0.6808096851751451,1.4603852149167549,0.5246656722216276,106.33789269729046
2024-03-11,-1.4374695072682182,1.9428015584279978,-0.32203579240614555,107.73257079600361,35-20-20-10-15-v4-full,-0.7432401357197609,1.3876710943771497,0.45434256056275524,105.6527218590787
2024-03-12,-1.3222074709408005,1.9501240779521511,-0.34128682370142516,108.11715042300798,35-20-20-10-15-v4-full,-0.42396736394138024,1.4251844420168949,0.15628689960544356,106.17509079846873
2024-03-13,-1.3452053552401337,2.1023816321461797,-0.32722099371721347,108.68085261969696,35-20-20-10-15-v4-full,-0.43271154818706203,1.5601850604347351,0.14925609992655192,106.66691162808299
2024-03-14,-1.3261678845612908,1.9787825609222185,-0.35868692531118146,108.17442265319215,35-20-20-10-15-v4-full,-0.5196852081212607,1.3782213402509278,0.25834865208216956,105.9073803179671
2024-03-15,-1.289823586389851,1.9758245680820288,-0.31740410338306585,108.39300278025172,35-20-20-10-15-v4-full,-0.4864792947958201,1.342698860801943,0.3014825885141715,105.9893459378902
2024-03-18,-1.273569848732528,2.1348314119311276,-0.3220620895982812,109.07427327191071,35-20-20-10-15-v4-full,-0.447296826433472,1.4842019973634168,0.2807988881666664,106.64078787253555
2024-03-19,-1.259815660700994,2.132646214193435,-0.31082299312052325,109.1417698802647,35-20-20-10-15-v4-full,-0.35011475751746646,1.503256665360129,0.1750957434241352,106.79288592387209
2024-03-20,-1.2230311993184353,2.2545589340871874,-0.3418922393279976,109.68049325915999,35-20-20-10-15-v4-full,-0.18133120977748174,1.6910421667456959,-0.039236193300872024,107.5989405046918
2024-03-21,-1.2158781135916725,2.1906267182543546,-0.32967924359486667,109.48033268520516,35-20-20-10-15-v4-full,-0.1584989313609999,1.6291471848140189,-0.05161075696864725,107.40033714225333
2024-03-22,-1.2023710293703993,2.2954672983125466,-0.31396760291895087,109.98624890190216,35-20-20-10-15-v4-full,-0.17308946418470383,1.7060303023571095,-0.0014787781198831729,107.78213269466464
2024-03-25,-1.2160250841499578,2.3234896335503366,-0.194350565615895,110.34959164438251,35-20-20-10-15-v4-full,-0.2004187360165175,1.7048986161442672,0.14881804075021823,108.05769554557718
2024-03-26,-1.181920844171744,2.285567728235412,-0.054728463140662924,110.66632411923463,35-20-20-10-15-v4-full,-0.17938891559871828,1.6440476911837254,0.3005301119741125,108.26717639525704
2024-03-27,-1.1822452875430671,2.2926829776699433,0.06607876659168549,110.995667639504,35-20-20-10-15-v4-full,-0.10018187005542134,1.7015154739895062,0.30766549348651767,108.79211063966272
2024-03-28,,,,,incompleta-v4,,,,
2024-03-29,,,,,incompleta-v4,,,,
2024-04-01,,,,,incompleta-v4,,,,
2024-04-02,,,,,incompleta-v4,,,,
2024-04-03,-1.287200057386474,2.5375901446690836,0.06773502136187423,111.61209524997412,35-20-20-10-15-v4-full,-0.47742381925782695,1.6691192387941105,0.7136312155909773,108.35709318193386
2024-04-04,-1.2644200916903179,2.325835530679212,0.02620583947624616,110.74098371923711,35-20-20-10-15-v4-full,-0.8169610661986489,1.1039461763263747,1.1659075701651371,106.03871145420544
2024-04-05,-1.2355632871784576,2.42385345676337,0.05855386405359657,111.31492430080863,35-20-20-10-15-v4-full,-0.7270416907868265,1.2137769219154964,1.102022968759156,106.63304074698836
2024-04-08,-1.2263434393034336,2.4298093845322364,0.4138278334496877,112.2592024029369,35-20-20-10-15-v4-full,-0.5637162277587486,1.3377621903862729,1.241251899164709,108.04869326748363
2024-04-09,-1.1975149626017245,2.233655084507659,0.41196994095784634,111.57084014006497,35-20-20-10-15-v4-full,-0.4999645342292114,1.1597028075459153,1.1737993037054015,107.3909551748273
2024-04-10,-1.1860652298990149,1.9895329888071416,0.6908837427806462,111.33171032627938,35-20-20-10-15-v4-full,-0.6434716103809752,0.7387352885910083,1.6098572075050896,106.29495509197572
2024-04-11,-1.179474869322242,2.129986774634264,0.6897349246712164,111.913719686333,35-20-20-10-15-v4-full,-0.4749052056132842,1.032414865737078,1.3832834889079528,107.49322152075408
2024-04-12,-1.1537773771189586,1.9236614488361652,1.2916376195873434,112.68311634314242,35-20-20-10-15-v4-full,-0.861336047605616,0.3252112920474328,2.379299982260198,105.80194051240295
2024-04-15,-1.1231717600853506,1.8811447778287547,0.942207528349418,111.74659409063558,35-20-20-10-15-v4-full,-1.0561635098883806,-0.09165887134769024,2.1556483222346223,102.89343459076883
2024-04-16,-1.0967838093034248,1.844736215625129,0.9441017124006711,111.69805312968596,35-20-20-10-15-v4-full,-0.8357024800643653,0.04158650411322906,1.8812304853479387,103.51198510477985
2024-04-17,-1.096243205308454,2.1680615836625967,0.9088938310784382,112.90522701251264,35-20-20-10-15-v4-full,-0.7594972373416005,0.38498001432549733,1.7020814625207195,104.70440493809056
2024-04-18,-1.0805032598225104,2.092051461437285,0.9148369410883245,112.67113410783692,35-20-20-10-15-v4-full,-0.6796932295756227,0.3398458528825252,1.5860121081704204,104.51300893362385
2024-04-19,-1.0649041050858992,1.9824833373462916,0.9123410034892396,112.28121880905337,35-20-20-10-15-v4-full,-0.7110332236712699,0.08761366823910066,1.540421369567627,103.2804133692084
2024-04-22,-1.0696902221039246,2.1263766696353383,0.9006443213223188,112.81079902322917,35-20-20-10-15-v4-full,-0.47780095888927065,0.5801675251520071,1.3487533591668952,105.5877716975952
2024-04-23,-1.067968413557661,2.1212712573816304,0.8794354607698145,112.74338155274499,35-20-20-10-15-v4-full,-0.3178255952882978,0.8220217708909432,1.2228129323251449,106.80025138604996
2024-04-24,-1.047660908417162,1.8909570656425057,0.7117977007724247,111.47410665378678,35-20-20-10-15-v4-full,-0.3281709117938987,0.5280597929527151,1.0520525899275717,105.16129401053352
2024-04-25,-1.0184999976521907,1.8520214713841034,0.6955471354633854,111.37980105115795,35-20-20-10-15-v4-full,-0.22790558148711393,0.5992987994772392,0.9881114017000907,105.63732572213667
2024-04-26,-1.0075575994194998,1.9075066823453295,0.7200373275443789,111.70126576901977,35-20-20-10-15-v4-full,-0.1780838304566399,0.7115345439736063,0.983196339898847,106.24835717422567
2024-04-29,-0.9917187540675584,1.9463440809970063,0.7130610424536941,111.89461060963156,35-20-20-10-15-v4-full,-0.12119160123936112,0.8173082445493631,0.9477882910850942,106.7820546567548
2024-04-30,-1.0525806635870973,1.9996524753889986,0.7118879301194357,111.8918947230455,35-20-20-10-15-v4-full,-0.29758404597933275,0.662214406484327,0.980957926221963,105.62722983574693
2024-05-01,,,,,incompleta-v4,,,,
2024-05-02,-1.025399259638662,1.9650938081937273,0.7089702582427821,111.8415007883923,35-20-20-10-15-v4-full,-0.155170765385087,0.8103389031228829,0.9229654259657839,106.57319305374057
2024-05-03,-1.0115523474167931,1.9492733786039282,0.7747646113670946,111.99116914562042,35-20-20-10-15-v4-full,-0.002007203238199695,1.0246793115065314,0.927937026321796,107.97905615567929
2024-05-06,-1.008385567798932,1.9733305830434928,0.7759510159967811,112.1014477036154,35-20-20-10-15-v4-full,0.00014113988108666042,1.0336305606810552,0.9242087603316615,108.01305968831956
2024-05-07,-1.021586377802611,1.975273399280807,0.700059858592465,111.873288240041,35-20-20-10-15-v4-full,0.014051237557020757,1.0755052209173186,0.8337205007901429,108.00302302227658
2024-05-08,-1.011407157100599,1.8826562388089236,0.7000296973970711,111.53837146762203,35-20-20-10-15-v4-full,0.04762460720705253,1.015057332340229,0.8208072714230593,107.84645518832562
2024-05-09,-0.995882340265029,1.840467237569081,0.6903803669105874,111.39982899537094,35-20-20-10-15-v4-full,0.09630404284110727,1.018015596181947,0.7984161641984863,107.97268850035026
2024-05-10,-0.9916119853749428,1.834836408245439,0.40760362059660976,110.68531005440673,35-20-20-10-15-v4-full,0.11430653739241081,1.0221064165462013,0.512470985162473,107.3371975651468
2024-05-13,-0.9856873859506783,1.8675218815782193,0.35787599660046654,110.71246898573241,35-20-20-10-15-v4-full,-0.006846678040877796,0.8442675470572165,0.5058700823119058,106.18530357604793
2024-05-14,-0.9699146160717449,1.8868097119018847,0.5789174717839645,111.39742868956209,35-20-20-10-15-v4-full,0.03166659401724692,0.8864518761624907,0.7187091873994897,107.02093510739142
2024-05-15,-0.9488103022822854,1.9449342691339284,0.5753858507372279,111.69496296413654,35-20-20-10-15-v4-full,0.1718725586508918,1.1086865117692053,0.6795007028727472,108.30257331471918
2024-05-16,-0.9270000661471391,1.803136245547897,0.6085554667086656,111.28703073619401,35-20-20-10-15-v4-full,0.1985107828329662,0.9582742772714461,0.7130788293091488,107.87810347745642
2024-05-17,-0.9432995370736675,1.7839241619291442,0.5994380578781374,111.13034073139984,35-20-20-10-15-v4-full,0.2460824980242119,0.9972399654535938,0.691728324058407,108.14709097022751
2024-05-20,-0.8786560258075657,1.7787496246177923,0.6007340602515086,111.33913487751921,35-20-20-10-15-v4-full,0.28056887884784176,0.9461776708065603,0.7009995588504537,108.0867222115022
2024-05-21,-0.8335049262222485,1.7870171005970068,0.6012769975567454,111.53159097324777,35-20-20-10-15-v4-full,0.36283233933269443,0.9830871627180537,0.6936633022236693,108.50394164927819
2024-05-22,-0.7941356117007667,1.484517769151113,0.5789307085920934,110.40352052587775,35-20-20-10-15-v4-full,0.34648183752482686,0.5969668122894054,0.6881569586374872,106.8884676322706
2024-05-23,-0.7866559692004127,1.4924760896274616,0.5460498277577965,110.37933035444864,35-20-20-10-15-v4-full,0.2872617462492668,0.5178687543927427,0.6714720147336416,106.32309272145989
2024-05-24,-0.7947276453598799,1.4658869425644372,0.5110313396469022,110.15717667936117,35-20-20-10-15-v4-full,0.3901050376041939,0.6125633050696987,0.6109488518000318,106.91051453657593
2024-05-27,-0.7746475728522149,1.4643943755513782,0.5119937223783819,110.22389262191447,35-20-20-10-15-v4-full,,,,
2024-05-28,-0.7797716799917017,1.4453418357609003,0.5094287074336501,110.12333555040252,35-20-20-10-15-v4-full,0.2663365930953969,0.42371973242639815,0.640146817021383,105.79494560327531
2024-05-29,-0.7854235529839068,1.4768271174978138,0.512280432435872,110.236624434383,35-20-20-10-15-v4-full,0.07264572589836393,0.22933028505558917,0.6806461694124479,104.44071815958013
2024-05-30,-0.772965137513265,1.5718130367533596,0.5129370706794449,110.66181416116137,35-20-20-10-15-v4-full,0.05590672856585943,0.28694725495466744,0.6806167438267473,104.61252598454843
2024-05-31,-0.8111887883892598,1.4658958708214118,0.5202716862208352,110.12269925822108,35-20-20-10-15-v4-full,0.22684234512642187,0.41543491940309485,0.6508049124043502,105.65022172174811
2024-06-03,-0.7748246849876499,1.372426756392613,0.5361736531325552,109.91585207969081,35-20-20-10-15-v4-full,0.23525616949016603,0.28407979403953654,0.6707545572376303,105.20412371765018
2024-06-04,-0.7766415002072206,1.2006235499918352,0.20412673918425525,108.39216311594845,35-20-20-10-15-v4-full,0.22664973550833623,0.09855963177958227,0.34061139209357283,103.60656263681382
2024-06-05,-0.7647263750383926,1.0512179244943756,0.22744499422535616,107.89453918965226,35-20-20-10-15-v4-full,0.3083616193359032,0.016301994267031494,0.3557141639445467,103.60128060978754
2024-06-06,-0.7677496593076447,1.0046970413856626,0.06753884436281499,107.29810878761869,35-20-20-10-15-v4-full,0.3100531186613088,-0.03198115714404848,0.19738602885876355,103.01824791406767
2024-06-07,-0.750274986029692,1.1213527878015737,0.2717480349721902,108.33641610627859,35-20-20-10-15-v4-full,0.3738182316395644,0.12090296135942591,0.3972378291658676,104.35259178427323
2024-06-10,-0.7436939227960174,1.3127478298149944,0.3679361783351418,109.36550035405752,35-20-20-10-15-v4-full,0.3078189768190862,0.23908088394947535,0.502011240505243,104.85623961111018
2024-06-11,-0.7335379970645022,1.2984722707005703,0.34374958824044566,109.28347738242338,35-20-20-10-15-v4-full,0.3037174539961002,0.20417395769167523,0.48155139298703,104.651106957403
2024-06-12,-0.7270285234321434,1.2452557875672243,0.35295749937917753,109.11641438545008,35-20-20-10-15-v4-full,0.4273180863105106,0.22908741563543944,0.48605135484948236,105.19461290693462
2024-06-13,-0.734153951913873,1.3836928226722807,0.34861494385641706,109.63436713737735,35-20-20-10-15-v4-full,0.436953162673823,0.36348767721533837,0.4841364418763745,105.76114943809304
2024-06-14,-0.7230356564803464,1.3456508019649853,0.3394579257728897,109.49822054335671,35-20-20-10-15-v4-full,0.3442024139403904,0.24427793440786738,0.4826611548835762,104.95599462881415
2024-06-17,,,,,incompleta-v4,,,,
2024-06-18,-0.7156389509290907,1.4160838865861836,0.2973982877423374,109.70069225619451,35-20-20-10-15-v4-full,0.3998555380791372,0.32708648110344773,0.44018396195187287,105.37582176775283
2024-06-19,-0.695848242754591,1.3188225553896693,0.30360750246956436,109.39643744683727,35-20-20-10-15-v4-full,,,,
2024-06-20,,,,,incompleta-v4,,,,
2024-06-21,,,,,incompleta-v4,,,,
2024-06-24,-0.674185403629585,1.2439345826270818,0.3278856880682638,109.23340095672118,35-20-20-10-15-v4-full,0.29125499271360344,0.06588724788590139,0.480350652511349,104.05133965250197
2024-06-25,-0.6606686660508448,1.2802200279399811,0.49660844068721377,109.84765820104576,35-20-20-10-15-v4-full,0.37530647542876105,0.132342540044589,0.6483670881932584,105.03138209984454
2024-06-26,-0.6473516417776347,1.224857683246368,0.5232186265972999,109.73934387200275,35-20-20-10-15-v4-full,0.42809682953701855,0.09171979642686656,0.6765689857100331,105.1241621085445
2024-06-27,-0.6445967977325701,1.2067855300684958,0.5289461899036236,109.6910161217148,35-20-20-10-15-v4-full,0.4740706536560685,0.0875843402629517,0.6892273782804994,105.30017464973167
2024-06-28,-0.7327134686744942,1.2445729138995945,0.5107128550188937,109.48817397153063,35-20-20-10-15-v4-full,0.3562234162326011,0.10904363792005634,0.6760408611221006,104.94058021648196
2024-07-01,-0.6778662268667767,1.1505224014748563,0.4584866584902872,109.17337177683717,35-20-20-10-15-v4-full,0.4353717881064604,0.023490104078094598,0.6346849224117963,104.77199553589686
2024-07-02,-0.6623917956105141,0.9829473727961037,0.46581732407961224,108.5755588354924,35-20-20-10-15-v4-full,0.4733702523968737,-0.13697060562314844,0.6545372937996088,104.31277825057786
2024-07-03,-0.6605484211853676,0.9966952513981429,0.4871364482415694,108.69029997079346,35-20-20-10-15-v4-full,0.46520985477498766,-0.12976746266326677,0.6827852181924272,104.38364924172284
2024-07-04,-0.648622520153928,1.0146921271470566,0.47187218627095423,108.76586747247262,35-20-20-10-15-v4-full,,,,
2024-07-05,-0.6433844870969193,1.0325613410754049,0.979712404177696,110.12527798865239,35-20-20-10-15-v4-full,0.42520255978162913,-0.11618030176594374,1.1658592560353225,105.50565744744262
2024-07-08,-0.640347212827456,0.9780743626019833,0.9597968062702495,109.86817153993321,35-20-20-10-15-v4-full,0.44441612219984594,-0.16914258919149117,1.1537982511235965,105.33090325392486
2024-07-09,,,,,incompleta-v4,,,,
2024-07-10,-0.6368966169279696,1.0297632121405822,1.243391915401885,110.79599179656489,35-20-20-10-15-v4-full,0.3744258615073345,-0.14517449531013438,1.414128268908934,105.83263476148984
2024-07-11,-0.6176651603158877,0.9371367267380531,1.250620346780588,110.51086703154382,35-20-20-10-15-v4-full,0.37924575053716925,-0.24217780809352962,1.4163377248189686,105.46701476173577
2024-07-12,-0.6088135810179367,0.8469038198513613,1.2501971657533284,110.17985797897174,35-20-20-10-15-v4-full,0.4525293088410631,-0.3149464732283477,1.4460079462695659,105.50660810888662
2024-07-15,-0.6376304699100984,0.7752319053556406,-1.6374910245279688,102.57309073416305,35-20-20-10-15-v4-full,0.33085677520065304,-0.41346293449233384,-1.4751405720151656,97.38381710037741
2024-07-16,-0.6460444652838111,0.7547448034658303,-1.6243374771367582,102.49457721127384,35-20-20-10-15-v4-full,0.3123038984725426,-0.4370955356972014,-1.4576197552920986,97.26815366881722
2024-07-17,-0.6345429131418264,0.6606855900637963,-1.6017430436122058,102.21508187397403,35-20-20-10-15-v4-full,0.12294122559921172,-0.5656071884550024,-1.5294088964701014,95.91186484978435
2024-07-18,-0.6239371275989813,0.6172520435588325,-1.5871846403294452,102.11486394556103,35-20-20-10-15-v4-full,-0.09644351233257398,-0.623906633891929,-1.6049464859380784,94.72197651160545
2024-07-19,-0.6086628526566609,0.4634478610409081,-1.5596482705377002,101.62194810226681,35-20-20-10-15-v4-full,-0.17668328129499605,-0.7546895445550938,-1.5819450996197943,93.97550914338002
2024-07-22,-0.5951757454157321,0.658247185309866,-1.5386905804623414,102.5007444998743,35-20-20-10-15-v4-full,0.09022281098770357,-0.5360253313877591,-1.4360796607181416,96.14900091629295
2024-07-23,-0.5886454893628211,0.5432133898701832,-1.539127741979225,102.06237231050855,35-20-20-10-15-v4-full,0.12266395139470032,-0.6411199503926688,-1.4115420424793,95.9035104772949
2024-07-24,-0.574460816318227,0.5986008053508521,-1.5501318688724908,102.30605801085414,35-20-20-10-15-v4-full,-0.41000275235819683,-0.5364120172514492,-1.561160641701749,94.08396224866851
2024-07-25,-0.572952495688183,0.4972552409014759,-1.5673587574140182,101.86288765390796,35-20-20-10-15-v4-full,-0.4540852656829921,-0.5849723511812721,-1.520487888106391,93.83711400030084
2024-07-26,-0.5735253523480314,0.5574716816765,-1.5500010125507175,102.14514278085684,35-20-20-10-15-v4-full,-0.10094600110800611,-0.545834162891877,-1.3939472380498357,95.54600580461226
2024-07-29,-0.5816873461638219,0.5575602559525457,-1.6415481806219883,101.88806217942758,35-20-20-10-15-v4-full,-0.12770080878314527,-0.52252588978288,-1.4595736134904858,95.38153113158363
2024-07-30,-0.59176223436128,0.6330993658152066,-1.6849410869358916,102.04647424440236,35-20-20-10-15-v4-full,-0.28497969743596807,-0.39034975425436147,-1.4720306203279365,95.3286170463192
2024-07-31,-0.6466896947594293,0.9144716190280183,-1.6678959069511459,103.02233009582196,35-20-20-10-15-v4-full,-0.1270277877708219,-0.15088786318338354,-1.4024875229816103,97.01315403779694
2024-08-01,-0.6338118484240765,0.6253377668849089,-1.662530230739697,101.92428133995188,35-20-20-10-15-v4-full,-0.4208080557318614,-0.3290161021114779,-1.3453853216578282,95.41516564753037
2024-08-02,-0.6119093008291958,0.4348078584122353,-1.687985719825196,101.17518189992951,35-20-20-10-15-v4-full,-0.9067791863701339,-0.27297790886844336,-1.1740041629521847,94.36687236003267
2024-08-05,-0.5985188096751217,0.4223756841227145,-1.6751420525816179,101.20442908991964,35-20-20-10-15-v4-full,-1.4448567930357952,0.1564088525537411,-0.5991911425973109,95.63818033327878
2024-08-06,-0.5994132194543543,0.5345563807845446,-1.6591667983393399,101.68995957794534,35-20-20-10-15-v4-full,-0.5444309955445599,-0.13297198571447288,-0.8322222912555333,97.0495693997797
2024-08-07,-0.5961462071614037,0.48656660671170904,-1.6426101549558787,101.55082663313797,35-20-20-10-15-v4-full,-0.4575144719233609,-0.17731804848724575,-0.7574510178977154,97.36332116475734
2024-08-08,-0.5968894248516867,0.5643749709227334,-1.6264307376567548,101.89990737131389,35-20-20-10-15-v4-full,-0.19729571878228336,-0.24060115688630002,-0.862632064356916,97.7580017510069
2024-08-09,-0.5946946382416834,0.6302711558771004,-1.612740906857583,102.20539844126431,35-20-20-10-15-v4-full,0.0006998867856869984,-0.29528181895933425,-0.9688832661107147,97.96663571781815
2024-08-12,-0.5922336686219284,0.6735785549203382,0.5013763215059297,107.67253450201518,35-20-20-10-15-v4-full,-0.011646311551127497,-0.23639810536801642,1.130815712927602,103.40820632560037
2024-08-13,-0.5919085671543506,0.6990957908138252,0.5085295621192424,107.79362440225893,35-20-20-10-15-v4-full,0.13050619525159368,-0.30637511079054625,1.0212861259557653,103.35200811029019
2024-08-14,-0.5866426082608811,0.6901855382332996,0.521057000622748,107.80773284432273,35-20-20-10-15-v4-full,0.23870540121516604,-0.3892768975800961,0.9545503472462993,103.23225873723082
2024-08-15,-0.5806909343881226,0.7530006380790998,0.5139530984447077,108.06206434681549,35-20-20-10-15-v4-full,0.298841807781438,-0.3652156237320118,0.9087347899912757,103.42444236246754
2024-08-16,-0.5691661314272711,0.6720650802084875,0.5160149845187604,107.78381364088115,35-20-20-10-15-v4-full,0.3345823982870346,-0.4640328392171391,0.8930603432231172,103.11507945037623
2024-08-19,-0.5623175572593204,0.6808752667829829,0.5098805734069833,107.82768836898752,35-20-20-10-15-v4-full,0.34678188567728585,-0.4615418150724595,0.8797101204438671,103.1343661958727
2024-08-20,-0.5552575881727977,0.8532211813794197,0.5152271522936461,108.55514836639276,35-20-20-10-15-v4-full,0.2816991222187506,-0.23883970318377035,0.9206569304749866,103.89975199640038
2024-08-21,-0.5469702673477665,0.6679394289669003,0.5427108850151553,107.91173631143405,35-20-20-10-15-v4-full,0.26412218168804513,-0.4070136913081597,0.9544053707052889,103.24990785262112
2024-08-22,-0.5458971816514901,0.6788105228194811,0.5170017657211123,107.89470368854624,35-20-20-10-15-v4-full,0.1895463121687162,-0.3408713311768484,0.9597498049805213,103.26682283551679
2024-08-23,-0.5385524202070697,0.7468934131025539,0.5153232242646465,108.18854556109284,35-20-20-10-15-v4-full,0.28859333167743306,-0.3436447066147662,0.90118314982733,103.45597726416266
2024-08-26,-0.5349213798842749,0.7774693670275122,0.7867923050780502,109.00223071995596,35-20-20-10-15-v4-full,0.2730264685880036,-0.30002383421117285,1.1738969765548024,104.2577612997827
2024-08-27,-0.5302812954915763,0.8925265056226426,1.143273813073331,110.36990333969914,35-20-20-10-15-v4-full,0.31651847210569306,-0.21590929717877083,1.503953237315766,105.57158211212663
2024-08-28,-0.5279767190673758,0.9942058454971414,1.1475751614529686,110.79544008763092,35-20-20-10-15-v4-full,0.22456685337927818,-0.04164925031066358,1.542791941353393,106.04388839415068
2024-08-29,-0.5243971430263779,1.050316668091602,1.1495942864952027,111.03745970675784,35-20-20-10-15-v4-full,0.3036912473857727,-0.05003330534972106,1.5018991851665056,106.18505566254996
2024-08-30,-0.6293511629088878,1.2139792824081672,1.6269388507242366,112.5181325050079,35-20-20-10-15-v4-full,0.23335446941333937,0.08319260739556888,1.9570707750640626,107.6097095653715
2024-09-02,-0.5922420649359232,1.2064082854595295,1.613182464260282,112.58333939395884,35-20-20-10-15-v4-full,,,,
2024-09-03,-0.5762853598199973,1.1362178360509823,1.4384222458959328,111.92152551831953,35-20-20-10-15-v4-full,-0.027466895219880105,0.25190481190649006,1.8547188958213374,107.1158039090921
2024-09-04,-0.5846951022320677,1.1812341824566606,1.4329716495831981,112.05853031471815,35-20-20-10-15-v4-full,-0.0553328684048775,0.3142367177514611,1.8160783237386626,107.1709991961178
2024-09-05,-0.5987525822697387,1.203922548846813,1.3619660289140338,111.922568548474,35-20-20-10-15-v4-full,0.014338811475877677,0.26963745179876175,1.6992085351096662,106.94427854031716
2024-09-06,-0.6043530246888399,1.2671762921432999,1.2191982019911478,111.79906240588588,35-20-20-10-15-v4-full,-0.10821414221539172,0.424628490567577,1.5334073270832402,106.72080433740692
2024-09-09,-0.6143883993388197,1.315233375704482,1.2199563505238773,111.9580623001875,35-20-20-10-15-v4-full,0.032280540357144005,0.3437040062655451,1.5044574539081474,106.81646310626493
2024-09-10,-0.5998095352085259,1.3001744460929407,1.2249088423664867,111.96123383580388,35-20-20-10-15-v4-full,0.06369264019688536,0.3082520063658266,1.4929293701087234,106.75577724660658
2024-09-11,-0.5894593087073465,1.2542030214944997,1.2245965769497564,111.81279326662242,35-20-20-10-15-v4-full,0.1416337385854166,0.20116059870836267,1.4856055062177824,106.58189580060925
2024-09-12,-0.5739780050822039,1.119698201763967,1.2260373696017877,111.33256053201838,35-20-20-10-15-v4-full,0.1842862161271721,0.03847298701712165,1.4815991500696863,106.07041313487018
2024-09-13,-0.5880306593806185,1.1220426419387781,1.2275604955321828,111.29656181749915,35-20-20-10-15-v4-full,0.20127778978419075,0.017084426409703646,1.479431404704962,106.03891003682827
2024-09-16,-0.5792073239441666,1.2923686535057262,1.1949575631862237,111.92724020692962,35-20-20-10-15-v4-full,0.1840726278992212,0.20942532600327413,1.4352695981230876,106.63765105215046
2024-09-17,-0.5760642148720425,1.3187061484554707,1.1966176462476577,112.04774127613463,35-20-20-10-15-v4-full,0.16616550155301424,0.25259629649450943,1.42467143300876,106.72116457911787
2024-09-18,-0.5821720570637727,1.3635590271118219,1.2760848575482344,112.40444337134042,35-20-20-10-15-v4-full,0.12970639985240084,0.32021871200778484,1.488590495136916,107.02384504053921
2024-09-19,-0.5913487159406998,1.2863662556164057,1.4758059154635585,112.56285662407782,35-20-20-10-15-v4-full,0.2186690962890362,0.1562070107634368,1.7084354324062154,107.22878001626329
2024-09-20,-0.5838028588824629,1.2874786337221118,1.4680112713482232,112.57423002591614,35-20-20-10-15-v4-full,0.23647814352625718,0.14590603792316736,1.6997097910109566,107.22809368674433
2024-09-23,-0.5695043470971852,1.302833573813051,1.3835883117966659,112.47463717864947,35-20-20-10-15-v4-full,0.264091154501795,0.14585835211014975,1.6163332528062364,107.11610713639485
2024-09-24,-0.5655859455833039,1.2634105816387458,1.3335115850061823,112.20546779827463,35-20-20-10-15-v4-full,0.29395389367573643,0.08037849631145866,1.5730664600137156,106.85054031832757
2024-09-25,-0.5516680073390279,1.2282018576999334,1.3176171932324068,112.0736097069399,35-20-20-10-15-v4-full,0.3056648887892045,0.042933729149195354,1.5525871154565452,106.69055137118274
2024-09-26,-0.540999317397153,1.1096865186813631,1.2560839376368407,111.48305562667326,35-20-20-10-15-v4-full,0.31770778996891114,-0.07935210016847072,1.4861826187693055,106.07754696632294
2024-09-27,-0.539960656032574,1.124902204879239,1.2600646659622574,111.55750550705434,35-20-20-10-15-v4-full,0.2339935762556684,0.0050817954533839416,1.442711665369504,106.01360541731451
2024-09-30,-0.6775100984440112,1.2453340192545141,1.2221383203747904,111.46299385214674,35-20-20-10-15-v4-full,0.10980222247056637,0.11126802248694267,1.4014398523530986,105.90050105465987
2024-10-01,-0.666930017773028,1.234028299050356,1.2761136146655834,111.58973948940553,35-20-20-10-15-v4-full,-0.010812968862471073,0.20815723911526862,1.372900807061802,105.7945571382793
2024-10-02,-0.6951462319195454,1.2764568782906043,1.262370001552798,111.62633802407176,35-20-20-10-15-v4-full,-0.01824573059023027,0.22723057970466387,1.3556607419637665,105.80173567184464
2024-10-03,-0.7311627499572704,1.2985729702908537,1.2597221265357363,111.58212489139805,35-20-20-10-15-v4-full,-0.13680477522897605,0.3080387058555143,1.2875327801802032,105.53969161575353
2024-10-04,-0.7413052924718699,1.201947700524581,1.3706351676312951,111.43740751627077,35-20-20-10-15-v4-full,-0.07770820793283395,0.1477375671166119,1.4234870855844617,105.44521080984507
2024-10-07,-0.7352672688514748,1.3155341745105245,1.1841293167642208,111.44662186771824,35-20-20-10-15-v4-full,-0.24968190982787009,0.39141458304203436,1.1044363422532464,105.02038405858609
2024-10-08,-0.7726882341487025,1.3569601458791432,1.1606138879205685,111.4225638025433,35-20-20-10-15-v4-full,-0.21543159409192625,0.36878683841058835,1.1068094907022246,105.05568205625855
2024-10-09,-0.8262516416385273,1.3170064846861402,1.15276309688206,111.05565025396062,35-20-20-10-15-v4-full,-0.23321416143963947,0.29524343751100157,1.104699839335338,104.693995338526
2024-10-10,-0.8482499507405433,1.2543272640467453,1.1572508281757272,110.73915861778015,35-20-20-10-15-v4-full,-0.2541425314636778,0.2261894022245412,1.0928174532524262,104.31482393708873
2024-10-11,,,,,incompleta-v4,,,,
2024-10-14,-0.8069301923388035,1.3028035026761142,1.1548621542336888,111.07171104184862,35-20-20-10-15-v4-full,-0.14255893584998358,0.2080552776739888,1.1275111186145075,104.71956418693966
2024-10-15,-0.805340218042199,1.4991576172564531,1.1649183416334576,111.88783287870751,35-20-20-10-15-v4-full,-0.18437538646538498,0.4229462663287116,1.0856863433050437,105.32820862613099
2024-10-16,-0.7386634222516575,1.4067199384385578,1.1271099873071289,111.656930062887,35-20-20-10-15-v4-full,-0.06000252957672825,0.27860201525233896,1.0792898924182739,105.17014549371886
2024-10-17,-0.7370270231411227,1.262935891948936,1.1175720342304754,111.06367639112375,35-20-20-10-15-v4-full,-0.032464451465485045,0.11037340271591956,1.0788769821120157,104.59258204119689
2024-10-18,-0.7228055753286191,1.3022385850234541,1.123467929767887,111.28540196960911,35-20-20-10-15-v4-full,0.03840907557122364,0.10304852493247973,1.1206804415907492,104.91584852338845
2024-10-21,-0.691430304821766,1.208823469400044,1.1263676945490586,111.02880436584239,35-20-20-10-15-v4-full,0.05112925799520773,0.016261842697806728,1.0975056893223751,104.55528555226277
2024-10-22,-0.3148038287528815,1.2696158871036687,1.175466348754015,112.71291333841037,35-20-20-10-15-v4-full,0.39745847636208564,0.06316967946649377,1.143054710722461,106.0689417171218
2024-10-23,-0.30816034851277974,1.1794470361179619,1.0720935507139684,112.11705812020779,35-20-20-10-15-v4-full,0.34761675832530436,-4.690812873486827e-05,0.9804906158499413,105.23521911643086
2024-10-24,-0.28907651103882126,1.2819057608059872,1.077596307084864,112.60744334104598,35-20-20-10-15-v4-full,0.37248008535539767,0.08906612086007182,0.98297697805629,105.68490878250728
2024-10-25,-0.7317705608392736,1.4783410236781338,1.1063730833878413,111.91569715899043,35-20-20-10-15-v4-full,-0.09792370831427699,0.3175459866890795,0.9391086874308552,104.84274424141586
2024-10-28,-0.1112963248803077,1.493586194997127,1.088953688660909,114.10478918330546,35-20-20-10-15-v4-full,0.5096601504660628,0.3029123600829795,0.9361882164275324,106.90345206321435
2024-10-29,-0.7198331963933499,1.3881378485826725,1.091532404855851,111.55956353783934,35-20-20-10-15-v4-full,-0.03350581935086794,0.16990610790342142,0.9538805097971532,104.5145768935609
2024-10-30,-0.7088581360471047,1.174567140947472,1.0795735245000408,110.71379621762088,35-20-20-10-15-v4-full,-0.07379842835690997,-0.019508681189595256,0.8818896392912052,103.43591642940282
2024-10-31,-0.8944750818837315,1.2366083900714502,1.09909244645912,110.3610992085863,35-20-20-10-15-v4-full,-0.3976777800677876,0.11857324553045911,0.7455787476563289,102.51388917620778
2024-11-01,-0.8457178616634032,1.4304913519708062,1.0919593096136104,111.28944848484109,35-20-20-10-15-v4-full,-0.27014008243426524,0.2625997094421766,0.8010745980965166,103.67511659967245
2024-11-04,-0.8251116908251412,1.3036036152988337,1.0784088202851287,110.82014291276592,35-20-20-10-15-v4-full,-0.24620017004719574,0.13321782304799346,0.7759613426149549,103.17859560874655
2024-11-05,-0.817844995958642,1.2519821021744197,1.2891019063425169,111.16582300744447,35-20-20-10-15-v4-full,-0.15177859409308847,0.03327561195441331,1.063514697026958,103.82818566624161
2024-11-06,-0.8268455993061377,1.247677440473221,1.2803321633740117,111.09517789150217,35-20-20-10-15-v4-full,0.07030573751091462,-0.11136587746986337,1.2944103326632694,104.6041539582493
2024-11-07,-0.8342307796039805,1.331302144403736,1.2719774826855308,111.38294187446058,35-20-20-10-15-v4-full,0.12503619264026478,-0.06841872768849244,1.344800812969049,105.09347535109195
2024-11-08,-0.8324439937515381,1.2207581066575266,1.1443315513797911,110.62790464569495,35-20-20-10-15-v4-full,0.14142091763582354,-0.19290721058408966,1.2273019166710288,104.35912071624897
2024-11-11,-0.8189359535380796,1.2489798977638764,1.1267887542181452,110.74421295796334,35-20-20-10-15-v4-full,0.1534241897208699,-0.16860111771884267,1.2031194710096353,104.43790042585414
2024-11-12,-0.8157259457523459,1.2344461891407763,1.0910505888237536,110.60796773723503,35-20-20-10-15-v4-full,0.1721164456102463,-0.19777323694690385,1.1716117998790059,104.30786566672813
2024-11-13,-0.8042683767937941,1.2101803646547462,1.128340889058907,110.64423168123372,35-20-20-10-15-v4-full,0.22250964067132073,-0.2529310282556212,1.232336682177659,104.41542288995366
2024-11-14,-0.8262639309724537,1.2899855338346884,1.1241899709828087,110.87609062313794,35-20-20-10-15-v4-full,0.18936637452805216,-0.16845160063182973,1.1950104460126671,104.5440235785349
2024-11-15,-0.8297047642643787,1.3534323584666323,1.094112390241324,111.04264105329027,35-20-20-10-15-v4-full,0.09745983344806597,-0.038096858043703774,1.037760837159407,104.3506456329743
2024-11-18,,,,,incompleta-v4,,,,
2024-11-19,-0.853249147142664,1.5507526981863964,1.085451626553578,111.72786516287596,35-20-20-10-15-v4-full,0.06700574414954064,0.15342669851736335,0.9970953747308418,104.90848689060232
2024-11-20,-0.8279306156091324,1.6473760431215174,1.092973613188969,112.22177836957228,35-20-20-10-15-v4-full,0.05734602827749091,0.27929427027683373,0.9329311155624368,105.21773752416702
2024-11-21,-0.801449420683844,1.5455621220568712,1.2518898468374893,112.30449745167351,35-20-20-10-15-v4-full,0.10211136409219734,0.16125172836159418,1.093321093448548,105.30322097657282
2024-11-22,-0.7778353900854659,1.4526870815911384,1.248680682465852,112.0076234859758,35-20-20-10-15-v4-full,0.20704057328666015,-0.00771436299891981,1.180914583056049,105.21359256733012
2024-11-25,-0.7687333877288385,1.765423535519278,1.1753471718801316,113.10709253347225,35-20-20-10-15-v4-full,0.24892872690252088,0.2733620897362079,1.1325960182148855,106.36371050382324
2024-11-26,-0.745645678188013,1.5886426663180304,1.2511818942765116,112.6703628460511,35-20-20-10-15-v4-full,0.2980431681087594,0.07049443703361846,1.222331852692837,105.9484800234296
2024-11-27,-0.7248794496510831,1.6756597603571184,1.279608333037343,113.16217911898879,35-20-20-10-15-v4-full,0.3202346233928032,0.15565553822367462,1.2326744371658327,106.39265098286647
2024-11-28,-0.7058544563877311,1.6239104965770084,1.2885460221448213,113.04411376305877,35-20-20-10-15-v4-full,,,,
2024-11-29,-0.8479253662727632,1.6538995243976218,1.282984865129133,112.65291879720439,35-20-20-10-15-v4-full,0.22884356171455245,0.10497207356651828,1.251100379437804,105.91611326404389
2024-12-02,-0.8283460990047833,1.8780996709917288,1.275781217544636,113.60023770005752,35-20-20-10-15-v4-full,0.2611676377530001,0.3186695433150841,1.233669734264354,106.8404607962391
2024-12-03,-0.7994909759417859,1.7124376943505717,1.2634424719423702,113.00773586020772,35-20-20-10-15-v4-full,0.29481787943826565,0.14823419470569732,1.2029822369755019,106.19977650447785
2024-12-04,-0.7795746578823264,1.675105624891551,0.8178941391671029,111.81424386364156,35-20-20-10-15-v4-full,0.309182098778894,0.11627438255887212,0.7324900507248484,104.94598155795612
2024-12-05,-0.7708510235288017,1.672124986262968,0.8107045776658709,111.8148801256115,35-20-20-10-15-v4-full,0.3151343537985831,0.11553016310832165,0.7039081124986716,104.89238272715738
2024-12-06,-0.7628932059586423,1.803895225097396,0.8191555588402017,112.3909408953806,35-20-20-10-15-v4-full,0.366655952273066,0.210170671322637,0.7301291769017649,105.51682301568307
2024-12-09,-0.732766880095082,1.8605914190652082,0.8972327701575488,112.91836084006766,35-20-20-10-15-v4-full,0.3204379881810635,0.3347368157476096,0.7290614440953922,105.85065538704502
2024-12-10,-0.7002074975070317,1.7741817264226443,0.8158353247390421,112.48318629500932,35-20-20-10-15-v4-full,0.36022057629207194,0.24412344428132782,0.6335255367047097,105.38860119109171
2024-12-11,-0.6816910749144988,1.7576648004285584,0.8401846116471373,112.54279928737708,35-20-20-10-15-v4-full,0.4200773463765922,0.19681162989197065,0.6657195065149135,105.48933755335561
2024-12-12,-0.6596568882047532,1.8504173595351474,0.8314638948146478,112.96912738520632,35-20-20-10-15-v4-full,0.4278780857692891,0.3029596459292929,0.6317424680462973,105.8562896092078
2024-12-13,-0.63276006772727,2.0233124559290228,0.8287443472029735,113.74804777342383,35-20-20-10-15-v4-full,0.4685699289810781,0.46934190376892637,0.6245997909349039,106.64638339902912
2024-12-16,-0.5990677280052206,2.310995507702089,0.8427038527917667,115.05160193351526,35-20-20-10-15-v4-full,0.4540523693448253,0.7986380766692296,0.5992145020717382,107.84929340974553
2024-12-17,-0.5703790930640613,1.7317273875117833,0.807258942885077,112.74632740028136,35-20-20-10-15-v4-full,0.413289502768901,0.2768284352121253,0.5155531774236584,105.41023149928118
2024-12-18,-0.5684649773146787,2.3059052057344234,0.576448626882627,114.47271228828863,35-20-20-10-15-v4-full,-0.3311822193398172,1.346156324004526,-0.041918936868865275,105.68821174133896
2024-12-19,-0.5629546520368631,2.0885965833001965,0.1921763004702936,112.66208312099324,35-20-20-10-15-v4-full,-0.09379456089637717,0.9509956320382915,-0.30958567495385275,104.26925893281359
2024-12-20,-0.5536296267044816,1.9199261714045843,0.17861297302617357,111.98613074346383,35-20-20-10-15-v4-full,0.2866126333801835,0.5496818028668604,-0.18302477713379195,104.31183104064598
2024-12-23,-0.5334767473004477,1.9213098709364411,0.1887305257188232,112.087494501237,35-20-20-10-15-v4-full,0.40198169737279466,0.4879463407045115,-0.14251310455381022,104.56996009742068
2024-12-24,-0.07622339082836234,1.9417588973251487,0.18061764655087095,113.74939515652426,35-20-20-10-15-v4-full,1.0067422666230679,0.4105044867698173,-0.11024361406369268,106.45752840028315
2024-12-25,,,,,incompleta-v4,,,,
2024-12-26,-0.5165878412950683,1.8897987443931168,0.19356171289804797,112.0326391340306,35-20-20-10-15-v4-full,0.5241387079373163,0.37605279252320933,-0.11415366772508756,104.62083403374311
2024-12-27,-0.5123064853500126,2.173275485993965,0.1970574074933209,113.19027008272987,35-20-20-10-15-v4-full,0.45145364475374916,0.7041692458067652,-0.13642084098424523,105.62323419258695
2024-12-30,-0.6515899837757716,1.966030030241785,0.2005392485455713,111.88250061786162,35-20-20-10-15-v4-full,0.22410885798926994,0.5496419460407871,-0.15680138001456134,104.15846689227156
2024-12-31,,,,,incompleta-v4,,,,
2025-01-01,,,,,incompleta-v4,,,,
2025-01-02,-0.6113836963357452,2.0956395883051018,0.17783096331750048,112.4848901430848,35-20-20-10-15-v4-full,0.23407050959348297,0.6928120666178603,-0.187138816248397,104.69016956461002
2025-01-03,-0.6072979016424452,2.0192435713293264,0.1602399009365614,112.1496287006559,35-20-20-10-15-v4-full,0.332160906778847,0.5485533554531798,-0.19178705784823133,104.44483050610049
2025-01-06,-0.6005182481492357,1.99597299211224,0.47942363030293883,112.87823449442973,35-20-20-10-15-v4-full,0.338420075814051,0.5198030608107498,0.12090753460246195,105.13347290028071
2025-01-07,-0.5916844655985327,1.9190777816376046,0.47564270101655515,112.5921195682427,35-20-20-10-15-v4-full,0.2524233780225654,0.5045935675282296,0.10263405339192849,104.7259627818541
2025-01-08,-0.583316337834602,1.9412674008385358,0.406308568022303,112.53683115973455,35-20-20-10-15-v4-full,0.2630478860781832,0.5183613781919925,0.029715219917139768,104.63592271901683
2025-01-09,-0.5729589227264553,1.9267897670363272,0.406252306398006,112.51503092334349,35-20-20-10-15-v4-full,,,,
2025-01-10,-0.5601203354298203,1.6309482911148434,0.47971844254276286,111.56026541555767,35-20-20-10-15-v4-full,0.19621026967232214,0.27285206054139577,0.10002271722091705,103.59572253425338
2025-01-13,-0.5456204258400145,1.7776385568462671,-0.09105185554737857,110.77085041682233,35-20-20-10-15-v4-full,0.22499111112585934,0.4029359579676768,-0.47056681545913925,102.79031723734575
2025-01-14,-0.5304908981854684,1.8400521612341612,-0.10211581930231092,111.04579827177747,35-20-20-10-15-v4-full,0.26110742509446083,0.44407952953599894,-0.4837274093221361,103.04839713785165
2025-01-15,-0.5449745849647162,1.8128005211140272,-0.10455109443311796,110.88001061974256,35-20-20-10-15-v4-full,0.3583972370202658,0.3178592503414437,-0.5047076978244798,102.83157964155788
2025-01-16,-0.5376167872718663,1.7132385267558452,-0.17089756941011222,110.34164874679232,35-20-20-10-15-v4-full,0.3395263475733963,0.2332221694669545,-0.5725870398566592,102.25728484991544
2025-01-17,-0.5406344980049566,1.6530381859333576,-0.47496924571804794,109.33010620516671,35-20-20-10-15-v4-full,0.35655552085510756,0.1472257768781564,-0.8860323604253169,101.1892880846246
2025-01-20,-0.5358899306952922,1.7030843379209295,-0.37792841485262224,109.78949887586438,35-20-20-10-15-v4-full,,,,
2025-01-21,-0.5303472267048674,1.6562514626248692,-0.00506407146615886,110.55372769711279,35-20-20-10-15-v4-full,0.396521840628573,0.11382456694307441,-0.42717061534698086,102.34271972678722
2025-01-22,-0.5293960157026825,1.3789340580617009,-0.008345252604569206,109.43958436452175,35-20-20-10-15-v4-full,0.3896729722065678,-0.1634613077513325,-0.431064753996474,101.19986984190885
2025-01-23,-0.5269714462248051,1.3833116065742062,-0.06514718455620493,109.32357572186524,35-20-20-10-15-v4-full,0.38935467999270845,-0.16253683578354772,-0.4894776805018918,101.05642139076794
2025-01-24,-0.5157600115332155,1.4002455262701494,-0.19907455129107016,109.09573300523242,35-20-20-10-15-v4-full,0.400762867016339,-0.15316519671516504,-0.6254403841801663,100.79392984242848
2025-01-27,-0.5109384350981586,1.3572976851144638,-0.5426916411116025,108.08177443358105,35-20-20-10-15-v4-full,0.292803288171283,-0.077988022987874,-0.9274326278944229,99.96179940209431
2025-01-28,-0.5150962715469745,1.4014087973491711,-0.5507838567515377,108.22343591584918,35-20-20-10-15-v4-full,0.340091904217119,-0.09233534103639829,-0.9533114010923318,100.00522335306587
2025-01-29,-0.504235617094534,1.3698624941662967,-0.5823236103859647,108.05641360961516,35-20-20-10-15-v4-full,0.34229564594011497,-0.11814316322479401,-0.9805718200771165,99.84155411288081
2025-01-30,-0.4988418653553752,1.4441851188903647,-0.5811151568852183,108.37560337335034,35-20-20-10-15-v4-full,0.368573719200177,-0.07223549980250299,-0.9887732247682238,100.09665451125242
2025-01-31,-0.5736828443453886,1.3500191407202538,-0.5736544926238742,107.75564769485823,35-20-20-10-15-v4-full,0.2673644812734244,-0.1437860277494729,-0.9713371551932168,99.49981024065843
2025-02-03,-0.5763179345809278,1.287242292432684,-0.6019919695962662,107.42447379345258,35-20-20-10-15-v4-full,0.19399179754077933,-0.12028881965806337,-0.9615970078442745,99.36134504833217
2025-02-04,-0.5696713424195736,1.2389654352490584,-0.5980744041262662,107.26442335095781,35-20-20-10-15-v4-full,0.24711420796328554,-0.224461401366701,-0.9796406880557558,99.08547395744768
2025-02-05,-0.5633576998689287,1.1173663837305554,-0.6071995411917079,106.77731205114745,35-20-20-10-15-v4-full,0.2959024468556124,-0.402925740871392,-1.0113644299202431,98.46306608089084
2025-02-06,-0.5579602044299423,1.243124118212487,-0.6051731786278917,107.30430012952117,35-20-20-10-15-v4-full,0.30546119135363237,-0.2871511539941589,-1.010954764457353,98.96064419780006
2025-02-07,-0.5549443939205811,1.2015467877507062,-0.6472174243329853,107.04343553019407,35-20-20-10-15-v4-full,0.27404289233768364,-0.28588432189294877,-1.0315423208847296,98.80427858858064
2025-02-10,-0.5519296707754621,1.1248870290589699,-0.328153358179541,107.54500819181865,35-20-20-10-15-v4-full,0.2945345025158236,-0.39121078286813726,-0.7238789911199135,99.22385170471543
2025-02-11,-0.5471001178186576,1.157994350095203,-0.7438671886554014,106.65505633512277,35-20-20-10-15-v4-full,0.28949400197029307,-0.3499971322366324,-1.132482046731114,98.34955691630408
2025-02-12,-0.23771248314357526,1.0157503936825607,-0.7643633631960793,107.11769679448328,35-20-20-10-15-v4-full,0.5989839758840605,-0.4963100653595687,-1.1523506676556108,98.79784854019928
2025-02-13,-0.25307707912314525,1.1406554270501699,-0.7753543144169021,107.53606346397316,35-20-20-10-15-v4-full,0.6014438026055698,-0.4051904641123485,-1.1732806932078232,99.11861127483292
2025-02-14,-0.21643986585182676,1.0734763471300015,-0.6024158188446312,107.82792362967278,35-20-20-10-15-v4-full,0.6414958135007365,-0.48662850881378605,-0.9997436659860588,99.36688370221466
2025-02-17,-0.4543151701388145,1.1904863413914881,-1.0037656068314436,106.46002557174724,35-20-20-10-15-v4-full,,,,
2025-02-18,-0.39156708276792757,1.002212211004328,-1.0060866133028974,105.92074483981807,35-20-20-10-15-v4-full,0.4458801088644759,-0.5310207954717476,-1.3862722899849922,97.53833802935857
2025-02-19,-0.3782130199969637,1.0527797348725654,-1.0035049785744228,106.17620824181058,35-20-20-10-15-v4-full,0.45705536440348277,-0.4804137393170069,-1.3778143345032823,97.80102453706833
2025-02-20,-0.4129174702644747,1.0181287600451956,-1.0165539113098496,105.88351643472625,35-20-20-10-15-v4-full,0.40815859155495227,-0.49539737849358567,-1.3777698207423892,97.5700625597944
2025-02-21,-0.40735098455921465,0.9744011317627719,-0.970578029195378,105.84302832685114,35-20-20-10-15-v4-full,0.3450836157224459,-0.43555014697651573,-1.2860509018604172,97.81798636765383
2025-02-24,-0.417149743675407,1.030774267780301,-0.676294034300103,106.76993520125276,35-20-20-10-15-v4-full,0.31336768205864396,-0.3467249113123141,-0.9743161428629106,98.84161843998109
2025-02-25,-0.4536705939964072,0.9642661461532804,-0.7039216648996357,106.30701066212235,35-20-20-10-15-v4-full,0.26371445094006907,-0.39277451396864094,-0.9889807112697129,98.44697229942378
2025-02-26,-0.4456836610733444,1.0151126503069205,-0.7287103064325218,106.47637934013542,35-20-20-10-15-v4-full,0.2781247755873881,-0.35339933015093394,-1.0146021665518137,98.59085553275496
2025-02-27,-0.4743058878864269,1.0282120993905843,-0.7266473878582663,106.43375663905992,35-20-20-10-15-v4-full,0.19902813667081865,-0.2601177569267805,-0.9697127299010417,98.79936718107051
2025-02-28,-0.5862332434860608,1.0059106870215682,-0.748239487152326,105.89882499675,35-20-20-10-15-v4-full,0.1231130501451746,-0.3404983707417497,-1.013917809350526,98.10162922434718
2025-03-03,,,,,incompleta-v4,,,,
2025-03-04,,,,,incompleta-v4,,,,
2025-03-05,-0.6411451155096116,0.9596674273547108,-0.7255591106673721,105.57836134721252,35-20-20-10-15-v4-full,0.019032001295047674,-0.29812779443842596,-0.9406809275930912,98.0899200629786
2025-03-06,-0.6576468848437547,0.8925425352740436,-0.6951819287725921,105.3280485409573,35-20-20-10-15-v4-full,-0.058321520012258876,-0.25377039075763774,-0.8348719028914496,98.2611349148803
2025-03-07,-0.510318517801466,1.1098211877607127,-0.6906928153914029,106.72403521900496,35-20-20-10-15-v4-full,0.12250497388871584,-0.09614970055400973,-0.8555744951032097,99.47275392381881
2025-03-10,-0.5669938784039622,1.1151487702113052,-0.9714900442343113,105.84498871459132,35-20-20-10-15-v4-full,-0.021889255863353885,0.06521500294091553,-1.0053180619895727,99.23847401645037
2025-03-11,-0.5740836126218083,0.9925921763220257,-0.9557328904772429,105.36934115366442,35-20-20-10-15-v4-full,-0.0033528411416013926,-0.09857190976927466,-0.9963407644901048,98.6706470608844
2025-03-12,-0.5591277010008199,0.956724520001278,-0.9843747077224898,105.20661167594177,35-20-20-10-15-v4-full,0.0654601544957214,-0.23160499808616652,-1.0903485027017117,98.14434084681845
2025-03-13,-0.5909131410459935,0.8933388196723555,-0.5314354410659364,105.97416800110935,35-20-20-10-15-v4-full,0.026446518135211816,-0.27955188753471716,-0.6204153728921721,98.99083838628631
2025-03-14,-0.6228181484538509,0.8863236084272261,-0.541648560901437,105.80890683061259,35-20-20-10-15-v4-full,0.0494366955488339,-0.38769328180823104,-0.715304823753342,98.40151480298701
2025-03-17,-0.7316884489679999,0.8605004852463398,-0.5272447131137872,105.36057790555864,35-20-20-10-15-v4-full,-0.036074324154062754,-0.4556874387388252,-0.7380508376095837,97.7733845716639
2025-03-18,-1.1534692512306572,0.7829149131634141,-0.577643586448952,103.44800562596973,35-20-20-10-15-v4-full,-0.47616187081806793,-0.48893828783690285,-0.747651586389618,96.07607288999748
2025-03-19,-1.0373791227641602,0.9132083200864747,-0.031175524637603723,105.74166485782308,35-20-20-10-15-v4-full,-0.32795453070010394,-0.4194298929915421,-0.26149239116890627,98.08823014784357
2025-03-20,-1.038694060897292,0.7592152628705191,-0.038266704239618046,105.10336239648827,35-20-20-10-15-v4-full,-0.3271998383449335,-0.5732965800033119,-0.27350056999203903,97.44538437598176
2025-03-21,-1.0556944670464798,0.7897215070938357,-0.041931021325831395,105.15672515914383,35-20-20-10-15-v4-full,-0.3355834524034298,-0.5573553641265112,-0.2966836185191957,97.42184896896634
2025-03-25,-1.0827705939024468,0.8139630535966111,-0.1002319549407766,105.01317256712169,35-20-20-10-15-v4-full,-0.3312045060449107,-0.6016296694412848,-0.43278997577922385,96.919812166812
2025-03-26,-1.08714125625589,0.8163535156569512,-0.05426415651303785,105.12235659319535,35-20-20-10-15-v4-full,-0.35408148333682643,-0.555350222406763,-0.34700925650808323,97.23931233260622
2025-03-27,-1.0499401088493967,0.7596772758425463,-0.061654918992331956,105.00737874366222,35-20-20-10-15-v4-full,-0.3229866134743733,-0.595655393113059,-0.343801906332114,97.19494206973955
2025-03-28,-1.132197898799572,0.6497320564668883,-0.04223480397076188,104.32824588888789,35-20-20-10-15-v4-full,-0.4450062709747604,-0.6062608911880181,-0.21618231724767772,97.04450024889945
2025-03-31,-1.2129225406113386,0.6618658783561259,0.052055561141791024,104.32997084288505,35-20-20-10-15-v4-full,-0.5307003395899159,-0.5712859347808666,-0.10054627084732626,97.17356095037589
2025-04-01,-1.220604813141564,0.5859614691943268,0.13675065010602908,104.21120297479266,35-20-20-10-15-v4-full,-0.5295054055992369,-0.6604300704097178,-0.037877210236690134,96.97783932835445
2025-04-02,,,,,incompleta-v4,,,,
2025-04-03,-1.255088956110074,0.6588483956565576,-0.07603085800058325,103.85010240998527,35-20-20-10-15-v4-full,-0.6379233520263328,-0.336354126360096,0.048711636393036925,98.11115240863242
2025-04-04,-1.4276921330619365,0.39478942145431856,-1.1572581183425852,99.48668724298979,35-20-20-10-15-v4-full,-0.837150195957772,-0.20605107716177912,-0.49942673932380843,96.56472471237353
2025-04-07,-1.6884826372472403,0.24033156129417738,-1.2316015175348343,97.77023053972003,35-20-20-10-15-v4-full,-0.9960299099860902,-0.3675328274610669,-0.5542472091361075,95.22566753754653
2025-04-08,-1.710521643455271,-0.24098593926885659,-1.2456009663209657,95.73282539377446,35-20-20-10-15-v4-full,-0.9298261701250901,-0.7324581728938613,-0.4580505750389967,94.23817083057162
2025-04-09,-1.4033593097869959,0.03619010129076676,-1.0004181545073636,98.52955475338592,35-20-20-10-15-v4-full,-0.6379185362159292,-0.922310077257645,-0.8363821764488252,93.55461092827399
2025-04-10,-1.5870289368918225,-0.3349188058923693,-1.0611237428899685,96.25051145882998,35-20-20-10-15-v4-full,-0.7811492356385099,-1.1002115252090066,-0.6653267754827086,92.7693361909048
2025-04-11,-1.3143197751703635,0.27086121892976966,-1.057314943437349,99.63763562277518,35-20-20-10-15-v4-full,-0.5084750830995796,-0.5803462950564787,-0.7697168642904323,95.54218142338185
2025-04-14,-0.5810505439062468,0.5459456034608734,-1.2462325642861545,102.832121418202,35-20-20-10-15-v4-full,0.19543434311707197,-0.47661668940141944,-1.1800931376354793,97.39484215439775
2025-04-15,-0.42701228889891224,0.5156893976636099,-1.2722078931924155,103.18529216527295,35-20-20-10-15-v4-full,0.3429382253690521,-0.5251481874676511,-1.227128397713457,97.59939159981981
2025-04-16,0.3003163848841679,0.7713498798094726,-1.3831692296315075,106.47618111099946,35-20-20-10-15-v4-full,1.0684003442070433,-0.20479192840880678,-1.240900269532447,101.38550437244068
2025-04-17,,,,,incompleta-v4,,,,
2025-04-18,,,,,incompleta-v4,,,,
2025-04-21,0.7755201860817432,0.9174535596630589,-1.7806744048062741,107.7300461966684,35-20-20-10-15-v4-full,1.5282593594462335,-0.025922134137420838,-1.5913520952985145,102.83436053844822
2025-04-22,0.5904775366315218,0.6362345085888803,-1.7616796341557224,106.00500764592229,35-20-20-10-15-v4-full,1.3226257294634323,-0.3850058494738646,-1.6851518903148417,100.44380848462183
2025-04-23,0.30624355603436354,0.886018594293017,-1.7675199133609274,105.99472435863578,35-20-20-10-15-v4-full,1.0262992399644015,-0.1862989208084389,-1.7643180956498514,100.0035779726994
2025-04-24,0.11914453881983138,0.7600385358835164,-1.7181841212948463,104.9592970449121,35-20-20-10-15-v4-full,0.8288123368884049,-0.3588023678223242,-1.7862113986794506,98.56762676630387
2025-04-25,0.15126799727912574,0.7336847148666551,-1.707363109033421,104.99336639610576,35-20-20-10-15-v4-full,0.851220959696712,-0.42360961610245285,-1.833926184552595,98.26754098832957
2025-04-28,0.24235594872837418,0.7208020848803616,-1.699382609279758,105.2805949556171,35-20-20-10-15-v4-full,0.9366355505066096,-0.4248152878726992,-1.8086275861588992,98.62491586506746
2025-04-29,0.2884403193935553,0.603566338293261,-1.6647293787055006,105.05958034303248,35-20-20-10-15-v4-full,0.9746870842053746,-0.5641990188326647,-1.8067018764225118,98.20537558351425
2025-04-30,0.18602729461502704,0.6887973609622942,-1.6210140303770035,105.15134721780501,35-20-20-10-15-v4-full,0.8677574201149285,-0.46240544992479027,-1.7363963958315913,98.41405973630648
2025-05-01,,,,,incompleta-v4,,,,
2025-05-02,,,,,incompleta-v4,,,,
2025-05-05,-0.016937979198531995,0.6787025418716348,-1.619885010279748,104.40341203333806,35-20-20-10-15-v4-full,0.6578694838888113,-0.4917341052207178,-1.7734279181099901,97.46955853263538
2025-05-06,0.028326864658364717,0.5485058172602816,-1.603924896758424,104.0809523721951,35-20-20-10-15-v4-full,0.7005240688312467,-0.5887836600278201,-1.706590065939987,97.39774599113049
2025-05-07,0.5484874423320623,0.4941560942723675,-1.577786675411263,105.74946105546928,35-20-20-10-15-v4-full,1.2113287756424092,-0.670317779117396,-1.71837356045207,98.82996725233104
2025-05-08,0.6844068515068547,0.49997177545747595,-0.9329948331692064,107.86042131792664,35-20-20-10-15-v4-full,1.338133437747929,-0.687968692662194,-1.1090730153463575,100.72643127828546
2025-05-09,0.6856639189399364,0.622764430340883,-0.8793374111089977,108.49013522862657,35-20-20-10-15-v4-full,1.3314441867617532,-0.5760427435539377,-1.072119384266894,101.24310677396552
2025-05-10,,,,,incompleta-v4,,,,
2025-05-11,,,,,incompleta-v4,,,,
2025-05-12,0.7301159863438851,0.4788420503673675,-0.8763072512579666,108.0776033442739,35-20-20-10-15-v4-full,1.3625465625158388,-0.801770863659477,-1.204717111668292,100.11755829017918
2025-05-13,0.7434359573311973,0.5846748459491984,-0.869965913015937,108.56340777066188,35-20-20-10-15-v4-full,1.3676280429955563,-0.6944734502237779,-1.1976114795116,100.58229720599272
2025-05-14,0.7864881013706385,0.5788091039249683,-0.8046513472486296,108.85391372112129,35-20-20-10-15-v4-full,1.4037121696325408,-0.6853729752021105,-1.1089093094801354,100.96674897438749
2025-05-15,0.6916198365917456,0.7037816795712772,-0.7733239833732526,109.10008350666884,35-20-20-10-15-v4-full,1.2990935745585976,-0.5742656597081477,-1.1023361690063707,101.06144600478895
2025-05-16,0.594214210641923,0.3437529593827282,-0.6535213313532326,107.61855556514031,35-20-20-10-15-v4-full,1.1919466460773607,-0.9403996475401668,-0.9991822757007287,99.47978053704065
2025-05-17,,,,,incompleta-v4,,,,
2025-05-18,,,,,incompleta-v4,,,,
2025-05-19,0.680121937292294,0.5499750766285867,-0.5474327212149778,109.00934260274568,35-20-20-10-15-v4-full,1.27219644554773,-0.706959505310979,-0.851055903512461,101.06473133457436
2025-05-20,0.6357149592495035,0.3671451583598443,-0.2661044492125779,108.82591918652695,35-20-20-10-15-v4-full,1.2196701143392676,-0.8834008241622556,-0.5678818896866241,100.88305893450423
2025-05-21,0.7012609753083738,0.5854059906536777,0.5228694352287316,111.9008082830116,35-20-20-10-15-v4-full,1.2873672805116376,-0.5986536558619937,0.33282763781299163,104.51076150805761
2025-05-22,0.7789293860564172,0.36073645718081204,0.4866819304194682,111.18350082471513,35-20-20-10-15-v4-full,1.3552746033860212,-0.8314378643102651,0.2721958285739211,103.6657207812272
2025-05-23,0.7934703319863705,0.1690115056366553,0.4849439659570201,110.46314941813722,35-20-20-10-15-v4-full,1.369946792783289,-0.9742348285994595,0.35104139627241193,103.34299950620708
2025-05-24,,,,,incompleta-v4,,,,
2025-05-25,,,,,incompleta-v4,,,,
2025-05-26,0.7786136088425472,0.3832530896362639,0.4851993871551804,111.26875577612768,35-20-20-10-15-v4-full,,,,
2025-05-27,0.5888817708722931,0.30493915614306355,0.6502704463119522,110.70411625715091,35-20-20-10-15-v4-full,1.144866442346141,-0.904225361841834,0.38052222760873194,102.90895822504837
2025-05-28,0.5538283940464787,0.4876598860212808,0.7139673760284325,111.47155468206464,35-20-20-10-15-v4-full,1.1036689632462622,-0.7104705699072527,0.45705719783618143,103.73112364150573
2025-05-29,0.3469846710337319,0.41323912443711175,0.6879091474056702,110.38477303362643,35-20-20-10-15-v4-full,0.8894384286467727,-0.7834566094438632,0.42439922272351155,102.6077276744794
2025-05-30,0.2293955084612866,0.4920870277191609,0.7841786321553197,110.5292762896252,35-20-20-10-15-v4-full,0.7620528781263198,-0.7135256105726246,0.4938360763125679,102.61519437711542
2025-05-31,,,,,incompleta-v4,,,,
2025-06-01,,,,,incompleta-v4,,,,
2025-06-02,-0.9362760804682426,0.4292836376206564,0.7801889462023311,106.18823795309535,35-20-20-10-15-v4-full,-0.42561770059554316,-0.7760323764322397,0.47941211854906574,98.17226039374168
2025-06-03,-0.9485611941917189,0.506198627516914,0.7777029077107047,106.44668491841915,35-20-20-10-15-v4-full,-0.44019163013843576,-0.707620262237031,0.44764225589012446,98.31547544047504
2025-06-04,-0.9389566111271355,0.33372473467519387,0.5372920691828023,105.18937829145855,35-20-20-10-15-v4-full,-0.43232816107363403,-0.8750625935784615,0.20096780709285722,97.05654213484296
2025-06-05,-0.9428114616388386,0.46992416745015253,0.5375233141375266,105.72126215815425,35-20-20-10-15-v4-full,-0.4330249792612325,-0.7171155057666728,0.2344096967040759,97.76949634646157
2025-06-06,-0.9149446816454404,0.3737461164536172,0.5295060684322017,105.41404056988168,35-20-20-10-15-v4-full,-0.4161930094326062,-0.8409453450968912,0.154996348605341,97.13455551329405
2025-06-07,,,,,incompleta-v4,,,,
2025-06-08,,,,,incompleta-v4,,,,
2025-06-09,-0.8940609800106424,0.46769369722232557,0.4556510736724977,105.67828636177904,35-20-20-10-15-v4-full,-0.3944523766507674,-0.735808039472216,0.0958345221161302,97.48329238430615
2025-06-10,-0.8856131103182727,0.3981926961686981,0.4547313065055733,105.42755048357053,35-20-20-10-15-v4-full,-0.38943399708536053,-0.8064048811236046,0.08508260943320745,97.19158956447221
2025-06-11,-0.8451279256016702,0.3699623247484807,0.3524684249653483,105.2006699405472,35-20-20-10-15-v4-full,-0.3481101368223486,-0.8262750712914684,-0.0054581689352593,97.03039036880014
2025-06-12,-0.8466308494140673,0.4099575643851249,0.336635147026196,105.3158074709025,35-20-20-10-15-v4-full,-0.34700640086742784,-0.7693755509644223,0.009338065562246589,97.29884211219431
2025-06-13,-0.8386374883985007,0.3151423574512434,0.33600459821599904,104.96294703469597,35-20-20-10-15-v4-full,-0.3198553250052327,-0.808462502961777,0.12367968843612143,97.52337712690726
2025-06-14,,,,,incompleta-v4,,,,
2025-06-15,,,,,incompleta-v4,,,,
2025-06-16,,,,,incompleta-v4,,,,
2025-06-17,-0.7411527127100529,0.2825420531185898,0.29724486418404383,105.07684319719503,35-20-20-10-15-v4-full,-0.21769516792516608,-0.8220508967136193,0.11488346001968452,97.80459353063902
2025-06-18,-0.6136789703073267,0.06824358181904516,0.3097155804993298,104.69698420119461,35-20-20-10-15-v4-full,-0.10132814651426625,-1.058318524062461,0.0646099226457515,97.14112375274698
2025-06-19,-0.6750681928813098,0.32754030895268343,0.3501201883214612,105.62032035027555,35-20-20-10-15-v4-full,,,,
2025-06-20,,,,,incompleta-v4,,,,
2025-06-21,,,,,incompleta-v4,,,,
2025-06-22,,,,,incompleta-v4,,,,
2025-06-23,-0.7135141071729925,0.2688527780456134,0.19021998255929293,104.85125901222096,35-20-20-10-15-v4-full,-0.20529400450234037,-0.8569964224003241,-0.07076232726983087,97.24410103164831
2025-06-24,-0.7117471962168456,0.3472929232122168,0.1896712015591391,105.1698318287335,35-20-20-10-15-v4-full,-0.22219698775178265,-0.8145370651828321,-0.17086139265140385,97.1045303556913
2025-06-25,-0.7975096775202686,0.3986033028210242,0.17881749074233494,105.04777038556475,35-20-20-10-15-v4-full,-0.31365048240353754,-0.7708414554304365,-0.21065958984252148,96.85973007044194
2025-06-26,-0.7817105112653007,0.41032447200537936,0.16189010902863368,105.1076336899103,35-20-20-10-15-v4-full,-0.2982004351230775,-0.7573557741540042,-0.23280703964753555,96.91237933651675
2025-06-27,-0.7535865647332498,0.4169340502233315,0.15999577462734152,105.22776997964105,35-20-20-10-15-v4-full,-0.27295389072516474,-0.7495246215027856,-0.24505623993286094,97.001443851801
2025-06-28,,,,,incompleta-v4,,,,
2025-06-29,,,,,incompleta-v4,,,,
2025-06-30,-0.9777200980351196,0.3490962232376153,0.057485069486869676,103.91567454229046,35-20-20-10-15-v4-full,-0.49705883745056856,-0.8044759664974725,-0.3285071581426556,95.78864386275886
2025-07-01,-1.0603424969004818,0.36798754918297194,0.02983134783420561,103.63292714591147,35-20-20-10-15-v4-full,-0.5764306461543642,-0.7786231386420664,-0.3525114842434868,95.55424302846512
2025-07-02,-1.095584234831644,0.5506797174468816,0.052794414346592045,104.297757402489,35-20-20-10-15-v4-full,-0.6119310525102181,-0.5949592639776204,-0.3386207915927395,96.19937383650428
2025-07-03,-1.1116717016117328,0.5237548558919914,0.059161679035763366,104.14966998426206,35-20-20-10-15-v4-full,-0.6270615999106559,-0.6211091187914332,-0.3456620357558606,96.0242143909397
2025-07-04,-1.1423097669950302,0.4241627595644646,0.48860050079524414,104.71766542450911,35-20-20-10-15-v4-full,,,,
2025-07-05,,,,,incompleta-v4,,,,
2025-07-06,,,,,incompleta-v4,,,,
2025-07-07,-1.2805009293695928,0.40333495974887024,0.4825070029694425,104.13545141237127,35-20-20-10-15-v4-full,-0.77996131397149,-0.7161364536972896,0.13363092762478235,96.30718846055495
2025-07-08,-1.2101637952106294,0.4103876796157322,0.4810363073504852,104.40616552234769,35-20-20-10-15-v4-full,-0.7154241055016577,-0.7210307010721559,0.08712452841834517,96.39722570268381
2025-07-09,,,,,incompleta-v4,,,,
2025-07-10,-1.2169100555841426,0.0476949223018161,0.3511580111715423,102.60708684133738,35-20-20-10-15-v4-full,-0.7261524542639097,-1.0889282798358997,-0.08984505361563094,94.44566221187601
2025-07-11,-1.2028967401746307,0.04098940004121794,0.2880448313656253,102.47152840671347,35-20-20-10-15-v4-full,-0.7046186054553036,-1.0802876798100756,-0.12818344039122276,94.45974711587046
2025-07-12,,,,,incompleta-v4,,,,
2025-07-13,,,,,incompleta-v4,,,,
2025-07-14,-1.3067828321244952,0.004422649313650037,0.4020433636034977,102.24665641257336,35-20-20-10-15-v4-full,-0.7985865914937904,-1.1005720975809925,0.01754725561835352,94.41404823367603
2025-07-15,-1.2101887798208322,0.02608008259495246,0.3981336370764175,102.6615910124437,35-20-20-10-15-v4-full,-0.6968876951883576,-1.0701054478174408,0.019065292059784078,94.89565606090282
2025-07-16,-1.2059084540790925,-0.05980873042848795,0.35296220160543146,102.22008831176855,35-20-20-10-15-v4-full,-0.6907811835331655,-1.152394354652272,-0.038913757718450015,94.44292559991108
2025-07-17,-1.2683720449639502,-0.027975030851385765,0.41651471175569504,102.28768181735562,35-20-20-10-15-v4-full,-0.7535723431746357,-1.122720190132608,-0.005593300834637438,94.42515434145412
2025-07-18,-1.327113080663715,-0.267119290154839,0.42740156307772154,101.1527282834977,35-20-20-10-15-v4-full,-0.808415642115113,-1.3552151216086583,-0.0004967284851859488,93.31596450013188
2025-07-19,,,,,incompleta-v4,,,,
2025-07-20,,,,,incompleta-v4,,,,
2025-07-21,-1.2585552939715474,-0.2775935739571335,0.4213161092480983,101.33556976713705,35-20-20-10-15-v4-full,-0.7344189872374343,-1.3550558480247454,0.003536707444671161,93.58567347636405
2025-07-22,-1.16667628374585,-0.29066971850793233,0.6016734659380542,102.05573511644869,35-20-20-10-15-v4-full,-0.6390976408806739,-1.3614133448169374,0.17534860701623106,94.32339795037285
2025-07-23,-1.1565180233988999,-0.2920737963716297,0.603422680734366,102.09004575319899,35-20-20-10-15-v4-full,-0.6299831096164418,-1.3638940780603237,0.12505282981209204,94.21963643381376
2025-07-24,-1.1958709562165621,-0.2708255093336155,0.6508356556829364,102.15583607386066,35-20-20-10-15-v4-full,-0.6634744857731706,-1.331954626050448,0.17061722061605117,94.34408540231462
2025-07-25,-1.2615009111092783,-0.22175313802702395,0.6413869147496438,102.09879886462929,35-20-20-10-15-v4-full,-0.7252967291882703,-1.2767972078090608,0.13758656652862922,94.26576058810876
2025-07-26,,,,,incompleta-v4,,,,
2025-07-27,,,,,incompleta-v4,,,,
2025-07-28,-1.3114070215622846,-0.2522147853246097,0.6316970268599764,101.77805616912926,35-20-20-10-15-v4-full,-0.7679134510819947,-1.296907228826148,0.13091739704353145,94.01948905369963
2025-07-29,-1.3031716068560621,-0.2645180532190551,0.8028300607966037,102.18549963386482,35-20-20-10-15-v4-full,-0.7491441101963262,-1.2915638222598438,0.34707741768353817,94.64695542466471
2025-07-30,-1.3544348216123767,-0.26486499404255304,0.806022846718438,102.01267258372832,35-20-20-10-15-v4-full,-0.795962917538361,-1.2841348460652044,0.3287837798202554,94.46707140908794
2025-07-31,-1.8926405969246538,-0.443650367361133,0.8013880845643769,99.40222397147588,35-20-20-10-15-v4-full,-1.3226952290718073,-1.4465358332949316,0.3836074475580875,92.11096353914654
2025-08-01,-1.8361485358764091,-0.4633240302128136,0.7691179436769541,99.44057618151945,35-20-20-10-15-v4-full,-1.2475887905389955,-1.4424149547454443,0.5179868057302488,92.72626798363974
2025-08-02,,,,,incompleta-v4,,,,
2025-08-03,,,,,incompleta-v4,,,,
2025-08-04,-1.779901739799325,-0.4605507686993081,0.7626743857047898,99.63242411891285,35-20-20-10-15-v4-full,-1.1923860818675713,-1.4442940624237492,0.38647185562791253,92.58317365802066
2025-08-05,-1.6847463423868083,-0.3464607170321388,0.7549243533264404,100.40245313557946,35-20-20-10-15-v4-full,-1.0893754680232628,-1.3207200987525198,0.37631211385069996,93.41260730671763
2025-08-06,-1.6375088543951768,-0.4142199825668492,0.7509768125021267,100.28687842935055,35-20-20-10-15-v4-full,-1.037733152799043,-1.382482910544252,0.3059160331534413,93.17031396109232
2025-08-07,-1.5994113736425544,-0.404921993242518,0.7385394255345643,100.42631810186315,35-20-20-10-15-v4-full,-0.9929441763151023,-1.3613842303065664,0.27146038972559505,93.32533099116723
2025-08-08,-1.599814164966891,-0.4027057116458165,0.7734368809564052,100.52101709716938,35-20-20-10-15-v4-full,-0.9866021510727003,-1.335874325083978,0.22920743557934298,93.34393531504037
2025-08-09,,,,,incompleta-v4,,,,
2025-08-10,,,,,incompleta-v4,,,,
2025-08-11,-1.5679374504092922,-0.3869980691580714,0.7761312605562651,100.7021521170716,35-20-20-10-15-v4-full,-0.9466798178142057,-1.3073597565221253,0.28020992043152165,93.72522796782296
2025-08-12,-1.5322224935745334,-0.3452135059488832,0.780058758563705,101.00411146384862,35-20-20-10-15-v4-full,-0.9030046285436961,-1.2422988012599203,0.1980354016693412,93.93289865441311
2025-08-13,-1.5005053968924502,-0.18094733969119622,0.9609285942934046,102.2243605565909,35-20-20-10-15-v4-full,-0.8618039288411289,-1.0632701798846902,0.35352863135153356,95.1819486630785
2025-08-14,-1.4267332286947751,-0.3460680144505539,-0.1374005090910679,99.07625768778415,35-20-20-10-15-v4-full,-0.7799044663948601,-1.2186792042371049,-0.7209423220978823,92.16078330060724
2025-08-15,,,,,incompleta-v4,,,,
2025-08-16,,,,,incompleta-v4,,,,
2025-08-17,,,,,incompleta-v4,,,,
2025-08-18,-1.3399246444547945,-0.3816267691154485,-0.14917165059890913,99.2084248601949,35-20-20-10-15-v4-full,-0.6873775778151933,-1.23898011321175,-0.7179178194899623,92.4109850312573
2025-08-19,-1.3159648530531587,-0.24170774848629686,-0.8738266911966016,98.040322611123,35-20-20-10-15-v4-full,-0.6589538982408991,-1.0962473815398697,-1.4093000458649414,91.3529432705174
2025-08-20,-1.3646622019895398,-0.39932759319799754,-0.8718010312670466,97.24446666082275,35-20-20-10-15-v4-full,-0.7022757356693328,-1.245603012669374,-1.3966808991970403,90.63544218166962
2025-08-21,-1.451416209522295,-0.5938650780008705,-0.9054156128391339,96.0786412413164,35-20-20-10-15-v4-full,-0.7857075942158914,-1.440766889389596,-1.3823572876721717,89.59858419868794
2025-08-22,-1.473379137876591,-0.5837874219847484,-0.8873591223638806,96.08722284232898,35-20-20-10-15-v4-full,-0.7938807057181926,-1.3906353576894808,-1.4650061693436847,89.56388223105156
2025-08-23,,,,,incompleta-v4,,,,
2025-08-24,,,,,incompleta-v4,,,,
2025-08-25,-1.626581980443993,-0.8424021796407771,-1.1012445182547361,93.98184037299183,35-20-20-10-15-v4-full,-0.940883820412958,-1.641385796384824,-1.639531795936442,87.61005550835662
2025-08-26,-1.575045249006803,-0.6318834433517941,-1.089115643608918,95.03461606479247,35-20-20-10-15-v4-full,-0.8809247700050882,-1.4163929316128263,-1.6124279269080422,88.78764331644315
2025-08-27,-1.560298491960571,-0.6887297180807658,-1.161924571976735,94.67682229461884,35-20-20-10-15-v4-full,-0.8561117403357005,-1.4641405413597082,-1.6583447527102266,88.56870641679302
2025-08-28,-1.461895872363304,-0.8416271093442597,-1.1559778186568987,94.4245087814549,35-20-20-10-15-v4-full,-0.7477726428090823,-1.5959843807910992,-1.6409454003285517,88.46401628136482
2025-08-29,-1.7370534426315847,-0.716427745297513,-1.1078142043164982,94.0826637775539,35-20-20-10-15-v4-full,-1.0196315394586195,-1.4746872662170896,-1.5367323733563987,88.25823116881786
2025-08-30,,,,,incompleta-v4,,,,
2025-08-31,,,,,incompleta-v4,,,,
2025-09-01,-1.799925325735366,-0.9274739083429367,-1.1669423290849,92.87060722258798,35-20-20-10-15-v4-full,,,,
2025-09-02,-1.7175572402565282,-1.1321454861218625,-1.1674119642021115,92.33903512285517,35-20-20-10-15-v4-full,-1.0061407175482442,-1.9103284795310675,-1.525413701206006,86.59118087262424
2025-09-03,-1.695101037419158,-0.9500575592345408,-1.1268669961698525,93.2473459604159,35-20-20-10-15-v4-full,-0.9708947104958325,-1.7006366751389033,-1.4993368150421524,87.61850133028597
2025-09-04,-1.7209705511249516,-1.4688357487257229,-1.121093916094752,91.09612260466865,35-20-20-10-15-v4-full,-0.9805882931420824,-2.179933206478137,-1.5109751138692697,85.63829191859936
2025-09-05,-1.6659842614683096,-1.6592837879914355,-0.9819924241274809,90.87453619132222,35-20-20-10-15-v4-full,-0.917106799804518,-2.346553541320249,-1.362440115872843,85.56533330090346
2025-09-06,,,,,incompleta-v4,,,,
2025-09-07,,,,,incompleta-v4,,,,
2025-09-08,-1.9164650427542351,-2.6519306124448225,-4.668660653580792,76.81059558537466,35-20-20-10-15-v4-full,-1.1572140788057095,-3.310946236764064,-5.007659646396814,71.7543382163141
2025-09-09,-1.905401171634946,-2.2422829678077756,-4.450165590241075,79.03414737118965,35-20-20-10-15-v4-full,-1.1355822543750294,-2.876584219246208,-4.749504084373335,74.2128865769516
2025-09-10,-1.880552992355344,-2.075246025931064,-4.278157091707848,80.21928501250818,35-20-20-10-15-v4-full,-1.1046833162763996,-2.6972681660399287,-4.533555658449188,75.5781681379323
2025-09-11,-2.7305385845860055,-2.13524154520341,-4.105294654074533,77.43650945669475,35-20-20-10-15-v4-full,-1.9302034770240448,-2.7176693285707785,-4.332459625501265,73.10998300756194
2025-09-12,-2.8558995397261757,-2.391543696495725,-3.783403742801408,76.77726478671772,35-20-20-10-15-v4-full,-2.0385255789726844,-2.951170968075111,-3.9743641844100583,72.69208769545239
2025-09-13,,,,,incompleta-v4,,,,
2025-09-14,,,,,incompleta-v4,,,,
2025-09-15,-2.0219801738429877,-3.460633589072675,-3.6618712447546855,75.72345424211788,35-20-20-10-15-v4-full,-1.2080468500645183,-4.01978485942698,-3.8123062313472933,71.72945256388041
2025-09-16,-1.9246311951201003,-2.7478136268314794,-3.3767393037511515,79.6282853691216,35-20-20-10-15-v4-full,-1.1127099484179723,-3.306426945631433,-3.496541367346945,75.70597553482638
2025-09-17,-1.9374953205709295,-2.5983907801610395,-3.285247085971006,80.40968286117582,35-20-20-10-15-v4-full,-1.1072847532292092,-3.112021147606979,-3.3841583685952408,76.78354440696413
2025-09-18,-2.0014740056316063,-3.3258067139566094,-3.331816939299184,77.15966909496073,35-20-20-10-15-v4-full,-1.1619269169562347,-3.8106023611532938,-3.4035846439966013,73.74940629123088
2025-09-19,-1.9816985200465458,-2.919221971548425,-3.2452522378581126,79.07163401774386,35-20-20-10-15-v4-full,-1.1288031555677094,-3.3686456177552477,-3.2885946881297654,75.92064131934998
2025-09-20,,,,,incompleta-v4,,,,
2025-09-21,,,,,incompleta-v4,,,,
2025-09-22,-1.5253858080840017,-1.8923131571205176,-3.161394030913746,84.98600928468531,35-20-20-10-15-v4-full,-0.6783920639350292,-2.350806991999153,-3.1783968280504347,81.84392929328708
2025-09-23,-1.372547381341854,-1.4048611272614844,-3.0780606633292353,87.67908531668023,35-20-20-10-15-v4-full,-0.530350257647607,-1.8724312009472173,-3.070662399256018,84.54491485148684
2025-09-24,-1.2152272473925005,-0.6828489399130981,-3.0029403968050095,91.30555520120708,35-20-20-10-15-v4-full,-0.3617605701019071,-1.1215405136566492,-2.9676740135145185,88.3960124714128
2025-09-25,-1.2534663901371856,-1.7611381291377393,-2.9656781857541805,86.9517169723292,35-20-20-10-15-v4-full,-0.40729943344274167,-2.207289904145357,-2.913308200315974,84.02954342076141
2025-09-26,-1.286650718258308,-1.5344196335018676,-2.924702682214791,87.84488456529722,35-20-20-10-15-v4-full,-0.41183457760724484,-1.9013901747763253,-2.8491870446642453,85.3975722227911
2025-09-27,,,,,incompleta-v4,,,,
2025-09-28,,,,,incompleta-v4,,,,
2025-09-29,-1.3345560708620368,-2.3659656831416824,-2.8475802321920543,84.54383775768176,35-20-20-10-15-v4-full,-0.4714167299769606,-2.7481612426979396,-2.755221687081318,82.03686381176796
2025-09-30,-1.8089174093379725,-3.1570574614169518,-2.7721530595817514,79.90777389144066,35-20-20-10-15-v4-full,-0.9426865529762751,-3.5209597755814372,-2.6646532544521837,77.52264638130922
2025-10-01,-1.8223044153851555,-3.098637628188226,-2.7199606951377584,80.2250796143004,35-20-20-10-15-v4-full,-0.950285999479584,-3.438882074137813,-2.5943747941631923,78.00005527504459
2025-10-02,-1.6608272424586532,-2.446936153735578,-2.6720947579994614,83.5167204601995,35-20-20-10-15-v4-full,-0.7903741152982648,-2.7855285270041814,-2.530295618536869,81.33335899727956
2025-10-03,-1.616327920743022,-1.9249506605577642,-2.610151555702269,85.91526806465845,35-20-20-10-15-v4-full,-0.7416296907226461,-2.249454057275653,-2.450139986562212,83.84865144214497
2025-10-04,,,,,incompleta-v4,,,,
2025-10-05,,,,,incompleta-v4,,,,
2025-10-06,-1.637241814548846,-1.5838473565325368,0.41846437873090814,94.77802248852191,35-20-20-10-15-v4-full,-0.7520556254431262,-1.882509604405189,0.5810325598792052,92.8578698482087
2025-10-07,-1.6523386024589235,-1.553938543214001,0.41982759188642393,94.84822701699957,35-20-20-10-15-v4-full,-0.7795889334722635,-1.8865571944293735,0.5804410887238343,92.74383423212154
2025-10-08,-1.8793788020244029,-1.6262649661278124,0.4260670082745615,93.77987916783549,35-20-20-10-15-v4-full,-0.9814028692497717,-1.899036041267713,0.5917836768333411,92.01592653982067
2025-10-09,-1.5560015160780925,-0.696719692240834,0.41149294114909446,98.59344559638183,35-20-20-10-15-v4-full,-0.6566389164795553,-0.9709560771693917,0.5773332782725601,96.82879423450777
2025-10-10,,,,,incompleta-v4,,,,
2025-10-11,,,,,incompleta-v4,,,,
2025-10-12,,,,,incompleta-v4,,,,
2025-10-13,-1.397782855588435,-0.6524141360216628,0.43295879707643237,99.37809777279065,35-20-20-10-15-v4-full,-0.5492373135684184,-1.051779067079916,0.591880562225257,96.91777609493639
2025-10-14,-1.5558022657377226,-1.081404832943313,0.2630244887833187,96.68423127884877,35-20-20-10-15-v4-full,-0.7401620159835512,-1.565606136975635,0.42138461557409895,93.76799149027265
2025-10-15,-1.5044459856632737,-0.9095272047939281,0.2662441666759256,97.5595379664384,35-20-20-10-15-v4-full,-0.6814679353606469,-1.377941419432518,0.429904977987287,94.74538054865826
2025-10-16,-1.604212616386429,-1.0615091890578188,0.25654752848502027,96.57818522637453,35-20-20-10-15-v4-full,-0.8711753699655231,-1.7537040425495753,0.4093123102450958,92.52687236571748
2025-10-17,-1.8151600743181229,-1.3474927015057863,0.7789170151641066,96.00185879051944,35-20-20-10-15-v4-full,-0.9846652911854138,-1.8025097669154138,0.9490922297557389,93.28388454276111
2025-10-18,,,,,incompleta-v4,,,,
2025-10-19,,,,,incompleta-v4,,,,
2025-10-20,-1.8312672650430106,-1.2674815175139251,0.697631554057533,96.06231470618334,35-20-20-10-15-v4-full,-0.9428786994667394,-1.5863639316352738,0.8793213417277856,94.12029373482716
2025-10-21,-1.9226620810229549,-1.483108539694807,0.6905007928077067,94.86209785840545,35-20-20-10-15-v4-full,-1.0203438659543274,-1.7740184634554637,0.8756028780715702,93.0892513656993
2025-10-22,-1.888135549736525,-2.071790059963543,0.7018515822034452,92.65659161032235,35-20-20-10-15-v4-full,-0.9954999378669799,-2.386746374708788,0.8857691138112415,90.7507090583409
2025-10-23,-1.6796250381359648,-1.8752503678503314,0.699623768599424,94.1669676353671,35-20-20-10-15-v4-full,-0.7548454449481602,-2.112039460356152,0.8883303840067711,92.69823061645613
2025-10-24,-1.7096528201884267,-2.068621060206192,1.0143433950095815,94.07518669478544,35-20-20-10-15-v4-full,-0.7604161297771876,-2.2441584415662987,1.2013505003598026,92.93280758559654
2025-10-25,,,,,incompleta-v4,,,,
2025-10-26,,,,,incompleta-v4,,,,
2025-10-27,-1.341064751731711,-0.322167804338594,1.0138036435047988,102.34970857909238,35-20-20-10-15-v4-full,-0.3769885759331836,-0.46399072520071005,1.1969606046306667,101.38450015019006
2025-10-28,-1.4505879862703703,-0.4077000025076264,1.0248232614551955,101.65179751040694,35-20-20-10-15-v4-full,-0.497667414880411,-0.5781649675601477,1.2023295266412541,100.51884954946348
2025-10-29,-1.4119615190748966,-0.45402515140653676,1.0878121301568755,101.75916172174965,35-20-20-10-15-v4-full,-0.46776845663629607,-0.6459513757605158,1.2625166960249579,100.50281819397567
2025-10-30,-1.3867062397582086,-0.17636555162999767,1.071150075189616,102.91653846104607,35-20-20-10-15-v4-full,-0.4402411457428538,-0.3652173766099512,1.2396050652525454,101.66482070177395
2025-10-31,-1.4017696689184949,-0.0701625176837612,1.0699452115263723,103.2856164356119,35-20-20-10-15-v4-full,-0.46514829135928404,-0.28316018463618386,1.236339747258627,101.89771116502672
2025-11-01,,,,,incompleta-v4,,,,
2025-11-02,,,,,incompleta-v4,,,,
2025-11-03,-1.4599226399079597,-0.3569242581987391,1.0699223497742103,101.93497692070846,35-20-20-10-15-v4-full,-0.5150310363193412,-0.5523816838123555,1.2308358847499443,100.63247590469012
2025-11-04,-1.4258470792193065,-0.3437693920811259,1.0008306533788238,101.93413160660073,35-20-20-10-15-v4-full,-0.5212373692449068,-0.6281684098610749,1.1732467388161587,100.1636339704213
2025-11-05,-1.3609273140823066,-0.11119307098062073,0.9451898708338095,102.95255411261972,35-20-20-10-15-v4-full,-0.43199733109451255,-0.344672899801082,1.1085513166121324,101.44821758867758
2025-11-06,-1.3550915550475509,-0.2273868128863068,0.9106265906485995,102.42179610115559,35-20-20-10-15-v4-full,-0.45919573518654355,-0.5316409940580922,1.0877012040409233,100.5530255158994
2025-11-07,-1.264110924096555,-0.16002534039712588,0.564647002758393,102.14472522971529,35-20-20-10-15-v4-full,-0.3569487864254458,-0.4405040100843044,0.7390493513683976,100.40380814077709
2025-11-08,,,,,incompleta-v4,,,,
2025-11-09,,,,,incompleta-v4,,,,
2025-11-10,-1.2668135746825482,0.20572242709649893,0.5665390444670595,103.60298712691048,35-20-20-10-15-v4-full,-0.32340083795027963,-0.0005507918249087196,0.7252253312293269,102.24647878313007
2025-11-11,-1.2458234280086344,0.059406215598684364,0.8342162152924144,103.7603807213413,35-20-20-10-15-v4-full,-0.2929185942592032,-0.12665093124866125,0.9884680319477892,102.50687283014999
2025-11-12,-1.2216222691334766,-0.07711008072047232,0.836339090778994,103.30432678084418,35-20-20-10-15-v4-full,-0.2721117848043585,-0.2678466562747187,0.9926787178030584,102.02544047777589
2025-11-13,-1.2393988792415425,-0.2628017648295631,0.7002994282664152,102.15924275274814,35-20-20-10-15-v4-full,-0.34447931664044074,-0.5684295043317398,0.8907306347881432,100.31495251658423
2025-11-14,-1.197818236487029,-0.20126805934363226,0.7016688021429303,102.55433325902395,35-20-20-10-15-v4-full,-0.2955920492091797,-0.49143543153892444,0.8909771514098322,100.79465053531914
2025-11-15,,,,,incompleta-v4,,,,
2025-11-16,,,,,incompleta-v4,,,,
2025-11-17,-1.172544810594062,-0.16373862657059887,0.7375965707948401,102.88272740237124,35-20-20-10-15-v4-full,-0.32465441666365347,-0.5725107527809504,0.9651972844672204,100.55418129690383
2025-11-18,-1.1467443615251434,-0.14330490905895008,0.737354427081079,103.05415848487465,35-20-20-10-15-v4-full,-0.34817889245776534,-0.6579615623349155,1.0021479484897682,100.22241905346496
2025-11-19,-1.1493440311470904,-0.0025270867503642824,0.6880859081258822,103.48499963304418,35-20-20-10-15-v4-full,-0.32123335286420607,-0.45847045191872665,0.9401667964725265,100.95974000366407
2025-11-20,-1.1813952969117811,-0.018205719863300857,0.6604805536388076,103.24109228419833,35-20-20-10-15-v4-full,-0.40908088305366674,-0.5997726364474459,0.9576401149483861,100.13074820607572
2025-11-21,-1.4238551740657035,-0.34394694737569137,0.5207455624071166,100.74018032603081,35-20-20-10-15-v4-full,-0.5825356344591947,-0.7646273014554488,0.7746842140830953,98.40684816396114
2025-11-22,,,,,incompleta-v4,,,,
2025-11-23,,,,,incompleta-v4,,,,
2025-11-24,,,,,incompleta-v4,,,,
2025-11-25,-1.2540092604028852,-0.26430178169175095,0.5234207382208912,101.65990962612088,35-20-20-10-15-v4-full,-0.3065562888259362,-0.43465351940196795,0.6960727230807895,100.4961422743857
2025-11-26,-1.2680619447284416,-0.3000880715893506,0.526390524624642,101.47500453740041,35-20-20-10-15-v4-full,-0.28920548128986445,-0.3960459806563946,0.6717516142564491,100.6504974836834
2025-11-27,-1.2453223029271643,-0.06776377153118973,0.525104449587425,102.48067529634447,35-20-20-10-15-v4-full,,,,
2025-11-28,-1.221926480220806,-0.1670292933956461,0.5221709100906378,102.15816473961694,35-20-20-10-15-v4-full,-0.2231483040416008,-0.2140030959607933,0.6471929822799923,101.54847256289358
2025-11-29,,,,,incompleta-v4,,,,
2025-11-30,,,,,incompleta-v4,,,,
2025-12-01,-1.2073075780934936,-0.12117658045266266,0.5304716056293535,102.41349348768125,35-20-20-10-15-v4-full,-0.22692232254371258,-0.20255544247777113,0.6741571840799848,101.64846461656826
2025-12-02,-1.2028507719879433,-0.2585795025007853,0.5529228866418456,101.93560882338942,35-20-20-10-15-v4-full,-0.20612810707466234,-0.2969676147718403,0.6834311036178806,101.3667804803784
2025-12-03,-1.172694953280808,-0.061869479844101766,0.5605399837690637,102.84703702230918,35-20-20-10-15-v4-full,-0.1626138721255037,-0.0642700813917585,0.6814938099554767,102.44502720206476
2025-12-04,-1.1600284466528854,-0.12687276581695642,0.5764163099249581,102.67104746700522,35-20-20-10-15-v4-full,-0.14127379934753215,-0.10238741284247385,0.6921489777478558,102.39388605046575
2025-12-05,-1.1551677152959914,0.04606697551175307,0.5713912124660012,103.3672562484218,35-20-20-10-15-v4-full,-0.12613477752898605,0.10211161498894594,0.6800600083389122,103.23464631463399
2025-12-06,,,,,incompleta-v4,,,,
2025-12-07,,,,,incompleta-v4,,,,
2025-12-08,,,,,incompleta-v4,,,,
2025-12-09,-1.1313633595795332,0.16625076354282767,0.7375246157617908,104.34664015379317,35-20-20-10-15-v4-full,-0.1347440097987349,0.1571232122861187,0.8830233188135359,103.93196866706512
2025-12-10,-1.1300727620560365,0.27240712913858345,0.741411419722153,104.78549971740934,35-20-20-10-15-v4-full,-0.10459731351078805,0.33605881865742926,0.8605103691201299,104.69694215532466
2025-12-11,-1.1384053606592075,0.10354987651357195,0.7372897649055435,104.07060247475667,35-20-20-10-15-v4-full,-0.089934695233022,0.23058886716857885,0.8355283211083137,104.26392639331189
2025-12-12,-1.1416352977689719,0.01901052792828975,0.7536694689125822,103.76208956054896,35-20-20-10-15-v4-full,-0.11255245439215811,0.10614965760062607,0.872980761872203,103.78063849989283
2025-12-13,,,,,incompleta-v4,,,,
2025-12-14,,,,,incompleta-v4,,,,
2025-12-15,-1.169187874648465,0.02567023234863569,0.8638596753329544,103.96776987520305,35-20-20-10-15-v4-full,-0.15633962527264722,0.07950698903248847,1.0010055282944248,103.84087464359413
2025-12-16,-1.2070646338444033,0.2890033869694436,0.8793752383995509,104.92732274416699,35-20-20-10-15-v4-full,-0.19216006981979872,0.353371647981887,1.0146862347468608,104.84516348960778
2025-12-17,-1.2211471503621334,0.09378231038079854,0.9516404782383421,104.27781272959733,35-20-20-10-15-v4-full,-0.23116203142066238,0.10185736103593362,1.1160051518622185,103.95589676900934
2025-12-18,-1.1763549772438096,0.3101765745957745,0.9472894896806471,105.28928492097714,35-20-20-10-15-v4-full,-0.16670728137981938,0.37282787346730795,1.0925231574157983,105.20666545776174
2025-12-19,-1.1594667399660772,0.09658257113074967,1.0165240079572642,104.66710403328064,35-20-20-10-15-v4-full,-0.1016148082851176,0.28705351125438794,1.1096333504121156,105.1341671472323
2025-12-20,,,,,incompleta-v4,,,,
2025-12-21,,,,,incompleta-v4,,,,
2025-12-22,-1.1524040625194345,0.1806458974749633,1.06112617786968,105.13958213450178,35-20-20-10-15-v4-full,-0.07351187495315648,0.4228527314353385,1.1325943279803652,105.8331267385386
2025-12-23,-1.1146059922846476,0.20108573841731178,1.375331064881675,106.13914696162291,35-20-20-10-15-v4-full,-0.03278649520373067,0.4338149156896177,1.4429474670672087,106.79539715239581
2025-12-24,-1.3429500037181035,0.14009427689728718,1.3771054871026036,105.10041313107804,35-20-20-10-15-v4-full,-0.2457677285929194,0.392699868348212,1.4284394384454207,105.84923257461355
2025-12-25,,,,,incompleta-v4,,,,
2025-12-26,-1.1246937122115404,0.1443987172224377,1.341645698594587,105.79287844138157,35-20-20-10-15-v4-full,-0.02949160169827758,0.3881376664295256,1.3952292971183982,106.5049248577525
2025-12-27,,,,,incompleta-v4,,,,
2025-12-28,,,,,incompleta-v4,,,,
2025-12-29,-1.1196149318851234,0.13030629324919496,1.3351912045271397,105.73814824146244,35-20-20-10-15-v4-full,-0.037169330961603464,0.3444486913137892,1.4042065125605936,106.32573994347341
2025-12-30,-1.120800420504641,0.31754577928019156,1.246365518470737,106.26089276027712,35-20-20-10-15-v4-full,-0.03966995576016363,0.5322773488922773,1.3155210344290007,106.84658869166341
2025-12-31,,,,,incompleta-v4,,,,
2026-01-01,,,,,incompleta-v4,,,,
2026-01-02,-1.1981995415436502,0.07058208516510481,1.2384612391480354,104.98238036187348,35-20-20-10-15-v4-full,-0.11959897669930108,0.28279577546384804,1.3099716113775899,105.5550372670342
2026-01-03,,,,,incompleta-v4,,,,
2026-01-04,,,,,incompleta-v4,,,,
2026-01-05,-1.1552901951988552,0.1382204141046426,1.2036753246838663,105.316151603678,35-20-20-10-15-v4-full,-0.08412612068863279,0.3315173727737588,1.2843643612749074,105.81006052705446
2026-01-06,-1.142954338725941,0.20546615173413577,1.1646919067656631,105.53085150705566,35-20-20-10-15-v4-full,-0.0665157379035557,0.4089958157765474,1.2389587948158818,106.06809672266583
2026-01-07,-1.1275708177626567,0.2703379290191077,0.8166371188866038,104.9740439698694,35-20-20-10-15-v4-full,-0.06494948062055128,0.44223319113051635,0.9091039346372887,105.38189097412574
2026-01-08,-1.1217970739615812,0.2032381722510176,0.8548890144729646,104.82148278506669,35-20-20-10-15-v4-full,-0.05860498168559447,0.37705456457826825,0.9492895774687763,105.24384632126781
2026-01-09,-1.1043451296671167,0.18828000335211012,1.0387961144628726,105.28249966447646,35-20-20-10-15-v4-full,-0.015084680215857071,0.41743919642487404,1.1033524099859453,105.94286298509124
2026-01-10,,,,,incompleta-v4,,,,
2026-01-11,,,,,incompleta-v4,,,,
2026-01-12,-1.0963715751144765,-0.2421181389150852,1.023691822426221,103.5510538062503,35-20-20-10-15-v4-full,-0.02105469485871181,-0.04179129439137602,1.105865268393185,104.09132811659434
2026-01-13,-1.0846203723644505,-0.22702438502971417,0.8844856737264922,103.30454265966755,35-20-20-10-15-v4-full,-0.029574426788174124,-0.06670111231925305,0.9922367859595727,103.67779857704569
2026-01-14,-1.0617422339730382,-0.2490461328455261,0.6371076874160279,102.67808418699808,35-20-20-10-15-v4-full,-0.025006633552191015,-0.1255408404511542,0.7686782735161712,102.89953065973552
2026-01-15,-1.0294867326173591,-0.18971644021996126,0.605879227069263,102.9502260613783,35-20-20-10-15-v4-full,0.030385389539014707,-0.01664390804365684,0.7017748986202322,103.36173203294489
2026-01-16,-1.012943153300476,-0.15261432740528025,0.6087588886288636,103.16373619414512,35-20-20-10-15-v4-full,0.04606027988804384,0.023355541155253845,0.7006140542727353,103.57368983509339
2026-01-17,,,,,incompleta-v4,,,,
2026-01-18,,,,,incompleta-v4,,,,
2026-01-19,-1.0011079986354328,-0.11924377980039333,0.6154842711891484,103.35545488229303,35-20-20-10-15-v4-full,,,,
2026-01-20,-1.0027770682980588,-0.2594466669547482,0.6199225206707827,102.79989721356051,35-20-20-10-15-v4-full,-0.050600117492845875,-0.28654794309384407,0.8555130866276067,102.38301208815106
2026-01-21,-0.9762222958679512,-0.1987361800465469,0.6194087481628286,103.1343964334288,35-20-20-10-15-v4-full,0.05881653260987263,-0.05864790788064081,0.7426903521944037,103.39551366828037
2026-01-22,-0.9430400729072432,-0.15914977813861828,0.6094834837805179,103.38406666046723,35-20-20-10-15-v4-full,0.12849828563936316,0.0511571256308693,0.6864170037910919,103.93793656692135
2026-01-23,-0.9632728978986951,0.0685449439750214,0.5970385989425789,104.19291844935685,35-20-20-10-15-v4-full,0.09867815358852128,0.26343249342012187,0.6875036144057708,104.68538410243711
2026-01-24,,,,,incompleta-v4,,,,
2026-01-25,,,,,incompleta-v4,,,,
2026-01-26,-0.9639017011237314,0.12208377125264155,0.5884971972697629,104.38351944299767,35-20-20-10-15-v4-full,0.09799355367216922,0.31955096359805213,0.6789326655080177,104.88603451119722
2026-01-27,-0.9415777975229775,0.21889310681930857,0.5858349950675584,104.84223494236146,35-20-20-10-15-v4-full,0.11559805622189578,0.41156938343285565,0.6812026294817592,105.32139885939483
2026-01-28,-0.9301258202488036,0.09447658608703113,0.5841253581864605,104.3803766876892,35-20-20-10-15-v4-full,0.1270526366181286,0.2926898665999405,0.6777721116366261,104.87739552883716
2026-01-29,-0.9276559806038405,0.0951380042861896,0.6107539162533863,104.45823819441053,35-20-20-10-15-v4-full,0.11685967445371159,0.26916387234953854,0.7215574568869872,104.857079547386
2026-01-30,-0.9299628494437874,0.0937348400231292,0.6033264523041822,104.42598283654547,35-20-20-10-15-v4-full,0.10134579986778336,0.2440443102549501,0.7338508376064169,104.73303618975547
2026-01-31,,,,,incompleta-v4,,,,
2026-02-01,,,,,incompleta-v4,,,,
2026-02-02,-0.9195686278619516,0.11827548764912169,0.43816755804529156,104.14762796693863,35-20-20-10-15-v4-full,0.1401837333944721,0.32833633753214375,0.5280820675961245,104.69171514118192
2026-02-03,-0.9284252562006594,-0.05407761453821344,0.4014805221642136,103.33549976930112,35-20-20-10-15-v4-full,0.08999410643119543,0.07816860303612172,0.5527300855559519,103.57700055372592
2026-02-04,-0.9161598095940071,0.11416580255138911,0.7423001044993414,104.90345145662063,35-20-20-10-15-v4-full,0.08660859713106084,0.2185366495596464,0.9167354758486334,105.03663693300126
2026-02-05,-0.9074028696486567,0.19715874343380013,0.5754102018586519,104.84884775335728,35-20-20-10-15-v4-full,0.018362981713317073,0.14833351497872818,0.865232537508708,104.38820739486567
2026-02-06,-0.8577456260686604,0.2017783829549896,0.5645401166998227,105.01395145107496,35-20-20-10-15-v4-full,0.10459141797983551,0.22845529173390788,0.7986721651971722,104.84409309804036
2026-02-07,,,,,incompleta-v4,,,,
2026-02-08,,,,,incompleta-v4,,,,
2026-02-09,-0.8047681482322515,0.38913099908741133,0.5634828313120931,105.94613987456275,35-20-20-10-15-v4-full,0.23355055071297814,0.5701783394554153,0.6806786354865278,106.36735842921578
2026-02-10,-0.7581533919388774,0.49798291218639235,0.6140921562993386,106.6712224864536,35-20-20-10-15-v4-full,0.27004736081488667,0.6606753008291022,0.7444340714296983,107.01647369992513
2026-02-11,-0.76258618362617,0.5075707603277526,0.4238387496759661,106.21842559155508,35-20-20-10-15-v4-full,0.26991171165953964,0.6796877414364115,0.5449632325357674,106.59337159307583
2026-02-12,-0.7208434253048462,0.21005205184470196,-0.06028447589792547,103.96414234781278,35-20-20-10-15-v4-full,0.23430174535573822,0.22764248790499797,0.18135543315407485,103.75153619843263
2026-02-13,-0.7379102690027723,0.325489056642973,-0.07992971105214743,104.31704332617757,35-20-20-10-15-v4-full,0.22413037013438575,0.3585912228437934,0.15243488418196904,104.16742995248282
2026-02-14,,,,,incompleta-v4,,,,
2026-02-15,,,,,incompleta-v4,,,,
2026-02-16,,,,,incompleta-v4,,,,
2026-02-17,,,,,incompleta-v4,,,,
2026-02-18,-0.7150396535555126,0.22797079892963512,-0.18319998077853358,103.74884177507366,35-20-20-10-15-v4-full,0.27344966440259044,0.3165901386985152,0.010362738530011212,103.81686278171053
2026-02-19,-0.695164838435587,0.43079574775557594,-0.18946374950821823,104.61404400147295,35-20-20-10-15-v4-full,0.27928858922154076,0.49221587866656047,0.02635018409378831,104.57977059235849
2026-02-20,-0.6517940026316817,0.3327313262042084,-0.18235220926826334,104.39136309118103,35-20-20-10-15-v4-full,0.3521063240360649,0.4567117861258986,-0.01179402238902827,104.59725577783962
2026-02-21,,,,,incompleta-v4,,,,
2026-02-22,,,,,incompleta-v4,,,,
2026-02-23,-0.6078470464812568,0.1459820878654559,-0.25265849629943093,103.6224147667746,35-20-20-10-15-v4-full,0.3484509249632336,0.1755311345688953,-0.01053275642888235,103.46289243975707
2026-02-24,-0.6359768567355321,0.0982494785780619,-0.25289654020394636,103.33243488397378,35-20-20-10-15-v4-full,0.3578689625116137,0.20801887538880773,-0.0682342393206091,103.48155282722674
2026-02-25,-0.6988419345197996,0.12903380019321337,-0.2474403525998115,103.24918486719977,35-20-20-10-15-v4-full,0.3364990822003977,0.3249499923090703,-0.12595503470023084,103.73018072536948
2026-02-26,-0.7289606355005472,-0.010844290246419308,-0.23009959765686533,102.627608939366,35-20-20-10-15-v4-full,0.28902620378984123,0.15114854109028247,-0.082766488206892,102.97679121229072
2026-02-27,-0.6724916911732832,0.007602428813496986,-0.39272777707168965,102.49246667221402,35-20-20-10-15-v4-full,0.31457667817821633,0.10920476246386332,-0.19862408954380323,102.60879875480208
2026-02-28,,,,,incompleta-v4,,,,
2026-03-01,,,,,incompleta-v4,,,,
2026-03-02,-0.6449828623219902,0.06860848194218022,-0.3957385020991907,102.82524497313953,35-20-20-10-15-v4-full,0.3027930105708332,0.09327816242926613,-0.14212901557815283,102.64508720295197
2026-03-03,-0.73111418233334,-0.006911506132423806,-0.3818978206520338,102.25630710441928,35-20-20-10-15-v4-full,0.1644833576124849,-0.08373209371986243,-0.049067053145022244,101.68561729908407
2026-03-04,-0.6630635678683976,0.02795864431584308,-0.34385726512273723,102.72906624566289,35-20-20-10-15-v4-full,0.29380140256765563,0.07575764126042074,-0.10460646697264686,102.63734086177924
2026-03-05,-0.6850465817748912,-0.049059799403279813,-0.371614593317333,102.27465860162718,35-20-20-10-15-v4-full,0.20669530494310762,-0.12461178060549633,-0.03437819117799312,101.70656252211629
2026-03-06,-0.7060448684441668,-0.03668181814403755,-0.3622607026840317,102.27406124990493,35-20-20-10-15-v4-full,0.043533923997764346,-0.37463596012606654,0.1880359506143296,100.69143632520611
2026-03-07,,,,,incompleta-v4,,,,
2026-03-08,,,,,incompleta-v4,,,,
2026-03-09,-0.7143077486966165,0.094106989936802,-0.32591041939338017,102.85917210957135,35-20-20-10-15-v4-full,0.13695163751631267,-0.04712802240428371,0.07031847702138305,102.0341363894258
2026-03-10,-0.6300769174147498,0.2244021153233211,-0.3283193609255792,103.66913816677346,35-20-20-10-15-v4-full,0.23715963283549824,0.11427274801094661,0.043395191685567214,102.96315924136432
2026-03-11,-0.6082312844171235,0.2843015292944459,-0.3442530766370031,103.9453612488711,35-20-20-10-15-v4-full,0.27683970597940233,0.21055362027520746,0.00013359419723502075,103.3790089927042
2026-03-12,-0.6120431853442084,-0.12890406432281928,-0.3748136625980992,102.20279575625449,35-20-20-10-15-v4-full,0.19364694727235576,-0.33129796170549586,0.08435775681147334,101.13098841584232
2026-03-13,-0.6069607842993039,0.26030195689691504,-0.07060716566784156,104.53792448711624,35-20-20-10-15-v4-full,0.20212406802345007,0.07055886617920792,0.3776478680576407,103.50131092812539
2026-03-14,,,,,incompleta-v4,,,,
2026-03-15,,,,,incompleta-v4,,,,
2026-03-16,-0.5854018621590806,0.2498681927503523,0.2556649047811217,105.38732583414318,35-20-20-10-15-v4-full,0.3215044029072376,0.22563958144053972,0.558429420274713,104.99141884180665
2026-03-17,-0.5784919343935403,0.29297342552566064,0.24631120011968294,105.56054725077021,35-20-20-10-15-v4-full,0.3596693038768446,0.32080238928017346,0.5000329418084779,105.35965603039323
2026-03-18,-0.5665469026132626,0.3842995927768225,0.3646761308487716,106.26357185782855,35-20-20-10-15-v4-full,0.3000521068096118,0.30090481846895967,0.7123712112603988,105.60225123104286
2026-03-19,-0.5619789622593199,0.42706151332883685,0.3617160917500713,106.44320723352865,35-20-20-10-15-v4-full,0.33351122391259114,0.3906200528362468,0.6645661896591155,105.95870652436922
2026-03-20,-0.5232989523169953,0.18947554175608383,0.342263994701917,105.57961313941539,35-20-20-10-15-v4-full,0.30131224717392613,0.046783996504397185,0.7348538899971078,104.64638513130147
2026-03-21,,,,,incompleta-v4,,,,
2026-03-22,,,,,incompleta-v4,,,,
2026-03-23,-0.4508736839304327,0.23969735672613157,0.46848587377259376,106.34954353632524,35-20-20-10-15-v4-full,0.39175263048954456,0.13013565816804987,0.8276450338730658,105.52831097925065
2026-03-24,,,,,incompleta-v4,,,,
2026-03-25,-0.4666037758871274,0.21020632471563486,0.47325088789067415,106.18843662173003,35-20-20-10-15-v4-full,0.40048030449993766,0.1433096972339892,0.7922501190838853,105.52306670757783
2026-03-26,-0.4104701758850211,0.27309980817654445,0.45287637011884285,106.58554186115146,35-20-20-10-15-v4-full,0.40132063080000324,0.12656035093760376,0.8317221400093977,105.5576905167563
2026-03-27,-0.43290823029584347,0.16429649684253145,0.45395371501073206,106.07448878760725,35-20-20-10-15-v4-full,0.2849720548924473,-0.11431032184668821,0.9316044488804178,104.43669358212023
2026-03-28,,,,,incompleta-v4,,,,
2026-03-29,,,,,incompleta-v4,,,,
2026-03-30,-0.47136582455517184,0.24459387448762746,0.8249503513334986,107.1885683090869,35-20-20-10-15-v4-full,0.2583456012868905,-0.005612263181580562,1.26428820396406,105.61000261687032
2026-03-31,-0.40417277017535475,0.3551835134946891,0.8238996602125169,107.86347582764206,35-20-20-10-15-v4-full,0.46691247595780816,0.31793171965425143,1.0897911064994101,107.19791986590023
2026-04-01,-0.4134704640467113,0.3782056105505729,0.7789606088434176,107.81067465889309,35-20-20-10-15-v4-full,0.4738592826235667,0.3708311819896457,1.0138941592983732,107.24408917056938
2026-04-02,,,,,incompleta-v4,,,,
2026-04-03,,,,,incompleta-v4,,,,
2026-04-04,,,,,incompleta-v4,,,,
2026-04-05,,,,,incompleta-v4,,,,
2026-04-06,-0.39437970362405206,0.36653513948866,0.7793673134961394,107.83182719775655,35-20-20-10-15-v4-full,0.500996422240517,0.37723971989910465,0.9936084938741242,107.31398914730592
2026-04-07,-0.40272440749465166,0.5023011960788321,0.8401469178025148,108.49763397133609,35-20-20-10-15-v4-full,0.44676452813837625,0.44821292179966676,1.0872268618536765,107.64211624549955
2026-04-08,-0.35120729742674806,0.5744750520252897,0.8287389304811263,108.9381193120561,35-20-20-10-15-v4-full,0.6190249057668067,0.6841939243772973,0.9493653593384956,108.84429782122163
2026-04-09,-0.3027060550593439,0.694652953956705,0.8452154306773779,109.62977651855832,35-20-20-10-15-v4-full,0.7053979466312517,0.8597088795973008,0.9217047680991195,109.77951180702875
2026-04-10,-0.2397489557243098,0.660922029166347,0.8419697440174075,109.70708845041958,35-20-20-10-15-v4-full,0.7691245409283156,0.821278506398839,0.9103318391961598,109.82040107201723
2026-04-11,,,,,incompleta-v4,,,,
2026-04-12,,,,,incompleta-v4,,,,
2026-04-13,-0.10789578054554202,0.8449380631874105,0.8403209472731366,110.90051670776884,35-20-20-10-15-v4-full,0.8977876546554412,1.001668169267238,0.9023271424707535,110.97226887972225
2026-04-14,-0.13911612134598506,0.911216505602388,0.9210921704696547,111.25828734261849,35-20-20-10-15-v4-full,0.8856761985872407,1.1182209520513051,0.9567976458627958,111.53226617309993
2026-04-15,-0.13716051561733797,0.732800469186833,0.9583354033935505,110.64457589931628,35-20-20-10-15-v4-full,0.8882673493938845,0.9490923906575718,0.9854310347422954,110.93640442754699
2026-04-16,-0.04792172304510961,0.9618654276575352,0.9522425989740455,111.85793949615312,35-20-20-10-15-v4-full,0.9797499747214509,1.1929281086891879,0.9684896697563873,112.18958307585518
2026-04-17,-0.07242210566831439,1.19450309451291,0.9084518598033794,112.59326197646674,35-20-20-10-15-v4-full,0.9661897758152057,1.4646278786805098,0.9044204342389044,113.06874837085489
2026-04-18,,,,,incompleta-v4,,,,
2026-04-19,,,,,incompleta-v4,,,,
2026-04-20,-0.13577440590102188,1.0280265350546047,0.897735967560735,111.67883295721242,35-20-20-10-15-v4-full,0.8452536544496405,1.1360719450127463,0.9452357588990232,111.43328652305466
2026-04-21,-0.11530630731993892,1.0042415319381701,0.8947129912199472,111.64777384892851,35-20-20-10-15-v4-full,0.8358459351929214,1.0323293073181055,0.9653184616684912,111.03559571180125
2026-04-22,-0.11369000810463462,0.928625407525581,0.8754702242583584,111.30285948112775,35-20-20-10-15-v4-full,0.8524778836868192,1.0095928679412298,0.9228940255389748,110.8968006836986
2026-04-23,-0.22867485150438258,1.0085875711566625,0.6126554974602303,110.56322436675764,35-20-20-10-15-v4-full,0.7144394795948039,1.0294366270035737,0.6773355087799221,109.87914501372829
2026-04-24,-0.18427840492545167,0.7358330929752346,0.6080653199493361,109.61611857328094,35-20-20-10-15-v4-full,0.7773992033864903,0.823457945262131,0.6478470597526985,109.20186819746536
2026-04-25,,,,,incompleta-v4,,,,
2026-04-26,,,,,incompleta-v4,,,,
2026-04-27,-0.42980596936961535,0.7184274962002095,0.6434783436149973,108.77568226979042,35-20-20-10-15-v4-full,0.5567469240237453,0.8855089147233595,0.6524528824447691,108.68930365427084
2026-04-28,-0.4043734980609552,0.6995098834388531,0.6598756563232037,108.83001875009583,35-20-20-10-15-v4-full,0.5908850462828898,0.8846718224058023,0.6585810054461841,108.82075902041116
2026-04-29,-0.3327015252900167,0.9351138495181692,0.6420228582857709,109.9786545240178,35-20-20-10-15-v4-full,0.5902076083470702,0.9932534606138881,0.6831273573731548,109.31408042028556
2026-04-30,-0.33284644660836504,0.5632583318462955,0.626740110011892,108.45251835803138,35-20-20-10-15-v4-full,0.7638381211720451,0.8526510919805474,0.5824021661293071,109.10756476252999
2026-05-01,,,,,incompleta-v4,,,,
2026-05-02,,,,,incompleta-v4,,,,
2026-05-03,,,,,incompleta-v4,,,,
2026-05-04,-0.3697023426716295,0.5391900536880623,0.5879877046080636,108.13036859566745,35-20-20-10-15-v4-full,0.5676267843209949,0.6477706623835443,0.6024556684299072,107.6514371209148
2026-05-05,-0.3170457154069232,0.6521521594752728,0.5747785525574224,108.73349233411616,35-20-20-10-15-v4-full,0.7277712445317545,0.8662676314680449,0.5518531943994335,108.95942442291428
2026-05-06,-0.2626983162461001,0.8120037673289994,0.5563054211653758,109.51693183411383,35-20-20-10-15-v4-full,0.7797875790036549,1.019141768652651,0.5336667222049086,109.70751196181804
2026-05-07,-0.3016151495869845,0.7650241441806288,0.5336646493303605,109.13620249523971,35-20-20-10-15-v4-full,0.7825972654346728,1.001662133439328,0.5010129007229328,109.56579276976838
2026-05-08,-0.3089799297147165,0.8208712456981228,0.48827515664304005,109.22034043914434,35-20-20-10-15-v4-full,0.7519886277268835,1.0382255932827924,0.45817180986952116,109.49781365003145
2026-05-11,-0.25475636165040216,0.7906207692207284,0.47137619135085324,109.2468736082294,35-20-20-10-15-v4-full,0.6078418716575777,0.866214019447371,0.45887694295897197,108.30701654117081
2026-05-12,-0.20674798048301865,0.784800529782401,0.44494162495741896,109.32553556857833,35-20-20-10-15-v4-full,0.7150944238809623,0.9024185860403469,0.41839972850201507,108.72602570418218
2026-05-13,-0.22904355408252458,0.8523471687722566,0.46848637365380247,109.57654948868044,35-20-20-10-15-v4-full,0.7102919011797878,0.9819118219134813,0.433697326440056,109.0654338130657
2026-05-14,-0.23217057526288792,0.8302003049083307,0.501517775880129,109.55959596465928,35-20-20-10-15-v4-full,0.8006911306200026,1.0276760580333453,0.4706918174687787,109.65737428815771
2026-05-15,-0.22610467332749445,0.686588099249918,0.43693101039745347,108.84491088509283,35-20-20-10-15-v4-full,0.6209037427601596,0.7499107483115548,0.36712195779341633,107.6581325425727
2026-05-18,-0.20874081921829338,0.5253448631402521,0.46788446739116224,108.33809507252064,35-20-20-10-15-v4-full,0.7328178041076103,0.6590739456733874,0.4078865061879379,107.78839591772241
2026-05-19,-0.16957518187968484,0.6187500267639481,0.39484995020890684,108.66620916474491,35-20-20-10-15-v4-full,0.7348022407697259,0.7244791193652876,0.3151857077095784,107.82521014461152
2026-05-20,-0.1463113288463138,0.7635325658058316,0.33770559226876445,109.18390191167889,35-20-20-10-15-v4-full,0.8507570360789083,0.9386853756068302,0.2806571724854294,109.00155561509945
2026-05-21,,,,,incompleta-v4,,,,
2026-05-22,,,,,incompleta-v4,,,,
2026-05-25,,,,,incompleta-v4,,,,
2026-05-26,,,,,incompleta-v4,,,,
2026-05-27,,,,,incompleta-v4,,,,
2026-05-28,,,,,incompleta-v4,,,,
2026-05-29,-0.38628248812894384,0.8251930353769804,0.33154236761528955,108.5752366708406,35-20-20-10-15-v4-full,0.9034532158335578,1.1831288823115447,0.389809443539061,110.43664694869366
2026-06-01,-0.44476645892259253,0.7888713368889764,0.4924705275859249,108.6275763790374,35-20-20-10-15-v4-full,0.7308971411249513,1.0668114046539938,0.5058986609214293,109.65765382003926
2026-06-02,-0.39635222617373983,0.8856683400545379,0.4469443210470095,109.07039868997333,35-20-20-10-15-v4-full,0.8098922423777009,1.1832719029294185,0.4818196718627594,110.3397811948789
2026-06-03,-0.45372489541393435,0.8596887251958284,0.4285953721792346,108.71980351602838,35-20-20-10-15-v4-full,0.7046849606801481,1.1239991299524252,0.44162862600621244,109.63398700238812
2026-06-04,-0.4488048653338571,0.8643168633421827,0.4296944118503609,108.75828377307188,35-20-20-10-15-v4-full,0.7869931496461717,1.1819424144124089,0.4924679643718447,110.28093714752322
2026-06-05,-0.46627735868902487,0.9266045992548096,0.3219688460624901,108.67696707550962,35-20-20-10-15-v4-full,-0.000422326410886964,0.6714551771630537,-0.1256439136050061,103.93775433738398
2026-06-08,-0.4628180525185215,0.8571484420797498,0.3105037915511668,108.38258738212784,35-20-20-10-15-v4-full,0.33555368991930423,0.8447441764598438,0.0754275209015674,106.30950497799323
2026-06-09,-0.44444753781857604,0.8475064603751556,0.34646396271927626,108.49821668467955,35-20-20-10-15-v4-full,0.24212099241481277,0.7401700777929558,0.0267820711321628,105.44258051763646
2026-06-10,-0.37128992690065565,0.711175670681675,0.3598018303262385,108.24228983313576,35-20-20-10-15-v4-full,0.0354898561773519,0.3687851906799562,-0.15943978301511536,102.76827735698514
2026-06-11,-0.37476643025177275,0.9281405391539004,0.3637855349366088,109.10794080682167,35-20-20-10-15-v4-full,0.38217677288995444,0.8591767668868101,0.07598921470068287,106.53182036459617
2026-06-12,-0.3218297398683697,0.8861798549488321,0.3246386733519051,109.02750933238154,35-20-20-10-15-v4-full,0.6577079846793283,0.9933342809976545,0.18220789282102798,108.29835635760321
2026-06-15,,,,,incompleta-v4,,,,
2026-06-16,-0.3963511523096068,0.8399341357500129,-0.06254273526975744,107.61374799048778,35-20-20-10-15-v4-full,0.7398703243957132,1.0621127496232066,-0.10189475208255368,108.15078180885382
2026-06-17,-0.3595129827264405,0.7738444353185531,-0.0556331276743892,107.49559680129144,35-20-20-10-15-v4-full,0.5287370991253393,0.7945781984668772,-0.2692667014558962,105.92324744234884
2026-06-18,-0.48020617690590917,0.877507656784888,-0.058146073536893654,107.48154114287239,35-20-20-10-15-v4-full,0.6577245268099325,1.0906833917775454,-0.09845276493616312,107.98615905378692
2026-06-19,,,,,incompleta-v4,,,,
2026-06-22,,,,,incompleta-v4,,,,
2026-06-23,-0.2351424296652102,0.8548663552726393,-0.23417613394246378,107.80862390115192,35-20-20-10-15-v4-full,0.5356386456521074,0.763165612860647,-0.5324818229006947,105.1637147091556
2026-06-24,-0.41898570803247503,0.712433856064383,-0.37734342528897513,106.23752420166718,35-20-20-10-15-v4-full,0.4623688157987112,0.7024986887986595,-0.5994445125314068,104.49719588434398
2026-06-25,-0.39868356876699285,0.7378640469905116,-0.350584308643055,106.47720024441568,35-20-20-10-15-v4-full,0.45824580722796715,0.7011041993513789,-0.5879483520420982,104.50592779778053
2026-06-26,-0.6038109542976836,1.0598538066199106,-0.34160911191310755,107.06965142540074,35-20-20-10-15-v4-full,0.3147328782237675,1.068294582500485,-0.5343733072787783,105.60633169077056
2026-06-29,-0.5289504774315283,0.6465742247584911,-0.25912649711296765,105.88475130398695,35-20-20-10-15-v4-full,0.4804523334273544,0.7313656102016999,-0.38653062507033886,105.20824060030907
2026-06-30,-0.4856601812816721,0.6545074775645675,-0.23777098378869974,106.12138913504641,35-20-20-10-15-v4-full,0.6606146878520553,0.8585990948650482,-0.265175319708551,106.65113104285338
2026-07-01,-0.4431180767877789,0.6666813210763787,-0.21406611177444412,106.37824405485793,35-20-20-10-15-v4-full,0.6839558396706251,0.8549310166049018,-0.24922593088817152,106.75802623322875
2026-07-02,-0.377640690943879,0.7082675292026602,-0.20915529133700667,106.7860367889103,35-20-20-10-15-v4-full,0.7936564266198833,0.9386385294825351,-0.20509203259309564,107.58714308479937
2026-07-03,-0.37939045192992543,0.7684620290934397,-0.1929263725728263,107.06126292193271,35-20-20-10-15-v4-full,,,,
2026-07-06,-0.31333275657771537,0.7285919606329,-0.16396794766371087,107.20538064409607,35-20-20-10-15-v4-full,0.914391437574105,1.0126922022844456,-0.11064573588886584,108.54204605610737
2026-07-07,-0.29028584224736803,0.7689062654153134,-0.19403768361328236,107.37212772350802,35-20-20-10-15-v4-full,0.8705416403000141,0.9935272477661863,-0.18425452021547625,108.12788998675848
2026-07-08,-0.2447986949785229,0.7283998949617208,-0.09713210462717942,107.61157120459985,35-20-20-10-15-v4-full,0.8304545849118327,0.8771258403339504,-0.14707460168773023,107.61492945949027
2026-07-09,,,,,incompleta-v4,,,,
2026-07-10,-1.1815760204017036,-0.07218523127442153,-0.09124845538444847,101.14521918378098,35-20-20-10-15-v4-full,0.09235160205782922,0.24937262585937744,0.012635915224957259,102.91983245388468
2026-07-13,,,,,incompleta-v4,,,,
2026-07-14,,,,,incompleta-v4,,,,
2026-07-15,,,,,incompleta-v4,,,,
2026-07-16,,,,,incompleta-v4,,,,
2026-07-17,-0.09142172032183321,0.07190284942855177,-0.19891209055572015,105.26795246894424,35-20-20-10-15-v4-full,0.7807494745180972,0.022915667956401216,-0.3966909497391312,103.4000800134735
2026-07-20,-0.23675138595669987,0.13029399938627612,-0.20281471462827227,104.98310667887172,35-20-20-10-15-v4-full,0.6465681412665802,0.09208195406571384,-0.3871441536138035,103.23097748184375
2026-07-21,-0.20000018964686966,0.17103623604933388,-0.20178452700225416,105.27728028167341,35-20-20-10-15-v4-full,0.8534852143662435,0.2743896685010476,-0.2543052775724966,105.01651528553718
2026-07-22,-0.1635518145238467,0.1664499230498594,-0.15316246429106795,105.50805949938405,35-20-20-10-15-v4-full,0.9295874115842786,0.3043068165179388,-0.171246368628934,105.61018884022677
2026-07-23,-0.2537129354910471,0.015169450613408908,0.2664764832573459,105.63647105512409,35-20-20-10-15-v4-full,0.6172870341598059,-0.02876945890905462,0.0820259638101499,103.81801324863085
2026-07-24,-1.3298201278714803,0.06842082739476155,0.24143718991719518,102.02050315556761,35-20-20-10-15-v4-full,-0.4412113939022396,0.035910233779730016,0.06799919524326861,100.33692059975164
2026-07-27,-1.3401266428149836,0.12149766408155943,0.32525942206413005,102.40629328037987,35-20-20-10-15-v4-full,-0.4565543472820084,0.0818647142054658,0.14497851637486217,100.65948648745436
2026-07-28,-1.347574554821963,0.11456011206306077,0.5184761791695943,102.83551727304511,35-20-20-10-15-v4-full,-0.41062570165072565,0.11648641709132586,0.3756064855203807,101.53529348157109
2026-07-29,-1.225604264468881,0.07585421655268121,0.8959104276660073,104.05117532848041,35-20-20-10-15-v4-full,-0.5408586108528565,-0.1375056173247711,0.5467929187721797,100.49147624482875
2026-07-30,-1.0177690996484905,0.2630555731776825,0.8850068666690079,105.50014492935928,35-20-20-10-15-v4-full,0.045187620471434986,0.3652980203912049,0.832586242711901,105.26833591517698
2026-07-31,-1.1431445416624582,0.15513019993398888,0.8908674805719704,104.64428092409302,35-20-20-10-15-v4-full,0.03750897036700929,0.35017113004024325,0.924557100579391,105.41088022307636
2026-08-03,-1.2789568129792028,0.185464318238069,0.8418953721175566,104.16784417656471,35-20-20-10-15-v4-full,-0.08528655387559714,0.3863932232222467,0.8786070746648817,105.01110919616897
2026-08-04,-1.182751728044771,0.24285141988144424,0.6788888613395903,104.3265941034638,35-20-20-10-15-v4-full,-0.057232302266990054,0.3836454330179375,0.660140842585362,104.55214233578306
2026-08-05,-0.5597458212125599,0.1958277836962089,0.6868824726577205,106.33900426093092,35-20-20-10-15-v4-full,0.6333442055912766,0.3913146930136403,0.7172178079723969,107.1425295667374
2026-08-06,-0.6375929815934376,0.8839573911209071,0.6252944047468785,108.66508745951954,35-20-20-10-15-v4-full,0.6174848255353437,1.121904168723605,0.6997873299179732,109.96580344424544
2026-08-07,-0.5494039268485147,0.08789652723327848,0.636836036490793,105.81835977493604,35-20-20-10-15-v4-full,0.7210474093840735,0.3397610542730879,0.7234353189687945,107.25882000254097
2026-08-10,-0.47944488977958255,0.01451311201762051,0.6347614039894152,105.76449616256123,35-20-20-10-15-v4-full,0.7275664520335696,0.21740096327681852,0.6764902727838566,106.67483367236679
2026-08-11,-0.4241478335670631,0.011941791113784767,0.28048487821682916,105.06205926125824,35-20-20-10-15-v4-full,0.7922715418102269,0.22494031525506686,0.33451676067101555,106.07652511421597
2026-08-12,-0.45811333983888103,,0.2830838450671556,,incompleta-v4,0.789808787854644,-0.035644787624240004,0.365752942634161,105.10365551876207
